"image_path","label","split","patient_id","series_id","nodule_id"
"processed_data/series_0_nodule_0/slice_0.png","2","val","LIDC-IDRI-0001","0","0"
"processed_data/series_0_nodule_0/slice_1.png","2","val","LIDC-IDRI-0001","0","0"
"processed_data/series_0_nodule_0/slice_2.png","2","val","LIDC-IDRI-0001","0","0"
"processed_data/series_0_nodule_0/slice_3.png","2","val","LIDC-IDRI-0001","0","0"
"processed_data/series_0_nodule_0/slice_4.png","2","val","LIDC-IDRI-0001","0","0"
"processed_data/series_0_nodule_0/slice_5.png","2","val","LIDC-IDRI-0001","0","0"
"processed_data/series_0_nodule_0/slice_6.png","2","val","LIDC-IDRI-0001","0","0"
"processed_data/series_0_nodule_0/slice_7.png","2","val","LIDC-IDRI-0001","0","0"
"processed_data/series_2_nodule_0/slice_0.png","2","train","LIDC-IDRI-0003","2","0"
"processed_data/series_2_nodule_0/slice_1.png","2","train","LIDC-IDRI-0003","2","0"
"processed_data/series_2_nodule_0/slice_2.png","2","train","LIDC-IDRI-0003","2","0"
"processed_data/series_2_nodule_0/slice_3.png","2","train","LIDC-IDRI-0003","2","0"
"processed_data/series_2_nodule_0/slice_4.png","2","train","LIDC-IDRI-0003","2","0"
"processed_data/series_2_nodule_0/slice_5.png","2","train","LIDC-IDRI-0003","2","0"
"processed_data/series_2_nodule_0/slice_6.png","2","train","LIDC-IDRI-0003","2","0"
"processed_data/series_2_nodule_1/slice_0.png","1","train","LIDC-IDRI-0003","2","1"
"processed_data/series_2_nodule_1/slice_1.png","1","train","LIDC-IDRI-0003","2","1"
"processed_data/series_2_nodule_1/slice_2.png","1","train","LIDC-IDRI-0003","2","1"
"processed_data/series_2_nodule_1/slice_3.png","1","train","LIDC-IDRI-0003","2","1"
"processed_data/series_2_nodule_2/slice_0.png","2","train","LIDC-IDRI-0003","2","2"
"processed_data/series_2_nodule_2/slice_1.png","2","train","LIDC-IDRI-0003","2","2"
"processed_data/series_2_nodule_2/slice_2.png","2","train","LIDC-IDRI-0003","2","2"
"processed_data/series_2_nodule_2/slice_3.png","2","train","LIDC-IDRI-0003","2","2"
"processed_data/series_2_nodule_2/slice_4.png","2","train","LIDC-IDRI-0003","2","2"
"processed_data/series_3_nodule_0/slice_0.png","0","train","LIDC-IDRI-0004","3","0"
"processed_data/series_3_nodule_0/slice_1.png","0","train","LIDC-IDRI-0004","3","0"
"processed_data/series_3_nodule_0/slice_2.png","0","train","LIDC-IDRI-0004","3","0"
"processed_data/series_3_nodule_0/slice_3.png","0","train","LIDC-IDRI-0004","3","0"
"processed_data/series_4_nodule_0/slice_0.png","1","test","LIDC-IDRI-0005","4","0"
"processed_data/series_4_nodule_0/slice_1.png","1","test","LIDC-IDRI-0005","4","0"
"processed_data/series_4_nodule_1/slice_0.png","1","test","LIDC-IDRI-0005","4","1"
"processed_data/series_4_nodule_1/slice_1.png","1","test","LIDC-IDRI-0005","4","1"
"processed_data/series_4_nodule_1/slice_2.png","1","test","LIDC-IDRI-0005","4","1"
"processed_data/series_5_nodule_0/slice_0.png","1","train","LIDC-IDRI-0006","5","0"
"processed_data/series_5_nodule_0/slice_1.png","1","train","LIDC-IDRI-0006","5","0"
"processed_data/series_5_nodule_1/slice_0.png","1","train","LIDC-IDRI-0006","5","1"
"processed_data/series_5_nodule_2/slice_0.png","1","train","LIDC-IDRI-0006","5","2"
"processed_data/series_5_nodule_2/slice_1.png","1","train","LIDC-IDRI-0006","5","2"
"processed_data/series_5_nodule_2/slice_2.png","1","train","LIDC-IDRI-0006","5","2"
"processed_data/series_7_nodule_0/slice_0.png","1","val","LIDC-IDRI-0008","7","0"
"processed_data/series_7_nodule_0/slice_1.png","1","val","LIDC-IDRI-0008","7","0"
"processed_data/series_7_nodule_1/slice_0.png","1","val","LIDC-IDRI-0008","7","1"
"processed_data/series_7_nodule_1/slice_1.png","1","val","LIDC-IDRI-0008","7","1"
"processed_data/series_9_nodule_0/slice_0.png","1","train","LIDC-IDRI-0010","9","0"
"processed_data/series_9_nodule_0/slice_1.png","1","train","LIDC-IDRI-0010","9","0"
"processed_data/series_9_nodule_0/slice_2.png","1","train","LIDC-IDRI-0010","9","0"
"processed_data/series_9_nodule_0/slice_3.png","1","train","LIDC-IDRI-0010","9","0"
"processed_data/series_10_nodule_0/slice_0.png","1","val","LIDC-IDRI-0011","10","0"
"processed_data/series_10_nodule_0/slice_1.png","1","val","LIDC-IDRI-0011","10","0"
"processed_data/series_10_nodule_0/slice_2.png","1","val","LIDC-IDRI-0011","10","0"
"processed_data/series_10_nodule_0/slice_3.png","1","val","LIDC-IDRI-0011","10","0"
"processed_data/series_10_nodule_1/slice_0.png","0","val","LIDC-IDRI-0011","10","1"
"processed_data/series_10_nodule_1/slice_1.png","0","val","LIDC-IDRI-0011","10","1"
"processed_data/series_10_nodule_2/slice_0.png","0","val","LIDC-IDRI-0011","10","2"
"processed_data/series_10_nodule_2/slice_1.png","0","val","LIDC-IDRI-0011","10","2"
"processed_data/series_10_nodule_2/slice_2.png","0","val","LIDC-IDRI-0011","10","2"
"processed_data/series_10_nodule_3/slice_0.png","0","val","LIDC-IDRI-0011","10","3"
"processed_data/series_10_nodule_3/slice_1.png","0","val","LIDC-IDRI-0011","10","3"
"processed_data/series_10_nodule_3/slice_2.png","0","val","LIDC-IDRI-0011","10","3"
"processed_data/series_11_nodule_0/slice_0.png","1","train","LIDC-IDRI-0012","11","0"
"processed_data/series_11_nodule_0/slice_1.png","1","train","LIDC-IDRI-0012","11","0"
"processed_data/series_11_nodule_0/slice_2.png","1","train","LIDC-IDRI-0012","11","0"
"processed_data/series_11_nodule_1/slice_0.png","1","train","LIDC-IDRI-0012","11","1"
"processed_data/series_11_nodule_1/slice_1.png","1","train","LIDC-IDRI-0012","11","1"
"processed_data/series_11_nodule_1/slice_2.png","1","train","LIDC-IDRI-0012","11","1"
"processed_data/series_11_nodule_1/slice_3.png","1","train","LIDC-IDRI-0012","11","1"
"processed_data/series_11_nodule_2/slice_0.png","1","train","LIDC-IDRI-0012","11","2"
"processed_data/series_11_nodule_2/slice_1.png","1","train","LIDC-IDRI-0012","11","2"
"processed_data/series_11_nodule_2/slice_2.png","1","train","LIDC-IDRI-0012","11","2"
"processed_data/series_11_nodule_3/slice_0.png","1","train","LIDC-IDRI-0012","11","3"
"processed_data/series_11_nodule_3/slice_1.png","1","train","LIDC-IDRI-0012","11","3"
"processed_data/series_11_nodule_3/slice_2.png","1","train","LIDC-IDRI-0012","11","3"
"processed_data/series_11_nodule_4/slice_0.png","0","train","LIDC-IDRI-0012","11","4"
"processed_data/series_11_nodule_4/slice_1.png","0","train","LIDC-IDRI-0012","11","4"
"processed_data/series_11_nodule_4/slice_2.png","0","train","LIDC-IDRI-0012","11","4"
"processed_data/series_11_nodule_4/slice_3.png","0","train","LIDC-IDRI-0012","11","4"
"processed_data/series_11_nodule_5/slice_0.png","1","train","LIDC-IDRI-0012","11","5"
"processed_data/series_11_nodule_5/slice_1.png","1","train","LIDC-IDRI-0012","11","5"
"processed_data/series_11_nodule_5/slice_2.png","1","train","LIDC-IDRI-0012","11","5"
"processed_data/series_11_nodule_6/slice_0.png","1","train","LIDC-IDRI-0012","11","6"
"processed_data/series_11_nodule_6/slice_1.png","1","train","LIDC-IDRI-0012","11","6"
"processed_data/series_11_nodule_6/slice_2.png","1","train","LIDC-IDRI-0012","11","6"
"processed_data/series_11_nodule_7/slice_0.png","1","train","LIDC-IDRI-0012","11","7"
"processed_data/series_11_nodule_7/slice_1.png","1","train","LIDC-IDRI-0012","11","7"
"processed_data/series_11_nodule_7/slice_2.png","1","train","LIDC-IDRI-0012","11","7"
"processed_data/series_11_nodule_8/slice_0.png","1","train","LIDC-IDRI-0012","11","8"
"processed_data/series_11_nodule_8/slice_1.png","1","train","LIDC-IDRI-0012","11","8"
"processed_data/series_11_nodule_8/slice_2.png","1","train","LIDC-IDRI-0012","11","8"
"processed_data/series_11_nodule_9/slice_0.png","1","train","LIDC-IDRI-0012","11","9"
"processed_data/series_11_nodule_9/slice_1.png","1","train","LIDC-IDRI-0012","11","9"
"processed_data/series_11_nodule_9/slice_2.png","1","train","LIDC-IDRI-0012","11","9"
"processed_data/series_11_nodule_9/slice_3.png","1","train","LIDC-IDRI-0012","11","9"
"processed_data/series_11_nodule_9/slice_4.png","1","train","LIDC-IDRI-0012","11","9"
"processed_data/series_11_nodule_10/slice_0.png","1","train","LIDC-IDRI-0012","11","10"
"processed_data/series_11_nodule_10/slice_1.png","1","train","LIDC-IDRI-0012","11","10"
"processed_data/series_11_nodule_10/slice_2.png","1","train","LIDC-IDRI-0012","11","10"
"processed_data/series_12_nodule_0/slice_0.png","1","test","LIDC-IDRI-0013","12","0"
"processed_data/series_12_nodule_0/slice_1.png","1","test","LIDC-IDRI-0013","12","0"
"processed_data/series_12_nodule_0/slice_2.png","1","test","LIDC-IDRI-0013","12","0"
"processed_data/series_12_nodule_0/slice_3.png","1","test","LIDC-IDRI-0013","12","0"
"processed_data/series_12_nodule_1/slice_0.png","2","test","LIDC-IDRI-0013","12","1"
"processed_data/series_12_nodule_1/slice_1.png","2","test","LIDC-IDRI-0013","12","1"
"processed_data/series_12_nodule_1/slice_2.png","2","test","LIDC-IDRI-0013","12","1"
"processed_data/series_12_nodule_1/slice_3.png","2","test","LIDC-IDRI-0013","12","1"
"processed_data/series_12_nodule_1/slice_4.png","2","test","LIDC-IDRI-0013","12","1"
"processed_data/series_12_nodule_1/slice_5.png","2","test","LIDC-IDRI-0013","12","1"
"processed_data/series_12_nodule_1/slice_6.png","2","test","LIDC-IDRI-0013","12","1"
"processed_data/series_12_nodule_1/slice_7.png","2","test","LIDC-IDRI-0013","12","1"
"processed_data/series_12_nodule_1/slice_8.png","2","test","LIDC-IDRI-0013","12","1"
"processed_data/series_13_nodule_0/slice_0.png","2","train","LIDC-IDRI-0014","13","0"
"processed_data/series_13_nodule_0/slice_1.png","2","train","LIDC-IDRI-0014","13","0"
"processed_data/series_13_nodule_0/slice_2.png","2","train","LIDC-IDRI-0014","13","0"
"processed_data/series_13_nodule_0/slice_3.png","2","train","LIDC-IDRI-0014","13","0"
"processed_data/series_13_nodule_0/slice_4.png","2","train","LIDC-IDRI-0014","13","0"
"processed_data/series_15_nodule_0/slice_0.png","2","train","LIDC-IDRI-0016","15","0"
"processed_data/series_15_nodule_0/slice_1.png","2","train","LIDC-IDRI-0016","15","0"
"processed_data/series_15_nodule_0/slice_2.png","2","train","LIDC-IDRI-0016","15","0"
"processed_data/series_15_nodule_0/slice_3.png","2","train","LIDC-IDRI-0016","15","0"
"processed_data/series_15_nodule_0/slice_4.png","2","train","LIDC-IDRI-0016","15","0"
"processed_data/series_15_nodule_1/slice_0.png","1","train","LIDC-IDRI-0016","15","1"
"processed_data/series_15_nodule_1/slice_1.png","1","train","LIDC-IDRI-0016","15","1"
"processed_data/series_15_nodule_1/slice_2.png","1","train","LIDC-IDRI-0016","15","1"
"processed_data/series_15_nodule_1/slice_3.png","1","train","LIDC-IDRI-0016","15","1"
"processed_data/series_15_nodule_2/slice_0.png","1","train","LIDC-IDRI-0016","15","2"
"processed_data/series_15_nodule_2/slice_1.png","1","train","LIDC-IDRI-0016","15","2"
"processed_data/series_15_nodule_2/slice_2.png","1","train","LIDC-IDRI-0016","15","2"
"processed_data/series_15_nodule_3/slice_0.png","1","train","LIDC-IDRI-0016","15","3"
"processed_data/series_15_nodule_3/slice_1.png","1","train","LIDC-IDRI-0016","15","3"
"processed_data/series_15_nodule_4/slice_0.png","2","train","LIDC-IDRI-0016","15","4"
"processed_data/series_15_nodule_4/slice_1.png","2","train","LIDC-IDRI-0016","15","4"
"processed_data/series_15_nodule_4/slice_2.png","2","train","LIDC-IDRI-0016","15","4"
"processed_data/series_15_nodule_4/slice_3.png","2","train","LIDC-IDRI-0016","15","4"
"processed_data/series_15_nodule_4/slice_4.png","2","train","LIDC-IDRI-0016","15","4"
"processed_data/series_15_nodule_4/slice_5.png","2","train","LIDC-IDRI-0016","15","4"
"processed_data/series_16_nodule_0/slice_0.png","1","train","LIDC-IDRI-0017","16","0"
"processed_data/series_16_nodule_0/slice_1.png","1","train","LIDC-IDRI-0017","16","0"
"processed_data/series_16_nodule_0/slice_2.png","1","train","LIDC-IDRI-0017","16","0"
"processed_data/series_16_nodule_0/slice_3.png","1","train","LIDC-IDRI-0017","16","0"
"processed_data/series_16_nodule_0/slice_4.png","1","train","LIDC-IDRI-0017","16","0"
"processed_data/series_17_nodule_0/slice_0.png","1","train","LIDC-IDRI-0018","17","0"
"processed_data/series_17_nodule_0/slice_1.png","1","train","LIDC-IDRI-0018","17","0"
"processed_data/series_17_nodule_1/slice_0.png","1","train","LIDC-IDRI-0018","17","1"
"processed_data/series_17_nodule_1/slice_1.png","1","train","LIDC-IDRI-0018","17","1"
"processed_data/series_17_nodule_1/slice_2.png","1","train","LIDC-IDRI-0018","17","1"
"processed_data/series_17_nodule_1/slice_3.png","1","train","LIDC-IDRI-0018","17","1"
"processed_data/series_17_nodule_2/slice_0.png","1","train","LIDC-IDRI-0018","17","2"
"processed_data/series_17_nodule_2/slice_1.png","1","train","LIDC-IDRI-0018","17","2"
"processed_data/series_17_nodule_3/slice_0.png","2","train","LIDC-IDRI-0018","17","3"
"processed_data/series_17_nodule_3/slice_1.png","2","train","LIDC-IDRI-0018","17","3"
"processed_data/series_17_nodule_3/slice_2.png","2","train","LIDC-IDRI-0018","17","3"
"processed_data/series_17_nodule_3/slice_3.png","2","train","LIDC-IDRI-0018","17","3"
"processed_data/series_17_nodule_3/slice_4.png","2","train","LIDC-IDRI-0018","17","3"
"processed_data/series_17_nodule_3/slice_5.png","2","train","LIDC-IDRI-0018","17","3"
"processed_data/series_19_nodule_0/slice_0.png","1","train","LIDC-IDRI-0020","19","0"
"processed_data/series_19_nodule_0/slice_1.png","1","train","LIDC-IDRI-0020","19","0"
"processed_data/series_19_nodule_0/slice_2.png","1","train","LIDC-IDRI-0020","19","0"
"processed_data/series_19_nodule_0/slice_3.png","1","train","LIDC-IDRI-0020","19","0"
"processed_data/series_19_nodule_0/slice_4.png","1","train","LIDC-IDRI-0020","19","0"
"processed_data/series_19_nodule_0/slice_5.png","1","train","LIDC-IDRI-0020","19","0"
"processed_data/series_19_nodule_1/slice_0.png","1","train","LIDC-IDRI-0020","19","1"
"processed_data/series_19_nodule_1/slice_1.png","1","train","LIDC-IDRI-0020","19","1"
"processed_data/series_19_nodule_1/slice_2.png","1","train","LIDC-IDRI-0020","19","1"
"processed_data/series_19_nodule_1/slice_3.png","1","train","LIDC-IDRI-0020","19","1"
"processed_data/series_19_nodule_1/slice_4.png","1","train","LIDC-IDRI-0020","19","1"
"processed_data/series_19_nodule_1/slice_5.png","1","train","LIDC-IDRI-0020","19","1"
"processed_data/series_19_nodule_1/slice_6.png","1","train","LIDC-IDRI-0020","19","1"
"processed_data/series_20_nodule_0/slice_0.png","0","val","LIDC-IDRI-0021","20","0"
"processed_data/series_20_nodule_0/slice_1.png","0","val","LIDC-IDRI-0021","20","0"
"processed_data/series_20_nodule_0/slice_2.png","0","val","LIDC-IDRI-0021","20","0"
"processed_data/series_20_nodule_0/slice_3.png","0","val","LIDC-IDRI-0021","20","0"
"processed_data/series_20_nodule_0/slice_4.png","0","val","LIDC-IDRI-0021","20","0"
"processed_data/series_23_nodule_0/slice_0.png","1","val","LIDC-IDRI-0024","23","0"
"processed_data/series_23_nodule_0/slice_1.png","1","val","LIDC-IDRI-0024","23","0"
"processed_data/series_23_nodule_1/slice_0.png","1","val","LIDC-IDRI-0024","23","1"
"processed_data/series_23_nodule_1/slice_1.png","1","val","LIDC-IDRI-0024","23","1"
"processed_data/series_23_nodule_1/slice_2.png","1","val","LIDC-IDRI-0024","23","1"
"processed_data/series_23_nodule_1/slice_3.png","1","val","LIDC-IDRI-0024","23","1"
"processed_data/series_23_nodule_1/slice_4.png","1","val","LIDC-IDRI-0024","23","1"
"processed_data/series_23_nodule_2/slice_0.png","1","val","LIDC-IDRI-0024","23","2"
"processed_data/series_23_nodule_2/slice_1.png","1","val","LIDC-IDRI-0024","23","2"
"processed_data/series_23_nodule_2/slice_2.png","1","val","LIDC-IDRI-0024","23","2"
"processed_data/series_23_nodule_3/slice_0.png","0","val","LIDC-IDRI-0024","23","3"
"processed_data/series_23_nodule_3/slice_1.png","0","val","LIDC-IDRI-0024","23","3"
"processed_data/series_25_nodule_0/slice_0.png","0","test","LIDC-IDRI-0026","25","0"
"processed_data/series_25_nodule_0/slice_1.png","0","test","LIDC-IDRI-0026","25","0"
"processed_data/series_26_nodule_0/slice_0.png","1","train","LIDC-IDRI-0027","26","0"
"processed_data/series_26_nodule_0/slice_1.png","1","train","LIDC-IDRI-0027","26","0"
"processed_data/series_26_nodule_0/slice_2.png","1","train","LIDC-IDRI-0027","26","0"
"processed_data/series_26_nodule_1/slice_0.png","1","train","LIDC-IDRI-0027","26","1"
"processed_data/series_26_nodule_1/slice_1.png","1","train","LIDC-IDRI-0027","26","1"
"processed_data/series_26_nodule_1/slice_2.png","1","train","LIDC-IDRI-0027","26","1"
"processed_data/series_26_nodule_2/slice_0.png","1","train","LIDC-IDRI-0027","26","2"
"processed_data/series_26_nodule_2/slice_1.png","1","train","LIDC-IDRI-0027","26","2"
"processed_data/series_26_nodule_3/slice_0.png","1","train","LIDC-IDRI-0027","26","3"
"processed_data/series_26_nodule_3/slice_1.png","1","train","LIDC-IDRI-0027","26","3"
"processed_data/series_26_nodule_3/slice_2.png","1","train","LIDC-IDRI-0027","26","3"
"processed_data/series_26_nodule_3/slice_3.png","1","train","LIDC-IDRI-0027","26","3"
"processed_data/series_26_nodule_4/slice_0.png","1","train","LIDC-IDRI-0027","26","4"
"processed_data/series_26_nodule_4/slice_1.png","1","train","LIDC-IDRI-0027","26","4"
"processed_data/series_26_nodule_5/slice_0.png","1","train","LIDC-IDRI-0027","26","5"
"processed_data/series_26_nodule_5/slice_1.png","1","train","LIDC-IDRI-0027","26","5"
"processed_data/series_26_nodule_5/slice_2.png","1","train","LIDC-IDRI-0027","26","5"
"processed_data/series_26_nodule_5/slice_3.png","1","train","LIDC-IDRI-0027","26","5"
"processed_data/series_26_nodule_5/slice_4.png","1","train","LIDC-IDRI-0027","26","5"
"processed_data/series_29_nodule_0/slice_0.png","1","train","LIDC-IDRI-0030","29","0"
"processed_data/series_29_nodule_0/slice_1.png","1","train","LIDC-IDRI-0030","29","0"
"processed_data/series_29_nodule_0/slice_2.png","1","train","LIDC-IDRI-0030","29","0"
"processed_data/series_30_nodule_0/slice_0.png","2","train","LIDC-IDRI-0031","30","0"
"processed_data/series_30_nodule_0/slice_1.png","2","train","LIDC-IDRI-0031","30","0"
"processed_data/series_30_nodule_0/slice_2.png","2","train","LIDC-IDRI-0031","30","0"
"processed_data/series_30_nodule_1/slice_0.png","2","train","LIDC-IDRI-0031","30","1"
"processed_data/series_30_nodule_1/slice_1.png","2","train","LIDC-IDRI-0031","30","1"
"processed_data/series_30_nodule_1/slice_2.png","2","train","LIDC-IDRI-0031","30","1"
"processed_data/series_30_nodule_1/slice_3.png","2","train","LIDC-IDRI-0031","30","1"
"processed_data/series_30_nodule_1/slice_4.png","2","train","LIDC-IDRI-0031","30","1"
"processed_data/series_30_nodule_1/slice_5.png","2","train","LIDC-IDRI-0031","30","1"
"processed_data/series_30_nodule_1/slice_6.png","2","train","LIDC-IDRI-0031","30","1"
"processed_data/series_30_nodule_1/slice_7.png","2","train","LIDC-IDRI-0031","30","1"
"processed_data/series_30_nodule_2/slice_0.png","1","train","LIDC-IDRI-0031","30","2"
"processed_data/series_30_nodule_2/slice_1.png","1","train","LIDC-IDRI-0031","30","2"
"processed_data/series_30_nodule_2/slice_2.png","1","train","LIDC-IDRI-0031","30","2"
"processed_data/series_32_nodule_0/slice_0.png","1","train","LIDC-IDRI-0033","32","0"
"processed_data/series_32_nodule_0/slice_1.png","1","train","LIDC-IDRI-0033","32","0"
"processed_data/series_32_nodule_0/slice_2.png","1","train","LIDC-IDRI-0033","32","0"
"processed_data/series_33_nodule_0/slice_0.png","0","val","LIDC-IDRI-0034","33","0"
"processed_data/series_33_nodule_0/slice_1.png","0","val","LIDC-IDRI-0034","33","0"
"processed_data/series_33_nodule_0/slice_2.png","0","val","LIDC-IDRI-0034","33","0"
"processed_data/series_33_nodule_0/slice_3.png","0","val","LIDC-IDRI-0034","33","0"
"processed_data/series_35_nodule_0/slice_0.png","1","train","LIDC-IDRI-0036","35","0"
"processed_data/series_35_nodule_0/slice_1.png","1","train","LIDC-IDRI-0036","35","0"
"processed_data/series_35_nodule_0/slice_2.png","1","train","LIDC-IDRI-0036","35","0"
"processed_data/series_35_nodule_0/slice_3.png","1","train","LIDC-IDRI-0036","35","0"
"processed_data/series_35_nodule_0/slice_4.png","1","train","LIDC-IDRI-0036","35","0"
"processed_data/series_35_nodule_0/slice_5.png","1","train","LIDC-IDRI-0036","35","0"
"processed_data/series_36_nodule_0/slice_0.png","2","val","LIDC-IDRI-0037","36","0"
"processed_data/series_36_nodule_0/slice_1.png","2","val","LIDC-IDRI-0037","36","0"
"processed_data/series_36_nodule_0/slice_2.png","2","val","LIDC-IDRI-0037","36","0"
"processed_data/series_36_nodule_0/slice_3.png","2","val","LIDC-IDRI-0037","36","0"
"processed_data/series_36_nodule_0/slice_4.png","2","val","LIDC-IDRI-0037","36","0"
"processed_data/series_36_nodule_0/slice_5.png","2","val","LIDC-IDRI-0037","36","0"
"processed_data/series_38_nodule_0/slice_0.png","0","test","LIDC-IDRI-0039","38","0"
"processed_data/series_38_nodule_0/slice_1.png","0","test","LIDC-IDRI-0039","38","0"
"processed_data/series_38_nodule_0/slice_2.png","0","test","LIDC-IDRI-0039","38","0"
"processed_data/series_38_nodule_0/slice_3.png","0","test","LIDC-IDRI-0039","38","0"
"processed_data/series_38_nodule_0/slice_4.png","0","test","LIDC-IDRI-0039","38","0"
"processed_data/series_38_nodule_1/slice_0.png","0","test","LIDC-IDRI-0039","38","1"
"processed_data/series_38_nodule_1/slice_1.png","0","test","LIDC-IDRI-0039","38","1"
"processed_data/series_38_nodule_1/slice_2.png","0","test","LIDC-IDRI-0039","38","1"
"processed_data/series_38_nodule_2/slice_0.png","1","test","LIDC-IDRI-0039","38","2"
"processed_data/series_38_nodule_2/slice_1.png","1","test","LIDC-IDRI-0039","38","2"
"processed_data/series_38_nodule_2/slice_2.png","1","test","LIDC-IDRI-0039","38","2"
"processed_data/series_38_nodule_2/slice_3.png","1","test","LIDC-IDRI-0039","38","2"
"processed_data/series_38_nodule_2/slice_4.png","1","test","LIDC-IDRI-0039","38","2"
"processed_data/series_38_nodule_2/slice_5.png","1","test","LIDC-IDRI-0039","38","2"
"processed_data/series_38_nodule_3/slice_0.png","0","test","LIDC-IDRI-0039","38","3"
"processed_data/series_38_nodule_3/slice_1.png","0","test","LIDC-IDRI-0039","38","3"
"processed_data/series_38_nodule_3/slice_2.png","0","test","LIDC-IDRI-0039","38","3"
"processed_data/series_38_nodule_4/slice_0.png","0","test","LIDC-IDRI-0039","38","4"
"processed_data/series_38_nodule_4/slice_1.png","0","test","LIDC-IDRI-0039","38","4"
"processed_data/series_38_nodule_4/slice_2.png","0","test","LIDC-IDRI-0039","38","4"
"processed_data/series_39_nodule_0/slice_0.png","1","train","LIDC-IDRI-0040","39","0"
"processed_data/series_39_nodule_0/slice_1.png","1","train","LIDC-IDRI-0040","39","0"
"processed_data/series_40_nodule_0/slice_0.png","2","train","LIDC-IDRI-0041","40","0"
"processed_data/series_40_nodule_0/slice_1.png","2","train","LIDC-IDRI-0041","40","0"
"processed_data/series_40_nodule_0/slice_2.png","2","train","LIDC-IDRI-0041","40","0"
"processed_data/series_40_nodule_0/slice_3.png","2","train","LIDC-IDRI-0041","40","0"
"processed_data/series_40_nodule_0/slice_4.png","2","train","LIDC-IDRI-0041","40","0"
"processed_data/series_40_nodule_0/slice_5.png","2","train","LIDC-IDRI-0041","40","0"
"processed_data/series_40_nodule_1/slice_0.png","0","train","LIDC-IDRI-0041","40","1"
"processed_data/series_40_nodule_1/slice_1.png","0","train","LIDC-IDRI-0041","40","1"
"processed_data/series_40_nodule_1/slice_2.png","0","train","LIDC-IDRI-0041","40","1"
"processed_data/series_41_nodule_0/slice_0.png","1","train","LIDC-IDRI-0042","41","0"
"processed_data/series_41_nodule_0/slice_1.png","1","train","LIDC-IDRI-0042","41","0"
"processed_data/series_41_nodule_1/slice_0.png","1","train","LIDC-IDRI-0042","41","1"
"processed_data/series_41_nodule_1/slice_1.png","1","train","LIDC-IDRI-0042","41","1"
"processed_data/series_41_nodule_1/slice_2.png","1","train","LIDC-IDRI-0042","41","1"
"processed_data/series_41_nodule_2/slice_0.png","1","train","LIDC-IDRI-0042","41","2"
"processed_data/series_41_nodule_2/slice_1.png","1","train","LIDC-IDRI-0042","41","2"
"processed_data/series_41_nodule_3/slice_0.png","1","train","LIDC-IDRI-0042","41","3"
"processed_data/series_41_nodule_3/slice_1.png","1","train","LIDC-IDRI-0042","41","3"
"processed_data/series_41_nodule_3/slice_2.png","1","train","LIDC-IDRI-0042","41","3"
"processed_data/series_41_nodule_4/slice_0.png","1","train","LIDC-IDRI-0042","41","4"
"processed_data/series_41_nodule_5/slice_0.png","1","train","LIDC-IDRI-0042","41","5"
"processed_data/series_41_nodule_5/slice_1.png","1","train","LIDC-IDRI-0042","41","5"
"processed_data/series_42_nodule_0/slice_0.png","1","train","LIDC-IDRI-0043","42","0"
"processed_data/series_42_nodule_0/slice_1.png","1","train","LIDC-IDRI-0043","42","0"
"processed_data/series_42_nodule_0/slice_2.png","1","train","LIDC-IDRI-0043","42","0"
"processed_data/series_42_nodule_1/slice_0.png","2","train","LIDC-IDRI-0043","42","1"
"processed_data/series_42_nodule_1/slice_1.png","2","train","LIDC-IDRI-0043","42","1"
"processed_data/series_42_nodule_1/slice_2.png","2","train","LIDC-IDRI-0043","42","1"
"processed_data/series_42_nodule_1/slice_3.png","2","train","LIDC-IDRI-0043","42","1"
"processed_data/series_42_nodule_1/slice_4.png","2","train","LIDC-IDRI-0043","42","1"
"processed_data/series_42_nodule_1/slice_5.png","2","train","LIDC-IDRI-0043","42","1"
"processed_data/series_42_nodule_2/slice_0.png","2","train","LIDC-IDRI-0043","42","2"
"processed_data/series_42_nodule_2/slice_1.png","2","train","LIDC-IDRI-0043","42","2"
"processed_data/series_42_nodule_2/slice_2.png","2","train","LIDC-IDRI-0043","42","2"
"processed_data/series_42_nodule_2/slice_3.png","2","train","LIDC-IDRI-0043","42","2"
"processed_data/series_42_nodule_2/slice_4.png","2","train","LIDC-IDRI-0043","42","2"
"processed_data/series_42_nodule_2/slice_5.png","2","train","LIDC-IDRI-0043","42","2"
"processed_data/series_42_nodule_2/slice_6.png","2","train","LIDC-IDRI-0043","42","2"
"processed_data/series_43_nodule_0/slice_0.png","2","val","LIDC-IDRI-0044","43","0"
"processed_data/series_43_nodule_0/slice_1.png","2","val","LIDC-IDRI-0044","43","0"
"processed_data/series_43_nodule_0/slice_10.png","2","val","LIDC-IDRI-0044","43","0"
"processed_data/series_43_nodule_0/slice_2.png","2","val","LIDC-IDRI-0044","43","0"
"processed_data/series_43_nodule_0/slice_3.png","2","val","LIDC-IDRI-0044","43","0"
"processed_data/series_43_nodule_0/slice_4.png","2","val","LIDC-IDRI-0044","43","0"
"processed_data/series_43_nodule_0/slice_5.png","2","val","LIDC-IDRI-0044","43","0"
"processed_data/series_43_nodule_0/slice_6.png","2","val","LIDC-IDRI-0044","43","0"
"processed_data/series_43_nodule_0/slice_7.png","2","val","LIDC-IDRI-0044","43","0"
"processed_data/series_43_nodule_0/slice_8.png","2","val","LIDC-IDRI-0044","43","0"
"processed_data/series_43_nodule_0/slice_9.png","2","val","LIDC-IDRI-0044","43","0"
"processed_data/series_43_nodule_1/slice_0.png","0","val","LIDC-IDRI-0044","43","1"
"processed_data/series_43_nodule_1/slice_1.png","0","val","LIDC-IDRI-0044","43","1"
"processed_data/series_43_nodule_1/slice_2.png","0","val","LIDC-IDRI-0044","43","1"
"processed_data/series_43_nodule_1/slice_3.png","0","val","LIDC-IDRI-0044","43","1"
"processed_data/series_43_nodule_1/slice_4.png","0","val","LIDC-IDRI-0044","43","1"
"processed_data/series_43_nodule_2/slice_0.png","1","val","LIDC-IDRI-0044","43","2"
"processed_data/series_43_nodule_2/slice_1.png","1","val","LIDC-IDRI-0044","43","2"
"processed_data/series_43_nodule_2/slice_2.png","1","val","LIDC-IDRI-0044","43","2"
"processed_data/series_43_nodule_2/slice_3.png","1","val","LIDC-IDRI-0044","43","2"
"processed_data/series_43_nodule_2/slice_4.png","1","val","LIDC-IDRI-0044","43","2"
"processed_data/series_44_nodule_0/slice_0.png","1","test","LIDC-IDRI-0045","44","0"
"processed_data/series_44_nodule_0/slice_1.png","1","test","LIDC-IDRI-0045","44","0"
"processed_data/series_44_nodule_0/slice_2.png","1","test","LIDC-IDRI-0045","44","0"
"processed_data/series_44_nodule_1/slice_0.png","2","test","LIDC-IDRI-0045","44","1"
"processed_data/series_44_nodule_1/slice_1.png","2","test","LIDC-IDRI-0045","44","1"
"processed_data/series_44_nodule_1/slice_2.png","2","test","LIDC-IDRI-0045","44","1"
"processed_data/series_44_nodule_2/slice_0.png","1","test","LIDC-IDRI-0045","44","2"
"processed_data/series_44_nodule_2/slice_1.png","1","test","LIDC-IDRI-0045","44","2"
"processed_data/series_44_nodule_2/slice_2.png","1","test","LIDC-IDRI-0045","44","2"
"processed_data/series_44_nodule_3/slice_0.png","0","test","LIDC-IDRI-0045","44","3"
"processed_data/series_44_nodule_3/slice_1.png","0","test","LIDC-IDRI-0045","44","3"
"processed_data/series_44_nodule_3/slice_2.png","0","test","LIDC-IDRI-0045","44","3"
"processed_data/series_44_nodule_4/slice_0.png","2","test","LIDC-IDRI-0045","44","4"
"processed_data/series_44_nodule_4/slice_1.png","2","test","LIDC-IDRI-0045","44","4"
"processed_data/series_44_nodule_4/slice_2.png","2","test","LIDC-IDRI-0045","44","4"
"processed_data/series_44_nodule_4/slice_3.png","2","test","LIDC-IDRI-0045","44","4"
"processed_data/series_44_nodule_4/slice_4.png","2","test","LIDC-IDRI-0045","44","4"
"processed_data/series_44_nodule_4/slice_5.png","2","test","LIDC-IDRI-0045","44","4"
"processed_data/series_44_nodule_4/slice_6.png","2","test","LIDC-IDRI-0045","44","4"
"processed_data/series_44_nodule_5/slice_0.png","0","test","LIDC-IDRI-0045","44","5"
"processed_data/series_44_nodule_5/slice_1.png","0","test","LIDC-IDRI-0045","44","5"
"processed_data/series_44_nodule_5/slice_2.png","0","test","LIDC-IDRI-0045","44","5"
"processed_data/series_44_nodule_5/slice_3.png","0","test","LIDC-IDRI-0045","44","5"
"processed_data/series_44_nodule_5/slice_4.png","0","test","LIDC-IDRI-0045","44","5"
"processed_data/series_44_nodule_6/slice_0.png","1","test","LIDC-IDRI-0045","44","6"
"processed_data/series_44_nodule_6/slice_1.png","1","test","LIDC-IDRI-0045","44","6"
"processed_data/series_44_nodule_6/slice_2.png","1","test","LIDC-IDRI-0045","44","6"
"processed_data/series_44_nodule_6/slice_3.png","1","test","LIDC-IDRI-0045","44","6"
"processed_data/series_44_nodule_7/slice_0.png","1","test","LIDC-IDRI-0045","44","7"
"processed_data/series_44_nodule_7/slice_1.png","1","test","LIDC-IDRI-0045","44","7"
"processed_data/series_44_nodule_7/slice_2.png","1","test","LIDC-IDRI-0045","44","7"
"processed_data/series_44_nodule_8/slice_0.png","1","test","LIDC-IDRI-0045","44","8"
"processed_data/series_44_nodule_8/slice_1.png","1","test","LIDC-IDRI-0045","44","8"
"processed_data/series_44_nodule_8/slice_2.png","1","test","LIDC-IDRI-0045","44","8"
"processed_data/series_44_nodule_8/slice_3.png","1","test","LIDC-IDRI-0045","44","8"
"processed_data/series_44_nodule_8/slice_4.png","1","test","LIDC-IDRI-0045","44","8"
"processed_data/series_44_nodule_9/slice_0.png","1","test","LIDC-IDRI-0045","44","9"
"processed_data/series_44_nodule_9/slice_1.png","1","test","LIDC-IDRI-0045","44","9"
"processed_data/series_44_nodule_9/slice_2.png","1","test","LIDC-IDRI-0045","44","9"
"processed_data/series_45_nodule_0/slice_0.png","1","train","LIDC-IDRI-0046","45","0"
"processed_data/series_45_nodule_0/slice_1.png","1","train","LIDC-IDRI-0046","45","0"
"processed_data/series_45_nodule_0/slice_2.png","1","train","LIDC-IDRI-0046","45","0"
"processed_data/series_45_nodule_1/slice_0.png","1","train","LIDC-IDRI-0046","45","1"
"processed_data/series_45_nodule_1/slice_1.png","1","train","LIDC-IDRI-0046","45","1"
"processed_data/series_45_nodule_2/slice_0.png","1","train","LIDC-IDRI-0046","45","2"
"processed_data/series_45_nodule_2/slice_1.png","1","train","LIDC-IDRI-0046","45","2"
"processed_data/series_45_nodule_3/slice_0.png","1","train","LIDC-IDRI-0046","45","3"
"processed_data/series_45_nodule_3/slice_1.png","1","train","LIDC-IDRI-0046","45","3"
"processed_data/series_45_nodule_3/slice_2.png","1","train","LIDC-IDRI-0046","45","3"
"processed_data/series_45_nodule_4/slice_0.png","1","train","LIDC-IDRI-0046","45","4"
"processed_data/series_45_nodule_4/slice_1.png","1","train","LIDC-IDRI-0046","45","4"
"processed_data/series_45_nodule_4/slice_2.png","1","train","LIDC-IDRI-0046","45","4"
"processed_data/series_46_nodule_0/slice_0.png","2","test","LIDC-IDRI-0047","46","0"
"processed_data/series_46_nodule_0/slice_1.png","2","test","LIDC-IDRI-0047","46","0"
"processed_data/series_46_nodule_0/slice_2.png","2","test","LIDC-IDRI-0047","46","0"
"processed_data/series_46_nodule_0/slice_3.png","2","test","LIDC-IDRI-0047","46","0"
"processed_data/series_47_nodule_0/slice_0.png","1","train","LIDC-IDRI-0048","47","0"
"processed_data/series_47_nodule_0/slice_1.png","1","train","LIDC-IDRI-0048","47","0"
"processed_data/series_47_nodule_0/slice_2.png","1","train","LIDC-IDRI-0048","47","0"
"processed_data/series_48_nodule_0/slice_0.png","0","train","LIDC-IDRI-0049","48","0"
"processed_data/series_48_nodule_0/slice_1.png","0","train","LIDC-IDRI-0049","48","0"
"processed_data/series_48_nodule_1/slice_0.png","1","train","LIDC-IDRI-0049","48","1"
"processed_data/series_48_nodule_1/slice_1.png","1","train","LIDC-IDRI-0049","48","1"
"processed_data/series_48_nodule_2/slice_0.png","1","train","LIDC-IDRI-0049","48","2"
"processed_data/series_48_nodule_2/slice_1.png","1","train","LIDC-IDRI-0049","48","2"
"processed_data/series_48_nodule_3/slice_0.png","1","train","LIDC-IDRI-0049","48","3"
"processed_data/series_48_nodule_3/slice_1.png","1","train","LIDC-IDRI-0049","48","3"
"processed_data/series_48_nodule_4/slice_0.png","0","train","LIDC-IDRI-0049","48","4"
"processed_data/series_48_nodule_4/slice_1.png","0","train","LIDC-IDRI-0049","48","4"
"processed_data/series_48_nodule_5/slice_0.png","1","train","LIDC-IDRI-0049","48","5"
"processed_data/series_48_nodule_5/slice_1.png","1","train","LIDC-IDRI-0049","48","5"
"processed_data/series_48_nodule_6/slice_0.png","0","train","LIDC-IDRI-0049","48","6"
"processed_data/series_48_nodule_6/slice_1.png","0","train","LIDC-IDRI-0049","48","6"
"processed_data/series_48_nodule_7/slice_0.png","0","train","LIDC-IDRI-0049","48","7"
"processed_data/series_48_nodule_7/slice_1.png","0","train","LIDC-IDRI-0049","48","7"
"processed_data/series_48_nodule_7/slice_2.png","0","train","LIDC-IDRI-0049","48","7"
"processed_data/series_48_nodule_8/slice_0.png","1","train","LIDC-IDRI-0049","48","8"
"processed_data/series_48_nodule_8/slice_1.png","1","train","LIDC-IDRI-0049","48","8"
"processed_data/series_48_nodule_8/slice_2.png","1","train","LIDC-IDRI-0049","48","8"
"processed_data/series_48_nodule_8/slice_3.png","1","train","LIDC-IDRI-0049","48","8"
"processed_data/series_48_nodule_9/slice_0.png","1","train","LIDC-IDRI-0049","48","9"
"processed_data/series_48_nodule_9/slice_1.png","1","train","LIDC-IDRI-0049","48","9"
"processed_data/series_48_nodule_9/slice_2.png","1","train","LIDC-IDRI-0049","48","9"
"processed_data/series_49_nodule_0/slice_0.png","2","train","LIDC-IDRI-0050","49","0"
"processed_data/series_49_nodule_0/slice_1.png","2","train","LIDC-IDRI-0050","49","0"
"processed_data/series_49_nodule_0/slice_2.png","2","train","LIDC-IDRI-0050","49","0"
"processed_data/series_49_nodule_0/slice_3.png","2","train","LIDC-IDRI-0050","49","0"
"processed_data/series_49_nodule_0/slice_4.png","2","train","LIDC-IDRI-0050","49","0"
"processed_data/series_49_nodule_0/slice_5.png","2","train","LIDC-IDRI-0050","49","0"
"processed_data/series_49_nodule_0/slice_6.png","2","train","LIDC-IDRI-0050","49","0"
"processed_data/series_49_nodule_0/slice_7.png","2","train","LIDC-IDRI-0050","49","0"
"processed_data/series_49_nodule_0/slice_8.png","2","train","LIDC-IDRI-0050","49","0"
"processed_data/series_50_nodule_0/slice_0.png","2","train","LIDC-IDRI-0051","50","0"
"processed_data/series_50_nodule_0/slice_1.png","2","train","LIDC-IDRI-0051","50","0"
"processed_data/series_50_nodule_0/slice_2.png","2","train","LIDC-IDRI-0051","50","0"
"processed_data/series_50_nodule_0/slice_3.png","2","train","LIDC-IDRI-0051","50","0"
"processed_data/series_50_nodule_0/slice_4.png","2","train","LIDC-IDRI-0051","50","0"
"processed_data/series_50_nodule_1/slice_0.png","1","train","LIDC-IDRI-0051","50","1"
"processed_data/series_50_nodule_1/slice_1.png","1","train","LIDC-IDRI-0051","50","1"
"processed_data/series_50_nodule_1/slice_2.png","1","train","LIDC-IDRI-0051","50","1"
"processed_data/series_50_nodule_1/slice_3.png","1","train","LIDC-IDRI-0051","50","1"
"processed_data/series_50_nodule_1/slice_4.png","1","train","LIDC-IDRI-0051","50","1"
"processed_data/series_50_nodule_1/slice_5.png","1","train","LIDC-IDRI-0051","50","1"
"processed_data/series_51_nodule_0/slice_0.png","1","train","LIDC-IDRI-0052","51","0"
"processed_data/series_51_nodule_0/slice_1.png","1","train","LIDC-IDRI-0052","51","0"
"processed_data/series_51_nodule_0/slice_2.png","1","train","LIDC-IDRI-0052","51","0"
"processed_data/series_51_nodule_0/slice_3.png","1","train","LIDC-IDRI-0052","51","0"
"processed_data/series_51_nodule_0/slice_4.png","1","train","LIDC-IDRI-0052","51","0"
"processed_data/series_51_nodule_0/slice_5.png","1","train","LIDC-IDRI-0052","51","0"
"processed_data/series_51_nodule_0/slice_6.png","1","train","LIDC-IDRI-0052","51","0"
"processed_data/series_51_nodule_0/slice_7.png","1","train","LIDC-IDRI-0052","51","0"
"processed_data/series_52_nodule_0/slice_0.png","2","test","LIDC-IDRI-0053","52","0"
"processed_data/series_52_nodule_0/slice_1.png","2","test","LIDC-IDRI-0053","52","0"
"processed_data/series_52_nodule_0/slice_2.png","2","test","LIDC-IDRI-0053","52","0"
"processed_data/series_52_nodule_0/slice_3.png","2","test","LIDC-IDRI-0053","52","0"
"processed_data/series_52_nodule_0/slice_4.png","2","test","LIDC-IDRI-0053","52","0"
"processed_data/series_52_nodule_0/slice_5.png","2","test","LIDC-IDRI-0053","52","0"
"processed_data/series_52_nodule_0/slice_6.png","2","test","LIDC-IDRI-0053","52","0"
"processed_data/series_52_nodule_0/slice_7.png","2","test","LIDC-IDRI-0053","52","0"
"processed_data/series_52_nodule_0/slice_8.png","2","test","LIDC-IDRI-0053","52","0"
"processed_data/series_52_nodule_1/slice_0.png","1","test","LIDC-IDRI-0053","52","1"
"processed_data/series_52_nodule_1/slice_1.png","1","test","LIDC-IDRI-0053","52","1"
"processed_data/series_52_nodule_1/slice_2.png","1","test","LIDC-IDRI-0053","52","1"
"processed_data/series_52_nodule_2/slice_0.png","1","test","LIDC-IDRI-0053","52","2"
"processed_data/series_52_nodule_2/slice_1.png","1","test","LIDC-IDRI-0053","52","2"
"processed_data/series_52_nodule_2/slice_2.png","1","test","LIDC-IDRI-0053","52","2"
"processed_data/series_52_nodule_2/slice_3.png","1","test","LIDC-IDRI-0053","52","2"
"processed_data/series_53_nodule_0/slice_0.png","2","train","LIDC-IDRI-0054","53","0"
"processed_data/series_53_nodule_0/slice_1.png","2","train","LIDC-IDRI-0054","53","0"
"processed_data/series_53_nodule_0/slice_2.png","2","train","LIDC-IDRI-0054","53","0"
"processed_data/series_53_nodule_0/slice_3.png","2","train","LIDC-IDRI-0054","53","0"
"processed_data/series_53_nodule_0/slice_4.png","2","train","LIDC-IDRI-0054","53","0"
"processed_data/series_53_nodule_0/slice_5.png","2","train","LIDC-IDRI-0054","53","0"
"processed_data/series_53_nodule_1/slice_0.png","1","train","LIDC-IDRI-0054","53","1"
"processed_data/series_53_nodule_1/slice_1.png","1","train","LIDC-IDRI-0054","53","1"
"processed_data/series_53_nodule_1/slice_2.png","1","train","LIDC-IDRI-0054","53","1"
"processed_data/series_53_nodule_1/slice_3.png","1","train","LIDC-IDRI-0054","53","1"
"processed_data/series_53_nodule_1/slice_4.png","1","train","LIDC-IDRI-0054","53","1"
"processed_data/series_53_nodule_1/slice_5.png","1","train","LIDC-IDRI-0054","53","1"
"processed_data/series_53_nodule_1/slice_6.png","1","train","LIDC-IDRI-0054","53","1"
"processed_data/series_54_nodule_0/slice_0.png","1","train","LIDC-IDRI-0055","54","0"
"processed_data/series_54_nodule_0/slice_1.png","1","train","LIDC-IDRI-0055","54","0"
"processed_data/series_54_nodule_1/slice_0.png","1","train","LIDC-IDRI-0055","54","1"
"processed_data/series_54_nodule_1/slice_1.png","1","train","LIDC-IDRI-0055","54","1"
"processed_data/series_54_nodule_1/slice_2.png","1","train","LIDC-IDRI-0055","54","1"
"processed_data/series_54_nodule_2/slice_0.png","2","train","LIDC-IDRI-0055","54","2"
"processed_data/series_54_nodule_2/slice_1.png","2","train","LIDC-IDRI-0055","54","2"
"processed_data/series_54_nodule_2/slice_2.png","2","train","LIDC-IDRI-0055","54","2"
"processed_data/series_54_nodule_2/slice_3.png","2","train","LIDC-IDRI-0055","54","2"
"processed_data/series_55_nodule_0/slice_0.png","1","test","LIDC-IDRI-0056","55","0"
"processed_data/series_55_nodule_0/slice_1.png","1","test","LIDC-IDRI-0056","55","0"
"processed_data/series_55_nodule_0/slice_2.png","1","test","LIDC-IDRI-0056","55","0"
"processed_data/series_55_nodule_0/slice_3.png","1","test","LIDC-IDRI-0056","55","0"
"processed_data/series_55_nodule_0/slice_4.png","1","test","LIDC-IDRI-0056","55","0"
"processed_data/series_55_nodule_0/slice_5.png","1","test","LIDC-IDRI-0056","55","0"
"processed_data/series_55_nodule_0/slice_6.png","1","test","LIDC-IDRI-0056","55","0"
"processed_data/series_55_nodule_0/slice_7.png","1","test","LIDC-IDRI-0056","55","0"
"processed_data/series_55_nodule_1/slice_0.png","1","test","LIDC-IDRI-0056","55","1"
"processed_data/series_55_nodule_1/slice_1.png","1","test","LIDC-IDRI-0056","55","1"
"processed_data/series_55_nodule_1/slice_2.png","1","test","LIDC-IDRI-0056","55","1"
"processed_data/series_55_nodule_2/slice_0.png","1","test","LIDC-IDRI-0056","55","2"
"processed_data/series_55_nodule_2/slice_1.png","1","test","LIDC-IDRI-0056","55","2"
"processed_data/series_56_nodule_0/slice_0.png","2","train","LIDC-IDRI-0057","56","0"
"processed_data/series_56_nodule_0/slice_1.png","2","train","LIDC-IDRI-0057","56","0"
"processed_data/series_56_nodule_0/slice_10.png","2","train","LIDC-IDRI-0057","56","0"
"processed_data/series_56_nodule_0/slice_11.png","2","train","LIDC-IDRI-0057","56","0"
"processed_data/series_56_nodule_0/slice_12.png","2","train","LIDC-IDRI-0057","56","0"
"processed_data/series_56_nodule_0/slice_13.png","2","train","LIDC-IDRI-0057","56","0"
"processed_data/series_56_nodule_0/slice_14.png","2","train","LIDC-IDRI-0057","56","0"
"processed_data/series_56_nodule_0/slice_15.png","2","train","LIDC-IDRI-0057","56","0"
"processed_data/series_56_nodule_0/slice_16.png","2","train","LIDC-IDRI-0057","56","0"
"processed_data/series_56_nodule_0/slice_17.png","2","train","LIDC-IDRI-0057","56","0"
"processed_data/series_56_nodule_0/slice_18.png","2","train","LIDC-IDRI-0057","56","0"
"processed_data/series_56_nodule_0/slice_19.png","2","train","LIDC-IDRI-0057","56","0"
"processed_data/series_56_nodule_0/slice_2.png","2","train","LIDC-IDRI-0057","56","0"
"processed_data/series_56_nodule_0/slice_20.png","2","train","LIDC-IDRI-0057","56","0"
"processed_data/series_56_nodule_0/slice_21.png","2","train","LIDC-IDRI-0057","56","0"
"processed_data/series_56_nodule_0/slice_3.png","2","train","LIDC-IDRI-0057","56","0"
"processed_data/series_56_nodule_0/slice_4.png","2","train","LIDC-IDRI-0057","56","0"
"processed_data/series_56_nodule_0/slice_5.png","2","train","LIDC-IDRI-0057","56","0"
"processed_data/series_56_nodule_0/slice_6.png","2","train","LIDC-IDRI-0057","56","0"
"processed_data/series_56_nodule_0/slice_7.png","2","train","LIDC-IDRI-0057","56","0"
"processed_data/series_56_nodule_0/slice_8.png","2","train","LIDC-IDRI-0057","56","0"
"processed_data/series_56_nodule_0/slice_9.png","2","train","LIDC-IDRI-0057","56","0"
"processed_data/series_57_nodule_0/slice_0.png","1","train","LIDC-IDRI-0058","57","0"
"processed_data/series_57_nodule_0/slice_1.png","1","train","LIDC-IDRI-0058","57","0"
"processed_data/series_57_nodule_0/slice_2.png","1","train","LIDC-IDRI-0058","57","0"
"processed_data/series_57_nodule_0/slice_3.png","1","train","LIDC-IDRI-0058","57","0"
"processed_data/series_57_nodule_0/slice_4.png","1","train","LIDC-IDRI-0058","57","0"
"processed_data/series_57_nodule_0/slice_5.png","1","train","LIDC-IDRI-0058","57","0"
"processed_data/series_57_nodule_0/slice_6.png","1","train","LIDC-IDRI-0058","57","0"
"processed_data/series_57_nodule_0/slice_7.png","1","train","LIDC-IDRI-0058","57","0"
"processed_data/series_58_nodule_0/slice_0.png","2","test","LIDC-IDRI-0059","58","0"
"processed_data/series_58_nodule_0/slice_1.png","2","test","LIDC-IDRI-0059","58","0"
"processed_data/series_58_nodule_0/slice_2.png","2","test","LIDC-IDRI-0059","58","0"
"processed_data/series_58_nodule_0/slice_3.png","2","test","LIDC-IDRI-0059","58","0"
"processed_data/series_59_nodule_0/slice_0.png","2","test","LIDC-IDRI-0060","59","0"
"processed_data/series_59_nodule_0/slice_1.png","2","test","LIDC-IDRI-0060","59","0"
"processed_data/series_59_nodule_0/slice_2.png","2","test","LIDC-IDRI-0060","59","0"
"processed_data/series_59_nodule_0/slice_3.png","2","test","LIDC-IDRI-0060","59","0"
"processed_data/series_59_nodule_0/slice_4.png","2","test","LIDC-IDRI-0060","59","0"
"processed_data/series_60_nodule_0/slice_0.png","2","train","LIDC-IDRI-0061","60","0"
"processed_data/series_60_nodule_0/slice_1.png","2","train","LIDC-IDRI-0061","60","0"
"processed_data/series_60_nodule_0/slice_2.png","2","train","LIDC-IDRI-0061","60","0"
"processed_data/series_60_nodule_0/slice_3.png","2","train","LIDC-IDRI-0061","60","0"
"processed_data/series_60_nodule_0/slice_4.png","2","train","LIDC-IDRI-0061","60","0"
"processed_data/series_60_nodule_1/slice_0.png","1","train","LIDC-IDRI-0061","60","1"
"processed_data/series_60_nodule_1/slice_1.png","1","train","LIDC-IDRI-0061","60","1"
"processed_data/series_60_nodule_1/slice_2.png","1","train","LIDC-IDRI-0061","60","1"
"processed_data/series_60_nodule_1/slice_3.png","1","train","LIDC-IDRI-0061","60","1"
"processed_data/series_60_nodule_2/slice_0.png","1","train","LIDC-IDRI-0061","60","2"
"processed_data/series_60_nodule_2/slice_1.png","1","train","LIDC-IDRI-0061","60","2"
"processed_data/series_60_nodule_2/slice_2.png","1","train","LIDC-IDRI-0061","60","2"
"processed_data/series_60_nodule_3/slice_0.png","1","train","LIDC-IDRI-0061","60","3"
"processed_data/series_60_nodule_4/slice_0.png","1","train","LIDC-IDRI-0061","60","4"
"processed_data/series_60_nodule_4/slice_1.png","1","train","LIDC-IDRI-0061","60","4"
"processed_data/series_60_nodule_4/slice_2.png","1","train","LIDC-IDRI-0061","60","4"
"processed_data/series_60_nodule_4/slice_3.png","1","train","LIDC-IDRI-0061","60","4"
"processed_data/series_60_nodule_4/slice_4.png","1","train","LIDC-IDRI-0061","60","4"
"processed_data/series_60_nodule_4/slice_5.png","1","train","LIDC-IDRI-0061","60","4"
"processed_data/series_60_nodule_5/slice_0.png","1","train","LIDC-IDRI-0061","60","5"
"processed_data/series_60_nodule_5/slice_1.png","1","train","LIDC-IDRI-0061","60","5"
"processed_data/series_60_nodule_5/slice_10.png","1","train","LIDC-IDRI-0061","60","5"
"processed_data/series_60_nodule_5/slice_11.png","1","train","LIDC-IDRI-0061","60","5"
"processed_data/series_60_nodule_5/slice_12.png","1","train","LIDC-IDRI-0061","60","5"
"processed_data/series_60_nodule_5/slice_13.png","1","train","LIDC-IDRI-0061","60","5"
"processed_data/series_60_nodule_5/slice_14.png","1","train","LIDC-IDRI-0061","60","5"
"processed_data/series_60_nodule_5/slice_2.png","1","train","LIDC-IDRI-0061","60","5"
"processed_data/series_60_nodule_5/slice_3.png","1","train","LIDC-IDRI-0061","60","5"
"processed_data/series_60_nodule_5/slice_4.png","1","train","LIDC-IDRI-0061","60","5"
"processed_data/series_60_nodule_5/slice_5.png","1","train","LIDC-IDRI-0061","60","5"
"processed_data/series_60_nodule_5/slice_6.png","1","train","LIDC-IDRI-0061","60","5"
"processed_data/series_60_nodule_5/slice_7.png","1","train","LIDC-IDRI-0061","60","5"
"processed_data/series_60_nodule_5/slice_8.png","1","train","LIDC-IDRI-0061","60","5"
"processed_data/series_60_nodule_5/slice_9.png","1","train","LIDC-IDRI-0061","60","5"
"processed_data/series_62_nodule_0/slice_0.png","1","train","LIDC-IDRI-0063","62","0"
"processed_data/series_62_nodule_0/slice_1.png","1","train","LIDC-IDRI-0063","62","0"
"processed_data/series_62_nodule_0/slice_2.png","1","train","LIDC-IDRI-0063","62","0"
"processed_data/series_62_nodule_0/slice_3.png","1","train","LIDC-IDRI-0063","62","0"
"processed_data/series_62_nodule_1/slice_0.png","2","train","LIDC-IDRI-0063","62","1"
"processed_data/series_62_nodule_1/slice_1.png","2","train","LIDC-IDRI-0063","62","1"
"processed_data/series_62_nodule_1/slice_2.png","2","train","LIDC-IDRI-0063","62","1"
"processed_data/series_62_nodule_1/slice_3.png","2","train","LIDC-IDRI-0063","62","1"
"processed_data/series_62_nodule_1/slice_4.png","2","train","LIDC-IDRI-0063","62","1"
"processed_data/series_62_nodule_1/slice_5.png","2","train","LIDC-IDRI-0063","62","1"
"processed_data/series_62_nodule_2/slice_0.png","1","train","LIDC-IDRI-0063","62","2"
"processed_data/series_62_nodule_2/slice_1.png","1","train","LIDC-IDRI-0063","62","2"
"processed_data/series_62_nodule_2/slice_2.png","1","train","LIDC-IDRI-0063","62","2"
"processed_data/series_63_nodule_0/slice_0.png","1","train","LIDC-IDRI-0064","63","0"
"processed_data/series_63_nodule_0/slice_1.png","1","train","LIDC-IDRI-0064","63","0"
"processed_data/series_63_nodule_0/slice_2.png","1","train","LIDC-IDRI-0064","63","0"
"processed_data/series_63_nodule_0/slice_3.png","1","train","LIDC-IDRI-0064","63","0"
"processed_data/series_63_nodule_0/slice_4.png","1","train","LIDC-IDRI-0064","63","0"
"processed_data/series_63_nodule_0/slice_5.png","1","train","LIDC-IDRI-0064","63","0"
"processed_data/series_63_nodule_0/slice_6.png","1","train","LIDC-IDRI-0064","63","0"
"processed_data/series_63_nodule_0/slice_7.png","1","train","LIDC-IDRI-0064","63","0"
"processed_data/series_63_nodule_0/slice_8.png","1","train","LIDC-IDRI-0064","63","0"
"processed_data/series_63_nodule_0/slice_9.png","1","train","LIDC-IDRI-0064","63","0"
"processed_data/series_63_nodule_1/slice_0.png","2","train","LIDC-IDRI-0064","63","1"
"processed_data/series_63_nodule_1/slice_1.png","2","train","LIDC-IDRI-0064","63","1"
"processed_data/series_63_nodule_1/slice_2.png","2","train","LIDC-IDRI-0064","63","1"
"processed_data/series_63_nodule_1/slice_3.png","2","train","LIDC-IDRI-0064","63","1"
"processed_data/series_63_nodule_1/slice_4.png","2","train","LIDC-IDRI-0064","63","1"
"processed_data/series_63_nodule_1/slice_5.png","2","train","LIDC-IDRI-0064","63","1"
"processed_data/series_63_nodule_1/slice_6.png","2","train","LIDC-IDRI-0064","63","1"
"processed_data/series_63_nodule_1/slice_7.png","2","train","LIDC-IDRI-0064","63","1"
"processed_data/series_63_nodule_1/slice_8.png","2","train","LIDC-IDRI-0064","63","1"
"processed_data/series_64_nodule_0/slice_0.png","1","train","LIDC-IDRI-0065","64","0"
"processed_data/series_64_nodule_0/slice_1.png","1","train","LIDC-IDRI-0065","64","0"
"processed_data/series_65_nodule_0/slice_0.png","1","train","LIDC-IDRI-0066","65","0"
"processed_data/series_65_nodule_0/slice_1.png","1","train","LIDC-IDRI-0066","65","0"
"processed_data/series_65_nodule_0/slice_10.png","1","train","LIDC-IDRI-0066","65","0"
"processed_data/series_65_nodule_0/slice_2.png","1","train","LIDC-IDRI-0066","65","0"
"processed_data/series_65_nodule_0/slice_3.png","1","train","LIDC-IDRI-0066","65","0"
"processed_data/series_65_nodule_0/slice_4.png","1","train","LIDC-IDRI-0066","65","0"
"processed_data/series_65_nodule_0/slice_5.png","1","train","LIDC-IDRI-0066","65","0"
"processed_data/series_65_nodule_0/slice_6.png","1","train","LIDC-IDRI-0066","65","0"
"processed_data/series_65_nodule_0/slice_7.png","1","train","LIDC-IDRI-0066","65","0"
"processed_data/series_65_nodule_0/slice_8.png","1","train","LIDC-IDRI-0066","65","0"
"processed_data/series_65_nodule_0/slice_9.png","1","train","LIDC-IDRI-0066","65","0"
"processed_data/series_65_nodule_1/slice_0.png","1","train","LIDC-IDRI-0066","65","1"
"processed_data/series_65_nodule_1/slice_1.png","1","train","LIDC-IDRI-0066","65","1"
"processed_data/series_65_nodule_1/slice_2.png","1","train","LIDC-IDRI-0066","65","1"
"processed_data/series_65_nodule_1/slice_3.png","1","train","LIDC-IDRI-0066","65","1"
"processed_data/series_66_nodule_0/slice_0.png","1","train","LIDC-IDRI-0067","66","0"
"processed_data/series_66_nodule_0/slice_1.png","1","train","LIDC-IDRI-0067","66","0"
"processed_data/series_66_nodule_0/slice_2.png","1","train","LIDC-IDRI-0067","66","0"
"processed_data/series_66_nodule_0/slice_3.png","1","train","LIDC-IDRI-0067","66","0"
"processed_data/series_66_nodule_1/slice_0.png","1","train","LIDC-IDRI-0067","66","1"
"processed_data/series_66_nodule_1/slice_1.png","1","train","LIDC-IDRI-0067","66","1"
"processed_data/series_66_nodule_1/slice_2.png","1","train","LIDC-IDRI-0067","66","1"
"processed_data/series_66_nodule_1/slice_3.png","1","train","LIDC-IDRI-0067","66","1"
"processed_data/series_66_nodule_1/slice_4.png","1","train","LIDC-IDRI-0067","66","1"
"processed_data/series_66_nodule_2/slice_0.png","0","train","LIDC-IDRI-0067","66","2"
"processed_data/series_66_nodule_2/slice_1.png","0","train","LIDC-IDRI-0067","66","2"
"processed_data/series_66_nodule_2/slice_2.png","0","train","LIDC-IDRI-0067","66","2"
"processed_data/series_66_nodule_3/slice_0.png","2","train","LIDC-IDRI-0067","66","3"
"processed_data/series_66_nodule_3/slice_1.png","2","train","LIDC-IDRI-0067","66","3"
"processed_data/series_66_nodule_3/slice_2.png","2","train","LIDC-IDRI-0067","66","3"
"processed_data/series_66_nodule_3/slice_3.png","2","train","LIDC-IDRI-0067","66","3"
"processed_data/series_66_nodule_3/slice_4.png","2","train","LIDC-IDRI-0067","66","3"
"processed_data/series_66_nodule_3/slice_5.png","2","train","LIDC-IDRI-0067","66","3"
"processed_data/series_66_nodule_3/slice_6.png","2","train","LIDC-IDRI-0067","66","3"
"processed_data/series_66_nodule_3/slice_7.png","2","train","LIDC-IDRI-0067","66","3"
"processed_data/series_66_nodule_3/slice_8.png","2","train","LIDC-IDRI-0067","66","3"
"processed_data/series_67_nodule_0/slice_0.png","1","train","LIDC-IDRI-0068","67","0"
"processed_data/series_67_nodule_0/slice_1.png","1","train","LIDC-IDRI-0068","67","0"
"processed_data/series_67_nodule_0/slice_2.png","1","train","LIDC-IDRI-0068","67","0"
"processed_data/series_67_nodule_0/slice_3.png","1","train","LIDC-IDRI-0068","67","0"
"processed_data/series_67_nodule_0/slice_4.png","1","train","LIDC-IDRI-0068","67","0"
"processed_data/series_67_nodule_0/slice_5.png","1","train","LIDC-IDRI-0068","67","0"
"processed_data/series_67_nodule_1/slice_0.png","1","train","LIDC-IDRI-0068","67","1"
"processed_data/series_67_nodule_1/slice_1.png","1","train","LIDC-IDRI-0068","67","1"
"processed_data/series_67_nodule_1/slice_2.png","1","train","LIDC-IDRI-0068","67","1"
"processed_data/series_67_nodule_1/slice_3.png","1","train","LIDC-IDRI-0068","67","1"
"processed_data/series_67_nodule_1/slice_4.png","1","train","LIDC-IDRI-0068","67","1"
"processed_data/series_67_nodule_2/slice_0.png","2","train","LIDC-IDRI-0068","67","2"
"processed_data/series_67_nodule_2/slice_1.png","2","train","LIDC-IDRI-0068","67","2"
"processed_data/series_67_nodule_2/slice_2.png","2","train","LIDC-IDRI-0068","67","2"
"processed_data/series_67_nodule_2/slice_3.png","2","train","LIDC-IDRI-0068","67","2"
"processed_data/series_67_nodule_2/slice_4.png","2","train","LIDC-IDRI-0068","67","2"
"processed_data/series_67_nodule_2/slice_5.png","2","train","LIDC-IDRI-0068","67","2"
"processed_data/series_67_nodule_2/slice_6.png","2","train","LIDC-IDRI-0068","67","2"
"processed_data/series_67_nodule_2/slice_7.png","2","train","LIDC-IDRI-0068","67","2"
"processed_data/series_67_nodule_3/slice_0.png","1","train","LIDC-IDRI-0068","67","3"
"processed_data/series_67_nodule_3/slice_1.png","1","train","LIDC-IDRI-0068","67","3"
"processed_data/series_67_nodule_3/slice_2.png","1","train","LIDC-IDRI-0068","67","3"
"processed_data/series_67_nodule_4/slice_0.png","2","train","LIDC-IDRI-0068","67","4"
"processed_data/series_67_nodule_4/slice_1.png","2","train","LIDC-IDRI-0068","67","4"
"processed_data/series_67_nodule_4/slice_2.png","2","train","LIDC-IDRI-0068","67","4"
"processed_data/series_67_nodule_4/slice_3.png","2","train","LIDC-IDRI-0068","67","4"
"processed_data/series_67_nodule_4/slice_4.png","2","train","LIDC-IDRI-0068","67","4"
"processed_data/series_67_nodule_4/slice_5.png","2","train","LIDC-IDRI-0068","67","4"
"processed_data/series_67_nodule_5/slice_0.png","2","train","LIDC-IDRI-0068","67","5"
"processed_data/series_67_nodule_5/slice_1.png","2","train","LIDC-IDRI-0068","67","5"
"processed_data/series_67_nodule_5/slice_2.png","2","train","LIDC-IDRI-0068","67","5"
"processed_data/series_67_nodule_5/slice_3.png","2","train","LIDC-IDRI-0068","67","5"
"processed_data/series_67_nodule_5/slice_4.png","2","train","LIDC-IDRI-0068","67","5"
"processed_data/series_67_nodule_5/slice_5.png","2","train","LIDC-IDRI-0068","67","5"
"processed_data/series_67_nodule_5/slice_6.png","2","train","LIDC-IDRI-0068","67","5"
"processed_data/series_67_nodule_6/slice_0.png","1","train","LIDC-IDRI-0068","67","6"
"processed_data/series_67_nodule_6/slice_1.png","1","train","LIDC-IDRI-0068","67","6"
"processed_data/series_67_nodule_6/slice_2.png","1","train","LIDC-IDRI-0068","67","6"
"processed_data/series_67_nodule_6/slice_3.png","1","train","LIDC-IDRI-0068","67","6"
"processed_data/series_67_nodule_6/slice_4.png","1","train","LIDC-IDRI-0068","67","6"
"processed_data/series_67_nodule_7/slice_0.png","1","train","LIDC-IDRI-0068","67","7"
"processed_data/series_67_nodule_7/slice_1.png","1","train","LIDC-IDRI-0068","67","7"
"processed_data/series_67_nodule_7/slice_2.png","1","train","LIDC-IDRI-0068","67","7"
"processed_data/series_67_nodule_7/slice_3.png","1","train","LIDC-IDRI-0068","67","7"
"processed_data/series_68_nodule_0/slice_0.png","1","train","LIDC-IDRI-0070","68","0"
"processed_data/series_68_nodule_0/slice_1.png","1","train","LIDC-IDRI-0070","68","0"
"processed_data/series_68_nodule_1/slice_0.png","1","train","LIDC-IDRI-0070","68","1"
"processed_data/series_68_nodule_1/slice_1.png","1","train","LIDC-IDRI-0070","68","1"
"processed_data/series_68_nodule_2/slice_0.png","0","train","LIDC-IDRI-0070","68","2"
"processed_data/series_71_nodule_0/slice_0.png","1","test","LIDC-IDRI-0073","71","0"
"processed_data/series_71_nodule_0/slice_1.png","1","test","LIDC-IDRI-0073","71","0"
"processed_data/series_71_nodule_1/slice_0.png","1","test","LIDC-IDRI-0073","71","1"
"processed_data/series_71_nodule_1/slice_1.png","1","test","LIDC-IDRI-0073","71","1"
"processed_data/series_71_nodule_1/slice_2.png","1","test","LIDC-IDRI-0073","71","1"
"processed_data/series_71_nodule_1/slice_3.png","1","test","LIDC-IDRI-0073","71","1"
"processed_data/series_71_nodule_1/slice_4.png","1","test","LIDC-IDRI-0073","71","1"
"processed_data/series_72_nodule_0/slice_0.png","1","test","LIDC-IDRI-0074","72","0"
"processed_data/series_72_nodule_0/slice_1.png","1","test","LIDC-IDRI-0074","72","0"
"processed_data/series_72_nodule_0/slice_2.png","1","test","LIDC-IDRI-0074","72","0"
"processed_data/series_72_nodule_0/slice_3.png","1","test","LIDC-IDRI-0074","72","0"
"processed_data/series_72_nodule_0/slice_4.png","1","test","LIDC-IDRI-0074","72","0"
"processed_data/series_72_nodule_0/slice_5.png","1","test","LIDC-IDRI-0074","72","0"
"processed_data/series_73_nodule_0/slice_0.png","1","val","LIDC-IDRI-0075","73","0"
"processed_data/series_73_nodule_0/slice_1.png","1","val","LIDC-IDRI-0075","73","0"
"processed_data/series_73_nodule_0/slice_2.png","1","val","LIDC-IDRI-0075","73","0"
"processed_data/series_73_nodule_0/slice_3.png","1","val","LIDC-IDRI-0075","73","0"
"processed_data/series_73_nodule_0/slice_4.png","1","val","LIDC-IDRI-0075","73","0"
"processed_data/series_73_nodule_0/slice_5.png","1","val","LIDC-IDRI-0075","73","0"
"processed_data/series_74_nodule_0/slice_0.png","1","train","LIDC-IDRI-0076","74","0"
"processed_data/series_74_nodule_0/slice_1.png","1","train","LIDC-IDRI-0076","74","0"
"processed_data/series_74_nodule_0/slice_2.png","1","train","LIDC-IDRI-0076","74","0"
"processed_data/series_74_nodule_0/slice_3.png","1","train","LIDC-IDRI-0076","74","0"
"processed_data/series_74_nodule_0/slice_4.png","1","train","LIDC-IDRI-0076","74","0"
"processed_data/series_74_nodule_0/slice_5.png","1","train","LIDC-IDRI-0076","74","0"
"processed_data/series_74_nodule_1/slice_0.png","1","train","LIDC-IDRI-0076","74","1"
"processed_data/series_74_nodule_1/slice_1.png","1","train","LIDC-IDRI-0076","74","1"
"processed_data/series_74_nodule_1/slice_2.png","1","train","LIDC-IDRI-0076","74","1"
"processed_data/series_74_nodule_1/slice_3.png","1","train","LIDC-IDRI-0076","74","1"
"processed_data/series_74_nodule_1/slice_4.png","1","train","LIDC-IDRI-0076","74","1"
"processed_data/series_74_nodule_1/slice_5.png","1","train","LIDC-IDRI-0076","74","1"
"processed_data/series_75_nodule_0/slice_0.png","2","train","LIDC-IDRI-0077","75","0"
"processed_data/series_75_nodule_0/slice_1.png","2","train","LIDC-IDRI-0077","75","0"
"processed_data/series_75_nodule_0/slice_2.png","2","train","LIDC-IDRI-0077","75","0"
"processed_data/series_75_nodule_0/slice_3.png","2","train","LIDC-IDRI-0077","75","0"
"processed_data/series_75_nodule_0/slice_4.png","2","train","LIDC-IDRI-0077","75","0"
"processed_data/series_75_nodule_0/slice_5.png","2","train","LIDC-IDRI-0077","75","0"
"processed_data/series_75_nodule_0/slice_6.png","2","train","LIDC-IDRI-0077","75","0"
"processed_data/series_75_nodule_0/slice_7.png","2","train","LIDC-IDRI-0077","75","0"
"processed_data/series_75_nodule_0/slice_8.png","2","train","LIDC-IDRI-0077","75","0"
"processed_data/series_75_nodule_0/slice_9.png","2","train","LIDC-IDRI-0077","75","0"
"processed_data/series_76_nodule_0/slice_0.png","2","test","LIDC-IDRI-0080","76","0"
"processed_data/series_76_nodule_0/slice_1.png","2","test","LIDC-IDRI-0080","76","0"
"processed_data/series_76_nodule_0/slice_10.png","2","test","LIDC-IDRI-0080","76","0"
"processed_data/series_76_nodule_0/slice_11.png","2","test","LIDC-IDRI-0080","76","0"
"processed_data/series_76_nodule_0/slice_12.png","2","test","LIDC-IDRI-0080","76","0"
"processed_data/series_76_nodule_0/slice_13.png","2","test","LIDC-IDRI-0080","76","0"
"processed_data/series_76_nodule_0/slice_14.png","2","test","LIDC-IDRI-0080","76","0"
"processed_data/series_76_nodule_0/slice_15.png","2","test","LIDC-IDRI-0080","76","0"
"processed_data/series_76_nodule_0/slice_2.png","2","test","LIDC-IDRI-0080","76","0"
"processed_data/series_76_nodule_0/slice_3.png","2","test","LIDC-IDRI-0080","76","0"
"processed_data/series_76_nodule_0/slice_4.png","2","test","LIDC-IDRI-0080","76","0"
"processed_data/series_76_nodule_0/slice_5.png","2","test","LIDC-IDRI-0080","76","0"
"processed_data/series_76_nodule_0/slice_6.png","2","test","LIDC-IDRI-0080","76","0"
"processed_data/series_76_nodule_0/slice_7.png","2","test","LIDC-IDRI-0080","76","0"
"processed_data/series_76_nodule_0/slice_8.png","2","test","LIDC-IDRI-0080","76","0"
"processed_data/series_76_nodule_0/slice_9.png","2","test","LIDC-IDRI-0080","76","0"
"processed_data/series_77_nodule_0/slice_0.png","1","train","LIDC-IDRI-0081","77","0"
"processed_data/series_77_nodule_0/slice_1.png","1","train","LIDC-IDRI-0081","77","0"
"processed_data/series_77_nodule_0/slice_2.png","1","train","LIDC-IDRI-0081","77","0"
"processed_data/series_77_nodule_0/slice_3.png","1","train","LIDC-IDRI-0081","77","0"
"processed_data/series_77_nodule_0/slice_4.png","1","train","LIDC-IDRI-0081","77","0"
"processed_data/series_77_nodule_0/slice_5.png","1","train","LIDC-IDRI-0081","77","0"
"processed_data/series_77_nodule_0/slice_6.png","1","train","LIDC-IDRI-0081","77","0"
"processed_data/series_77_nodule_0/slice_7.png","1","train","LIDC-IDRI-0081","77","0"
"processed_data/series_77_nodule_0/slice_8.png","1","train","LIDC-IDRI-0081","77","0"
"processed_data/series_77_nodule_1/slice_0.png","1","train","LIDC-IDRI-0081","77","1"
"processed_data/series_77_nodule_1/slice_1.png","1","train","LIDC-IDRI-0081","77","1"
"processed_data/series_77_nodule_1/slice_2.png","1","train","LIDC-IDRI-0081","77","1"
"processed_data/series_77_nodule_1/slice_3.png","1","train","LIDC-IDRI-0081","77","1"
"processed_data/series_79_nodule_0/slice_0.png","1","train","LIDC-IDRI-0083","79","0"
"processed_data/series_79_nodule_0/slice_1.png","1","train","LIDC-IDRI-0083","79","0"
"processed_data/series_79_nodule_0/slice_2.png","1","train","LIDC-IDRI-0083","79","0"
"processed_data/series_79_nodule_1/slice_0.png","1","train","LIDC-IDRI-0083","79","1"
"processed_data/series_79_nodule_1/slice_1.png","1","train","LIDC-IDRI-0083","79","1"
"processed_data/series_79_nodule_1/slice_2.png","1","train","LIDC-IDRI-0083","79","1"
"processed_data/series_79_nodule_1/slice_3.png","1","train","LIDC-IDRI-0083","79","1"
"processed_data/series_80_nodule_0/slice_0.png","0","test","LIDC-IDRI-0085","80","0"
"processed_data/series_80_nodule_0/slice_1.png","0","test","LIDC-IDRI-0085","80","0"
"processed_data/series_82_nodule_0/slice_0.png","2","train","LIDC-IDRI-0087","82","0"
"processed_data/series_82_nodule_0/slice_1.png","2","train","LIDC-IDRI-0087","82","0"
"processed_data/series_82_nodule_0/slice_2.png","2","train","LIDC-IDRI-0087","82","0"
"processed_data/series_82_nodule_0/slice_3.png","2","train","LIDC-IDRI-0087","82","0"
"processed_data/series_82_nodule_0/slice_4.png","2","train","LIDC-IDRI-0087","82","0"
"processed_data/series_82_nodule_0/slice_5.png","2","train","LIDC-IDRI-0087","82","0"
"processed_data/series_82_nodule_0/slice_6.png","2","train","LIDC-IDRI-0087","82","0"
"processed_data/series_82_nodule_0/slice_7.png","2","train","LIDC-IDRI-0087","82","0"
"processed_data/series_83_nodule_0/slice_0.png","1","train","LIDC-IDRI-0088","83","0"
"processed_data/series_83_nodule_0/slice_1.png","1","train","LIDC-IDRI-0088","83","0"
"processed_data/series_83_nodule_0/slice_2.png","1","train","LIDC-IDRI-0088","83","0"
"processed_data/series_83_nodule_1/slice_0.png","0","train","LIDC-IDRI-0088","83","1"
"processed_data/series_83_nodule_1/slice_1.png","0","train","LIDC-IDRI-0088","83","1"
"processed_data/series_83_nodule_1/slice_2.png","0","train","LIDC-IDRI-0088","83","1"
"processed_data/series_83_nodule_1/slice_3.png","0","train","LIDC-IDRI-0088","83","1"
"processed_data/series_84_nodule_0/slice_0.png","2","val","LIDC-IDRI-0089","84","0"
"processed_data/series_84_nodule_0/slice_1.png","2","val","LIDC-IDRI-0089","84","0"
"processed_data/series_84_nodule_0/slice_2.png","2","val","LIDC-IDRI-0089","84","0"
"processed_data/series_84_nodule_0/slice_3.png","2","val","LIDC-IDRI-0089","84","0"
"processed_data/series_84_nodule_0/slice_4.png","2","val","LIDC-IDRI-0089","84","0"
"processed_data/series_84_nodule_0/slice_5.png","2","val","LIDC-IDRI-0089","84","0"
"processed_data/series_84_nodule_0/slice_6.png","2","val","LIDC-IDRI-0089","84","0"
"processed_data/series_84_nodule_0/slice_7.png","2","val","LIDC-IDRI-0089","84","0"
"processed_data/series_84_nodule_0/slice_8.png","2","val","LIDC-IDRI-0089","84","0"
"processed_data/series_84_nodule_0/slice_9.png","2","val","LIDC-IDRI-0089","84","0"
"processed_data/series_85_nodule_0/slice_0.png","1","train","LIDC-IDRI-0090","85","0"
"processed_data/series_85_nodule_0/slice_1.png","1","train","LIDC-IDRI-0090","85","0"
"processed_data/series_85_nodule_0/slice_2.png","1","train","LIDC-IDRI-0090","85","0"
"processed_data/series_86_nodule_0/slice_0.png","1","train","LIDC-IDRI-0091","86","0"
"processed_data/series_86_nodule_0/slice_1.png","1","train","LIDC-IDRI-0091","86","0"
"processed_data/series_86_nodule_0/slice_2.png","1","train","LIDC-IDRI-0091","86","0"
"processed_data/series_86_nodule_0/slice_3.png","1","train","LIDC-IDRI-0091","86","0"
"processed_data/series_86_nodule_0/slice_4.png","1","train","LIDC-IDRI-0091","86","0"
"processed_data/series_87_nodule_0/slice_0.png","0","train","LIDC-IDRI-0092","87","0"
"processed_data/series_87_nodule_0/slice_1.png","0","train","LIDC-IDRI-0092","87","0"
"processed_data/series_87_nodule_0/slice_2.png","0","train","LIDC-IDRI-0092","87","0"
"processed_data/series_88_nodule_0/slice_0.png","1","train","LIDC-IDRI-0093","88","0"
"processed_data/series_88_nodule_0/slice_1.png","1","train","LIDC-IDRI-0093","88","0"
"processed_data/series_88_nodule_0/slice_2.png","1","train","LIDC-IDRI-0093","88","0"
"processed_data/series_90_nodule_0/slice_0.png","1","train","LIDC-IDRI-0095","90","0"
"processed_data/series_90_nodule_0/slice_1.png","1","train","LIDC-IDRI-0095","90","0"
"processed_data/series_90_nodule_0/slice_10.png","1","train","LIDC-IDRI-0095","90","0"
"processed_data/series_90_nodule_0/slice_11.png","1","train","LIDC-IDRI-0095","90","0"
"processed_data/series_90_nodule_0/slice_12.png","1","train","LIDC-IDRI-0095","90","0"
"processed_data/series_90_nodule_0/slice_13.png","1","train","LIDC-IDRI-0095","90","0"
"processed_data/series_90_nodule_0/slice_14.png","1","train","LIDC-IDRI-0095","90","0"
"processed_data/series_90_nodule_0/slice_15.png","1","train","LIDC-IDRI-0095","90","0"
"processed_data/series_90_nodule_0/slice_16.png","1","train","LIDC-IDRI-0095","90","0"
"processed_data/series_90_nodule_0/slice_2.png","1","train","LIDC-IDRI-0095","90","0"
"processed_data/series_90_nodule_0/slice_3.png","1","train","LIDC-IDRI-0095","90","0"
"processed_data/series_90_nodule_0/slice_4.png","1","train","LIDC-IDRI-0095","90","0"
"processed_data/series_90_nodule_0/slice_5.png","1","train","LIDC-IDRI-0095","90","0"
"processed_data/series_90_nodule_0/slice_6.png","1","train","LIDC-IDRI-0095","90","0"
"processed_data/series_90_nodule_0/slice_7.png","1","train","LIDC-IDRI-0095","90","0"
"processed_data/series_90_nodule_0/slice_8.png","1","train","LIDC-IDRI-0095","90","0"
"processed_data/series_90_nodule_0/slice_9.png","1","train","LIDC-IDRI-0095","90","0"
"processed_data/series_90_nodule_1/slice_0.png","2","train","LIDC-IDRI-0095","90","1"
"processed_data/series_90_nodule_1/slice_1.png","2","train","LIDC-IDRI-0095","90","1"
"processed_data/series_90_nodule_1/slice_2.png","2","train","LIDC-IDRI-0095","90","1"
"processed_data/series_90_nodule_1/slice_3.png","2","train","LIDC-IDRI-0095","90","1"
"processed_data/series_90_nodule_1/slice_4.png","2","train","LIDC-IDRI-0095","90","1"
"processed_data/series_90_nodule_1/slice_5.png","2","train","LIDC-IDRI-0095","90","1"
"processed_data/series_90_nodule_1/slice_6.png","2","train","LIDC-IDRI-0095","90","1"
"processed_data/series_90_nodule_1/slice_7.png","2","train","LIDC-IDRI-0095","90","1"
"processed_data/series_91_nodule_0/slice_0.png","1","val","LIDC-IDRI-0096","91","0"
"processed_data/series_91_nodule_0/slice_1.png","1","val","LIDC-IDRI-0096","91","0"
"processed_data/series_91_nodule_0/slice_2.png","1","val","LIDC-IDRI-0096","91","0"
"processed_data/series_92_nodule_0/slice_0.png","1","test","LIDC-IDRI-0097","92","0"
"processed_data/series_92_nodule_0/slice_1.png","1","test","LIDC-IDRI-0097","92","0"
"processed_data/series_92_nodule_0/slice_2.png","1","test","LIDC-IDRI-0097","92","0"
"processed_data/series_92_nodule_0/slice_3.png","1","test","LIDC-IDRI-0097","92","0"
"processed_data/series_92_nodule_0/slice_4.png","1","test","LIDC-IDRI-0097","92","0"
"processed_data/series_93_nodule_0/slice_0.png","0","train","LIDC-IDRI-0099","93","0"
"processed_data/series_93_nodule_0/slice_1.png","0","train","LIDC-IDRI-0099","93","0"
"processed_data/series_93_nodule_0/slice_2.png","0","train","LIDC-IDRI-0099","93","0"
"processed_data/series_93_nodule_0/slice_3.png","0","train","LIDC-IDRI-0099","93","0"
"processed_data/series_93_nodule_0/slice_4.png","0","train","LIDC-IDRI-0099","93","0"
"processed_data/series_93_nodule_1/slice_0.png","1","train","LIDC-IDRI-0099","93","1"
"processed_data/series_93_nodule_1/slice_1.png","1","train","LIDC-IDRI-0099","93","1"
"processed_data/series_93_nodule_1/slice_2.png","1","train","LIDC-IDRI-0099","93","1"
"processed_data/series_93_nodule_1/slice_3.png","1","train","LIDC-IDRI-0099","93","1"
"processed_data/series_93_nodule_1/slice_4.png","1","train","LIDC-IDRI-0099","93","1"
"processed_data/series_95_nodule_0/slice_0.png","1","test","LIDC-IDRI-0102","95","0"
"processed_data/series_95_nodule_0/slice_1.png","1","test","LIDC-IDRI-0102","95","0"
"processed_data/series_96_nodule_0/slice_0.png","1","val","LIDC-IDRI-0104","96","0"
"processed_data/series_96_nodule_0/slice_1.png","1","val","LIDC-IDRI-0104","96","0"
"processed_data/series_96_nodule_0/slice_2.png","1","val","LIDC-IDRI-0104","96","0"
"processed_data/series_96_nodule_0/slice_3.png","1","val","LIDC-IDRI-0104","96","0"
"processed_data/series_96_nodule_0/slice_4.png","1","val","LIDC-IDRI-0104","96","0"
"processed_data/series_97_nodule_0/slice_0.png","1","test","LIDC-IDRI-0105","97","0"
"processed_data/series_97_nodule_0/slice_1.png","1","test","LIDC-IDRI-0105","97","0"
"processed_data/series_98_nodule_0/slice_0.png","1","test","LIDC-IDRI-0107","98","0"
"processed_data/series_98_nodule_0/slice_1.png","1","test","LIDC-IDRI-0107","98","0"
"processed_data/series_98_nodule_0/slice_2.png","1","test","LIDC-IDRI-0107","98","0"
"processed_data/series_98_nodule_0/slice_3.png","1","test","LIDC-IDRI-0107","98","0"
"processed_data/series_99_nodule_0/slice_0.png","2","train","LIDC-IDRI-0108","99","0"
"processed_data/series_99_nodule_0/slice_1.png","2","train","LIDC-IDRI-0108","99","0"
"processed_data/series_99_nodule_0/slice_2.png","2","train","LIDC-IDRI-0108","99","0"
"processed_data/series_99_nodule_0/slice_3.png","2","train","LIDC-IDRI-0108","99","0"
"processed_data/series_99_nodule_0/slice_4.png","2","train","LIDC-IDRI-0108","99","0"
"processed_data/series_99_nodule_0/slice_5.png","2","train","LIDC-IDRI-0108","99","0"
"processed_data/series_99_nodule_0/slice_6.png","2","train","LIDC-IDRI-0108","99","0"
"processed_data/series_100_nodule_0/slice_0.png","1","train","LIDC-IDRI-0109","100","0"
"processed_data/series_100_nodule_0/slice_1.png","1","train","LIDC-IDRI-0109","100","0"
"processed_data/series_100_nodule_0/slice_2.png","1","train","LIDC-IDRI-0109","100","0"
"processed_data/series_100_nodule_0/slice_3.png","1","train","LIDC-IDRI-0109","100","0"
"processed_data/series_100_nodule_0/slice_4.png","1","train","LIDC-IDRI-0109","100","0"
"processed_data/series_100_nodule_0/slice_5.png","1","train","LIDC-IDRI-0109","100","0"
"processed_data/series_100_nodule_0/slice_6.png","1","train","LIDC-IDRI-0109","100","0"
"processed_data/series_100_nodule_0/slice_7.png","1","train","LIDC-IDRI-0109","100","0"
"processed_data/series_100_nodule_0/slice_8.png","1","train","LIDC-IDRI-0109","100","0"
"processed_data/series_101_nodule_0/slice_0.png","1","train","LIDC-IDRI-0110","101","0"
"processed_data/series_101_nodule_0/slice_1.png","1","train","LIDC-IDRI-0110","101","0"
"processed_data/series_101_nodule_1/slice_0.png","1","train","LIDC-IDRI-0110","101","1"
"processed_data/series_101_nodule_1/slice_1.png","1","train","LIDC-IDRI-0110","101","1"
"processed_data/series_102_nodule_0/slice_0.png","1","test","LIDC-IDRI-0111","102","0"
"processed_data/series_102_nodule_0/slice_1.png","1","test","LIDC-IDRI-0111","102","0"
"processed_data/series_102_nodule_1/slice_0.png","2","test","LIDC-IDRI-0111","102","1"
"processed_data/series_102_nodule_1/slice_1.png","2","test","LIDC-IDRI-0111","102","1"
"processed_data/series_102_nodule_1/slice_2.png","2","test","LIDC-IDRI-0111","102","1"
"processed_data/series_102_nodule_1/slice_3.png","2","test","LIDC-IDRI-0111","102","1"
"processed_data/series_102_nodule_1/slice_4.png","2","test","LIDC-IDRI-0111","102","1"
"processed_data/series_102_nodule_1/slice_5.png","2","test","LIDC-IDRI-0111","102","1"
"processed_data/series_102_nodule_1/slice_6.png","2","test","LIDC-IDRI-0111","102","1"
"processed_data/series_102_nodule_2/slice_0.png","1","test","LIDC-IDRI-0111","102","2"
"processed_data/series_102_nodule_2/slice_1.png","1","test","LIDC-IDRI-0111","102","2"
"processed_data/series_102_nodule_2/slice_2.png","1","test","LIDC-IDRI-0111","102","2"
"processed_data/series_103_nodule_0/slice_0.png","1","train","LIDC-IDRI-0112","103","0"
"processed_data/series_103_nodule_0/slice_1.png","1","train","LIDC-IDRI-0112","103","0"
"processed_data/series_103_nodule_0/slice_2.png","1","train","LIDC-IDRI-0112","103","0"
"processed_data/series_103_nodule_0/slice_3.png","1","train","LIDC-IDRI-0112","103","0"
"processed_data/series_104_nodule_0/slice_0.png","1","test","LIDC-IDRI-0113","104","0"
"processed_data/series_104_nodule_0/slice_1.png","1","test","LIDC-IDRI-0113","104","0"
"processed_data/series_104_nodule_0/slice_2.png","1","test","LIDC-IDRI-0113","104","0"
"processed_data/series_105_nodule_0/slice_0.png","2","train","LIDC-IDRI-0114","105","0"
"processed_data/series_105_nodule_0/slice_1.png","2","train","LIDC-IDRI-0114","105","0"
"processed_data/series_105_nodule_0/slice_2.png","2","train","LIDC-IDRI-0114","105","0"
"processed_data/series_105_nodule_0/slice_3.png","2","train","LIDC-IDRI-0114","105","0"
"processed_data/series_105_nodule_0/slice_4.png","2","train","LIDC-IDRI-0114","105","0"
"processed_data/series_105_nodule_0/slice_5.png","2","train","LIDC-IDRI-0114","105","0"
"processed_data/series_105_nodule_1/slice_0.png","1","train","LIDC-IDRI-0114","105","1"
"processed_data/series_105_nodule_1/slice_1.png","1","train","LIDC-IDRI-0114","105","1"
"processed_data/series_105_nodule_1/slice_2.png","1","train","LIDC-IDRI-0114","105","1"
"processed_data/series_105_nodule_1/slice_3.png","1","train","LIDC-IDRI-0114","105","1"
"processed_data/series_105_nodule_1/slice_4.png","1","train","LIDC-IDRI-0114","105","1"
"processed_data/series_105_nodule_1/slice_5.png","1","train","LIDC-IDRI-0114","105","1"
"processed_data/series_105_nodule_1/slice_6.png","1","train","LIDC-IDRI-0114","105","1"
"processed_data/series_105_nodule_1/slice_7.png","1","train","LIDC-IDRI-0114","105","1"
"processed_data/series_106_nodule_0/slice_0.png","2","train","LIDC-IDRI-0116","106","0"
"processed_data/series_106_nodule_0/slice_1.png","2","train","LIDC-IDRI-0116","106","0"
"processed_data/series_106_nodule_0/slice_2.png","2","train","LIDC-IDRI-0116","106","0"
"processed_data/series_106_nodule_0/slice_3.png","2","train","LIDC-IDRI-0116","106","0"
"processed_data/series_106_nodule_0/slice_4.png","2","train","LIDC-IDRI-0116","106","0"
"processed_data/series_106_nodule_0/slice_5.png","2","train","LIDC-IDRI-0116","106","0"
"processed_data/series_106_nodule_0/slice_6.png","2","train","LIDC-IDRI-0116","106","0"
"processed_data/series_107_nodule_0/slice_0.png","0","train","LIDC-IDRI-0118","107","0"
"processed_data/series_107_nodule_0/slice_1.png","0","train","LIDC-IDRI-0118","107","0"
"processed_data/series_107_nodule_0/slice_2.png","0","train","LIDC-IDRI-0118","107","0"
"processed_data/series_107_nodule_0/slice_3.png","0","train","LIDC-IDRI-0118","107","0"
"processed_data/series_107_nodule_1/slice_0.png","0","train","LIDC-IDRI-0118","107","1"
"processed_data/series_107_nodule_1/slice_1.png","0","train","LIDC-IDRI-0118","107","1"
"processed_data/series_107_nodule_1/slice_2.png","0","train","LIDC-IDRI-0118","107","1"
"processed_data/series_107_nodule_1/slice_3.png","0","train","LIDC-IDRI-0118","107","1"
"processed_data/series_107_nodule_2/slice_0.png","0","train","LIDC-IDRI-0118","107","2"
"processed_data/series_107_nodule_2/slice_1.png","0","train","LIDC-IDRI-0118","107","2"
"processed_data/series_107_nodule_2/slice_2.png","0","train","LIDC-IDRI-0118","107","2"
"processed_data/series_107_nodule_2/slice_3.png","0","train","LIDC-IDRI-0118","107","2"
"processed_data/series_108_nodule_0/slice_0.png","2","train","LIDC-IDRI-0121","108","0"
"processed_data/series_108_nodule_0/slice_1.png","2","train","LIDC-IDRI-0121","108","0"
"processed_data/series_108_nodule_0/slice_10.png","2","train","LIDC-IDRI-0121","108","0"
"processed_data/series_108_nodule_0/slice_11.png","2","train","LIDC-IDRI-0121","108","0"
"processed_data/series_108_nodule_0/slice_2.png","2","train","LIDC-IDRI-0121","108","0"
"processed_data/series_108_nodule_0/slice_3.png","2","train","LIDC-IDRI-0121","108","0"
"processed_data/series_108_nodule_0/slice_4.png","2","train","LIDC-IDRI-0121","108","0"
"processed_data/series_108_nodule_0/slice_5.png","2","train","LIDC-IDRI-0121","108","0"
"processed_data/series_108_nodule_0/slice_6.png","2","train","LIDC-IDRI-0121","108","0"
"processed_data/series_108_nodule_0/slice_7.png","2","train","LIDC-IDRI-0121","108","0"
"processed_data/series_108_nodule_0/slice_8.png","2","train","LIDC-IDRI-0121","108","0"
"processed_data/series_108_nodule_0/slice_9.png","2","train","LIDC-IDRI-0121","108","0"
"processed_data/series_108_nodule_1/slice_0.png","1","train","LIDC-IDRI-0121","108","1"
"processed_data/series_108_nodule_1/slice_1.png","1","train","LIDC-IDRI-0121","108","1"
"processed_data/series_108_nodule_1/slice_2.png","1","train","LIDC-IDRI-0121","108","1"
"processed_data/series_108_nodule_1/slice_3.png","1","train","LIDC-IDRI-0121","108","1"
"processed_data/series_108_nodule_1/slice_4.png","1","train","LIDC-IDRI-0121","108","1"
"processed_data/series_108_nodule_2/slice_0.png","1","train","LIDC-IDRI-0121","108","2"
"processed_data/series_108_nodule_2/slice_1.png","1","train","LIDC-IDRI-0121","108","2"
"processed_data/series_108_nodule_2/slice_2.png","1","train","LIDC-IDRI-0121","108","2"
"processed_data/series_108_nodule_2/slice_3.png","1","train","LIDC-IDRI-0121","108","2"
"processed_data/series_108_nodule_2/slice_4.png","1","train","LIDC-IDRI-0121","108","2"
"processed_data/series_108_nodule_2/slice_5.png","1","train","LIDC-IDRI-0121","108","2"
"processed_data/series_109_nodule_0/slice_0.png","1","train","LIDC-IDRI-0122","109","0"
"processed_data/series_109_nodule_0/slice_1.png","1","train","LIDC-IDRI-0122","109","0"
"processed_data/series_109_nodule_0/slice_2.png","1","train","LIDC-IDRI-0122","109","0"
"processed_data/series_110_nodule_0/slice_0.png","1","val","LIDC-IDRI-0123","110","0"
"processed_data/series_110_nodule_0/slice_1.png","1","val","LIDC-IDRI-0123","110","0"
"processed_data/series_110_nodule_0/slice_2.png","1","val","LIDC-IDRI-0123","110","0"
"processed_data/series_110_nodule_0/slice_3.png","1","val","LIDC-IDRI-0123","110","0"
"processed_data/series_110_nodule_0/slice_4.png","1","val","LIDC-IDRI-0123","110","0"
"processed_data/series_111_nodule_0/slice_0.png","1","train","LIDC-IDRI-0124","111","0"
"processed_data/series_111_nodule_0/slice_1.png","1","train","LIDC-IDRI-0124","111","0"
"processed_data/series_111_nodule_1/slice_0.png","1","train","LIDC-IDRI-0124","111","1"
"processed_data/series_111_nodule_1/slice_1.png","1","train","LIDC-IDRI-0124","111","1"
"processed_data/series_111_nodule_1/slice_2.png","1","train","LIDC-IDRI-0124","111","1"
"processed_data/series_111_nodule_1/slice_3.png","1","train","LIDC-IDRI-0124","111","1"
"processed_data/series_111_nodule_2/slice_0.png","1","train","LIDC-IDRI-0124","111","2"
"processed_data/series_111_nodule_2/slice_1.png","1","train","LIDC-IDRI-0124","111","2"
"processed_data/series_111_nodule_3/slice_0.png","1","train","LIDC-IDRI-0124","111","3"
"processed_data/series_111_nodule_3/slice_1.png","1","train","LIDC-IDRI-0124","111","3"
"processed_data/series_111_nodule_3/slice_2.png","1","train","LIDC-IDRI-0124","111","3"
"processed_data/series_111_nodule_4/slice_0.png","1","train","LIDC-IDRI-0124","111","4"
"processed_data/series_111_nodule_4/slice_1.png","1","train","LIDC-IDRI-0124","111","4"
"processed_data/series_111_nodule_4/slice_2.png","1","train","LIDC-IDRI-0124","111","4"
"processed_data/series_111_nodule_5/slice_0.png","0","train","LIDC-IDRI-0124","111","5"
"processed_data/series_111_nodule_5/slice_1.png","0","train","LIDC-IDRI-0124","111","5"
"processed_data/series_111_nodule_6/slice_0.png","1","train","LIDC-IDRI-0124","111","6"
"processed_data/series_111_nodule_6/slice_1.png","1","train","LIDC-IDRI-0124","111","6"
"processed_data/series_111_nodule_7/slice_0.png","1","train","LIDC-IDRI-0124","111","7"
"processed_data/series_111_nodule_7/slice_1.png","1","train","LIDC-IDRI-0124","111","7"
"processed_data/series_111_nodule_7/slice_2.png","1","train","LIDC-IDRI-0124","111","7"
"processed_data/series_111_nodule_8/slice_0.png","1","train","LIDC-IDRI-0124","111","8"
"processed_data/series_111_nodule_9/slice_0.png","1","train","LIDC-IDRI-0124","111","9"
"processed_data/series_111_nodule_9/slice_1.png","1","train","LIDC-IDRI-0124","111","9"
"processed_data/series_111_nodule_9/slice_2.png","1","train","LIDC-IDRI-0124","111","9"
"processed_data/series_112_nodule_0/slice_0.png","1","train","LIDC-IDRI-0125","112","0"
"processed_data/series_112_nodule_0/slice_1.png","1","train","LIDC-IDRI-0125","112","0"
"processed_data/series_112_nodule_0/slice_2.png","1","train","LIDC-IDRI-0125","112","0"
"processed_data/series_112_nodule_0/slice_3.png","1","train","LIDC-IDRI-0125","112","0"
"processed_data/series_112_nodule_1/slice_0.png","0","train","LIDC-IDRI-0125","112","1"
"processed_data/series_112_nodule_1/slice_1.png","0","train","LIDC-IDRI-0125","112","1"
"processed_data/series_112_nodule_1/slice_2.png","0","train","LIDC-IDRI-0125","112","1"
"processed_data/series_113_nodule_0/slice_0.png","1","test","LIDC-IDRI-0126","113","0"
"processed_data/series_113_nodule_0/slice_1.png","1","test","LIDC-IDRI-0126","113","0"
"processed_data/series_113_nodule_0/slice_2.png","1","test","LIDC-IDRI-0126","113","0"
"processed_data/series_114_nodule_0/slice_0.png","1","test","LIDC-IDRI-0128","114","0"
"processed_data/series_114_nodule_0/slice_1.png","1","test","LIDC-IDRI-0128","114","0"
"processed_data/series_114_nodule_0/slice_2.png","1","test","LIDC-IDRI-0128","114","0"
"processed_data/series_114_nodule_0/slice_3.png","1","test","LIDC-IDRI-0128","114","0"
"processed_data/series_115_nodule_0/slice_0.png","1","train","LIDC-IDRI-0129","115","0"
"processed_data/series_115_nodule_0/slice_1.png","1","train","LIDC-IDRI-0129","115","0"
"processed_data/series_115_nodule_0/slice_2.png","1","train","LIDC-IDRI-0129","115","0"
"processed_data/series_115_nodule_0/slice_3.png","1","train","LIDC-IDRI-0129","115","0"
"processed_data/series_115_nodule_0/slice_4.png","1","train","LIDC-IDRI-0129","115","0"
"processed_data/series_115_nodule_0/slice_5.png","1","train","LIDC-IDRI-0129","115","0"
"processed_data/series_115_nodule_0/slice_6.png","1","train","LIDC-IDRI-0129","115","0"
"processed_data/series_115_nodule_0/slice_7.png","1","train","LIDC-IDRI-0129","115","0"
"processed_data/series_115_nodule_0/slice_8.png","1","train","LIDC-IDRI-0129","115","0"
"processed_data/series_115_nodule_0/slice_9.png","1","train","LIDC-IDRI-0129","115","0"
"processed_data/series_115_nodule_1/slice_0.png","1","train","LIDC-IDRI-0129","115","1"
"processed_data/series_115_nodule_1/slice_1.png","1","train","LIDC-IDRI-0129","115","1"
"processed_data/series_115_nodule_1/slice_2.png","1","train","LIDC-IDRI-0129","115","1"
"processed_data/series_115_nodule_1/slice_3.png","1","train","LIDC-IDRI-0129","115","1"
"processed_data/series_115_nodule_1/slice_4.png","1","train","LIDC-IDRI-0129","115","1"
"processed_data/series_115_nodule_1/slice_5.png","1","train","LIDC-IDRI-0129","115","1"
"processed_data/series_115_nodule_2/slice_0.png","1","train","LIDC-IDRI-0129","115","2"
"processed_data/series_115_nodule_2/slice_1.png","1","train","LIDC-IDRI-0129","115","2"
"processed_data/series_115_nodule_2/slice_2.png","1","train","LIDC-IDRI-0129","115","2"
"processed_data/series_115_nodule_2/slice_3.png","1","train","LIDC-IDRI-0129","115","2"
"processed_data/series_115_nodule_2/slice_4.png","1","train","LIDC-IDRI-0129","115","2"
"processed_data/series_115_nodule_2/slice_5.png","1","train","LIDC-IDRI-0129","115","2"
"processed_data/series_115_nodule_3/slice_0.png","1","train","LIDC-IDRI-0129","115","3"
"processed_data/series_115_nodule_3/slice_1.png","1","train","LIDC-IDRI-0129","115","3"
"processed_data/series_115_nodule_3/slice_2.png","1","train","LIDC-IDRI-0129","115","3"
"processed_data/series_115_nodule_3/slice_3.png","1","train","LIDC-IDRI-0129","115","3"
"processed_data/series_115_nodule_4/slice_0.png","1","train","LIDC-IDRI-0129","115","4"
"processed_data/series_115_nodule_4/slice_1.png","1","train","LIDC-IDRI-0129","115","4"
"processed_data/series_115_nodule_4/slice_2.png","1","train","LIDC-IDRI-0129","115","4"
"processed_data/series_115_nodule_4/slice_3.png","1","train","LIDC-IDRI-0129","115","4"
"processed_data/series_115_nodule_5/slice_0.png","1","train","LIDC-IDRI-0129","115","5"
"processed_data/series_115_nodule_5/slice_1.png","1","train","LIDC-IDRI-0129","115","5"
"processed_data/series_115_nodule_5/slice_2.png","1","train","LIDC-IDRI-0129","115","5"
"processed_data/series_115_nodule_6/slice_0.png","1","train","LIDC-IDRI-0129","115","6"
"processed_data/series_115_nodule_6/slice_1.png","1","train","LIDC-IDRI-0129","115","6"
"processed_data/series_115_nodule_7/slice_0.png","1","train","LIDC-IDRI-0129","115","7"
"processed_data/series_115_nodule_7/slice_1.png","1","train","LIDC-IDRI-0129","115","7"
"processed_data/series_115_nodule_7/slice_2.png","1","train","LIDC-IDRI-0129","115","7"
"processed_data/series_115_nodule_7/slice_3.png","1","train","LIDC-IDRI-0129","115","7"
"processed_data/series_115_nodule_7/slice_4.png","1","train","LIDC-IDRI-0129","115","7"
"processed_data/series_115_nodule_7/slice_5.png","1","train","LIDC-IDRI-0129","115","7"
"processed_data/series_115_nodule_8/slice_0.png","2","train","LIDC-IDRI-0129","115","8"
"processed_data/series_115_nodule_8/slice_1.png","2","train","LIDC-IDRI-0129","115","8"
"processed_data/series_115_nodule_8/slice_2.png","2","train","LIDC-IDRI-0129","115","8"
"processed_data/series_115_nodule_8/slice_3.png","2","train","LIDC-IDRI-0129","115","8"
"processed_data/series_115_nodule_8/slice_4.png","2","train","LIDC-IDRI-0129","115","8"
"processed_data/series_115_nodule_8/slice_5.png","2","train","LIDC-IDRI-0129","115","8"
"processed_data/series_115_nodule_8/slice_6.png","2","train","LIDC-IDRI-0129","115","8"
"processed_data/series_115_nodule_8/slice_7.png","2","train","LIDC-IDRI-0129","115","8"
"processed_data/series_115_nodule_8/slice_8.png","2","train","LIDC-IDRI-0129","115","8"
"processed_data/series_115_nodule_9/slice_0.png","1","train","LIDC-IDRI-0129","115","9"
"processed_data/series_115_nodule_9/slice_1.png","1","train","LIDC-IDRI-0129","115","9"
"processed_data/series_115_nodule_9/slice_2.png","1","train","LIDC-IDRI-0129","115","9"
"processed_data/series_115_nodule_10/slice_0.png","1","train","LIDC-IDRI-0129","115","10"
"processed_data/series_115_nodule_10/slice_1.png","1","train","LIDC-IDRI-0129","115","10"
"processed_data/series_115_nodule_10/slice_2.png","1","train","LIDC-IDRI-0129","115","10"
"processed_data/series_115_nodule_10/slice_3.png","1","train","LIDC-IDRI-0129","115","10"
"processed_data/series_115_nodule_10/slice_4.png","1","train","LIDC-IDRI-0129","115","10"
"processed_data/series_115_nodule_11/slice_0.png","2","train","LIDC-IDRI-0129","115","11"
"processed_data/series_115_nodule_11/slice_1.png","2","train","LIDC-IDRI-0129","115","11"
"processed_data/series_115_nodule_11/slice_2.png","2","train","LIDC-IDRI-0129","115","11"
"processed_data/series_115_nodule_11/slice_3.png","2","train","LIDC-IDRI-0129","115","11"
"processed_data/series_115_nodule_11/slice_4.png","2","train","LIDC-IDRI-0129","115","11"
"processed_data/series_115_nodule_11/slice_5.png","2","train","LIDC-IDRI-0129","115","11"
"processed_data/series_115_nodule_11/slice_6.png","2","train","LIDC-IDRI-0129","115","11"
"processed_data/series_115_nodule_11/slice_7.png","2","train","LIDC-IDRI-0129","115","11"
"processed_data/series_115_nodule_11/slice_8.png","2","train","LIDC-IDRI-0129","115","11"
"processed_data/series_115_nodule_12/slice_0.png","0","train","LIDC-IDRI-0129","115","12"
"processed_data/series_115_nodule_12/slice_1.png","0","train","LIDC-IDRI-0129","115","12"
"processed_data/series_115_nodule_12/slice_2.png","0","train","LIDC-IDRI-0129","115","12"
"processed_data/series_115_nodule_13/slice_0.png","1","train","LIDC-IDRI-0129","115","13"
"processed_data/series_115_nodule_13/slice_1.png","1","train","LIDC-IDRI-0129","115","13"
"processed_data/series_115_nodule_13/slice_2.png","1","train","LIDC-IDRI-0129","115","13"
"processed_data/series_115_nodule_13/slice_3.png","1","train","LIDC-IDRI-0129","115","13"
"processed_data/series_115_nodule_13/slice_4.png","1","train","LIDC-IDRI-0129","115","13"
"processed_data/series_116_nodule_0/slice_0.png","2","train","LIDC-IDRI-0131","116","0"
"processed_data/series_116_nodule_0/slice_1.png","2","train","LIDC-IDRI-0131","116","0"
"processed_data/series_116_nodule_0/slice_2.png","2","train","LIDC-IDRI-0131","116","0"
"processed_data/series_117_nodule_0/slice_0.png","1","train","LIDC-IDRI-0132","117","0"
"processed_data/series_117_nodule_0/slice_1.png","1","train","LIDC-IDRI-0132","117","0"
"processed_data/series_117_nodule_0/slice_2.png","1","train","LIDC-IDRI-0132","117","0"
"processed_data/series_117_nodule_0/slice_3.png","1","train","LIDC-IDRI-0132","117","0"
"processed_data/series_117_nodule_0/slice_4.png","1","train","LIDC-IDRI-0132","117","0"
"processed_data/series_117_nodule_0/slice_5.png","1","train","LIDC-IDRI-0132","117","0"
"processed_data/series_117_nodule_0/slice_6.png","1","train","LIDC-IDRI-0132","117","0"
"processed_data/series_117_nodule_0/slice_7.png","1","train","LIDC-IDRI-0132","117","0"
"processed_data/series_117_nodule_0/slice_8.png","1","train","LIDC-IDRI-0132","117","0"
"processed_data/series_117_nodule_1/slice_0.png","2","train","LIDC-IDRI-0132","117","1"
"processed_data/series_117_nodule_1/slice_1.png","2","train","LIDC-IDRI-0132","117","1"
"processed_data/series_117_nodule_1/slice_2.png","2","train","LIDC-IDRI-0132","117","1"
"processed_data/series_117_nodule_1/slice_3.png","2","train","LIDC-IDRI-0132","117","1"
"processed_data/series_118_nodule_0/slice_0.png","1","train","LIDC-IDRI-0133","118","0"
"processed_data/series_118_nodule_0/slice_1.png","1","train","LIDC-IDRI-0133","118","0"
"processed_data/series_118_nodule_0/slice_10.png","1","train","LIDC-IDRI-0133","118","0"
"processed_data/series_118_nodule_0/slice_11.png","1","train","LIDC-IDRI-0133","118","0"
"processed_data/series_118_nodule_0/slice_12.png","1","train","LIDC-IDRI-0133","118","0"
"processed_data/series_118_nodule_0/slice_2.png","1","train","LIDC-IDRI-0133","118","0"
"processed_data/series_118_nodule_0/slice_3.png","1","train","LIDC-IDRI-0133","118","0"
"processed_data/series_118_nodule_0/slice_4.png","1","train","LIDC-IDRI-0133","118","0"
"processed_data/series_118_nodule_0/slice_5.png","1","train","LIDC-IDRI-0133","118","0"
"processed_data/series_118_nodule_0/slice_6.png","1","train","LIDC-IDRI-0133","118","0"
"processed_data/series_118_nodule_0/slice_7.png","1","train","LIDC-IDRI-0133","118","0"
"processed_data/series_118_nodule_0/slice_8.png","1","train","LIDC-IDRI-0133","118","0"
"processed_data/series_118_nodule_0/slice_9.png","1","train","LIDC-IDRI-0133","118","0"
"processed_data/series_119_nodule_0/slice_0.png","1","train","LIDC-IDRI-0135","119","0"
"processed_data/series_119_nodule_0/slice_1.png","1","train","LIDC-IDRI-0135","119","0"
"processed_data/series_119_nodule_1/slice_0.png","1","train","LIDC-IDRI-0135","119","1"
"processed_data/series_119_nodule_1/slice_1.png","1","train","LIDC-IDRI-0135","119","1"
"processed_data/series_119_nodule_1/slice_2.png","1","train","LIDC-IDRI-0135","119","1"
"processed_data/series_119_nodule_2/slice_0.png","1","train","LIDC-IDRI-0135","119","2"
"processed_data/series_119_nodule_2/slice_1.png","1","train","LIDC-IDRI-0135","119","2"
"processed_data/series_119_nodule_3/slice_0.png","1","train","LIDC-IDRI-0135","119","3"
"processed_data/series_119_nodule_3/slice_1.png","1","train","LIDC-IDRI-0135","119","3"
"processed_data/series_119_nodule_3/slice_2.png","1","train","LIDC-IDRI-0135","119","3"
"processed_data/series_119_nodule_4/slice_0.png","0","train","LIDC-IDRI-0135","119","4"
"processed_data/series_119_nodule_4/slice_1.png","0","train","LIDC-IDRI-0135","119","4"
"processed_data/series_119_nodule_4/slice_2.png","0","train","LIDC-IDRI-0135","119","4"
"processed_data/series_119_nodule_5/slice_0.png","1","train","LIDC-IDRI-0135","119","5"
"processed_data/series_119_nodule_5/slice_1.png","1","train","LIDC-IDRI-0135","119","5"
"processed_data/series_120_nodule_0/slice_0.png","1","train","LIDC-IDRI-0137","120","0"
"processed_data/series_120_nodule_0/slice_1.png","1","train","LIDC-IDRI-0137","120","0"
"processed_data/series_120_nodule_0/slice_2.png","1","train","LIDC-IDRI-0137","120","0"
"processed_data/series_120_nodule_0/slice_3.png","1","train","LIDC-IDRI-0137","120","0"
"processed_data/series_120_nodule_1/slice_0.png","0","train","LIDC-IDRI-0137","120","1"
"processed_data/series_120_nodule_1/slice_1.png","0","train","LIDC-IDRI-0137","120","1"
"processed_data/series_122_nodule_0/slice_0.png","1","val","LIDC-IDRI-0139","122","0"
"processed_data/series_122_nodule_0/slice_1.png","1","val","LIDC-IDRI-0139","122","0"
"processed_data/series_122_nodule_0/slice_2.png","1","val","LIDC-IDRI-0139","122","0"
"processed_data/series_122_nodule_0/slice_3.png","1","val","LIDC-IDRI-0139","122","0"
"processed_data/series_122_nodule_0/slice_4.png","1","val","LIDC-IDRI-0139","122","0"
"processed_data/series_122_nodule_0/slice_5.png","1","val","LIDC-IDRI-0139","122","0"
"processed_data/series_122_nodule_0/slice_6.png","1","val","LIDC-IDRI-0139","122","0"
"processed_data/series_122_nodule_0/slice_7.png","1","val","LIDC-IDRI-0139","122","0"
"processed_data/series_122_nodule_1/slice_0.png","2","val","LIDC-IDRI-0139","122","1"
"processed_data/series_122_nodule_1/slice_1.png","2","val","LIDC-IDRI-0139","122","1"
"processed_data/series_122_nodule_1/slice_2.png","2","val","LIDC-IDRI-0139","122","1"
"processed_data/series_122_nodule_1/slice_3.png","2","val","LIDC-IDRI-0139","122","1"
"processed_data/series_122_nodule_1/slice_4.png","2","val","LIDC-IDRI-0139","122","1"
"processed_data/series_122_nodule_1/slice_5.png","2","val","LIDC-IDRI-0139","122","1"
"processed_data/series_122_nodule_1/slice_6.png","2","val","LIDC-IDRI-0139","122","1"
"processed_data/series_122_nodule_1/slice_7.png","2","val","LIDC-IDRI-0139","122","1"
"processed_data/series_122_nodule_1/slice_8.png","2","val","LIDC-IDRI-0139","122","1"
"processed_data/series_123_nodule_0/slice_0.png","0","train","LIDC-IDRI-0141","123","0"
"processed_data/series_123_nodule_0/slice_1.png","0","train","LIDC-IDRI-0141","123","0"
"processed_data/series_123_nodule_0/slice_2.png","0","train","LIDC-IDRI-0141","123","0"
"processed_data/series_123_nodule_0/slice_3.png","0","train","LIDC-IDRI-0141","123","0"
"processed_data/series_123_nodule_0/slice_4.png","0","train","LIDC-IDRI-0141","123","0"
"processed_data/series_123_nodule_1/slice_0.png","1","train","LIDC-IDRI-0141","123","1"
"processed_data/series_123_nodule_1/slice_1.png","1","train","LIDC-IDRI-0141","123","1"
"processed_data/series_123_nodule_1/slice_2.png","1","train","LIDC-IDRI-0141","123","1"
"processed_data/series_123_nodule_1/slice_3.png","1","train","LIDC-IDRI-0141","123","1"
"processed_data/series_123_nodule_1/slice_4.png","1","train","LIDC-IDRI-0141","123","1"
"processed_data/series_123_nodule_1/slice_5.png","1","train","LIDC-IDRI-0141","123","1"
"processed_data/series_123_nodule_1/slice_6.png","1","train","LIDC-IDRI-0141","123","1"
"processed_data/series_123_nodule_2/slice_0.png","0","train","LIDC-IDRI-0141","123","2"
"processed_data/series_123_nodule_2/slice_1.png","0","train","LIDC-IDRI-0141","123","2"
"processed_data/series_123_nodule_2/slice_2.png","0","train","LIDC-IDRI-0141","123","2"
"processed_data/series_123_nodule_2/slice_3.png","0","train","LIDC-IDRI-0141","123","2"
"processed_data/series_123_nodule_3/slice_0.png","1","train","LIDC-IDRI-0141","123","3"
"processed_data/series_123_nodule_3/slice_1.png","1","train","LIDC-IDRI-0141","123","3"
"processed_data/series_123_nodule_3/slice_2.png","1","train","LIDC-IDRI-0141","123","3"
"processed_data/series_123_nodule_3/slice_3.png","1","train","LIDC-IDRI-0141","123","3"
"processed_data/series_123_nodule_3/slice_4.png","1","train","LIDC-IDRI-0141","123","3"
"processed_data/series_126_nodule_0/slice_0.png","0","train","LIDC-IDRI-0144","126","0"
"processed_data/series_126_nodule_0/slice_1.png","0","train","LIDC-IDRI-0144","126","0"
"processed_data/series_126_nodule_1/slice_0.png","0","train","LIDC-IDRI-0144","126","1"
"processed_data/series_126_nodule_1/slice_1.png","0","train","LIDC-IDRI-0144","126","1"
"processed_data/series_126_nodule_1/slice_2.png","0","train","LIDC-IDRI-0144","126","1"
"processed_data/series_126_nodule_2/slice_0.png","1","train","LIDC-IDRI-0144","126","2"
"processed_data/series_126_nodule_2/slice_1.png","1","train","LIDC-IDRI-0144","126","2"
"processed_data/series_126_nodule_2/slice_2.png","1","train","LIDC-IDRI-0144","126","2"
"processed_data/series_126_nodule_2/slice_3.png","1","train","LIDC-IDRI-0144","126","2"
"processed_data/series_126_nodule_3/slice_0.png","0","train","LIDC-IDRI-0144","126","3"
"processed_data/series_126_nodule_3/slice_1.png","0","train","LIDC-IDRI-0144","126","3"
"processed_data/series_126_nodule_3/slice_2.png","0","train","LIDC-IDRI-0144","126","3"
"processed_data/series_126_nodule_4/slice_0.png","0","train","LIDC-IDRI-0144","126","4"
"processed_data/series_126_nodule_4/slice_1.png","0","train","LIDC-IDRI-0144","126","4"
"processed_data/series_126_nodule_4/slice_2.png","0","train","LIDC-IDRI-0144","126","4"
"processed_data/series_127_nodule_0/slice_0.png","1","val","LIDC-IDRI-0145","127","0"
"processed_data/series_127_nodule_0/slice_1.png","1","val","LIDC-IDRI-0145","127","0"
"processed_data/series_127_nodule_0/slice_2.png","1","val","LIDC-IDRI-0145","127","0"
"processed_data/series_127_nodule_0/slice_3.png","1","val","LIDC-IDRI-0145","127","0"
"processed_data/series_128_nodule_0/slice_0.png","1","train","LIDC-IDRI-0146","128","0"
"processed_data/series_128_nodule_0/slice_1.png","1","train","LIDC-IDRI-0146","128","0"
"processed_data/series_128_nodule_0/slice_10.png","1","train","LIDC-IDRI-0146","128","0"
"processed_data/series_128_nodule_0/slice_11.png","1","train","LIDC-IDRI-0146","128","0"
"processed_data/series_128_nodule_0/slice_12.png","1","train","LIDC-IDRI-0146","128","0"
"processed_data/series_128_nodule_0/slice_13.png","1","train","LIDC-IDRI-0146","128","0"
"processed_data/series_128_nodule_0/slice_14.png","1","train","LIDC-IDRI-0146","128","0"
"processed_data/series_128_nodule_0/slice_2.png","1","train","LIDC-IDRI-0146","128","0"
"processed_data/series_128_nodule_0/slice_3.png","1","train","LIDC-IDRI-0146","128","0"
"processed_data/series_128_nodule_0/slice_4.png","1","train","LIDC-IDRI-0146","128","0"
"processed_data/series_128_nodule_0/slice_5.png","1","train","LIDC-IDRI-0146","128","0"
"processed_data/series_128_nodule_0/slice_6.png","1","train","LIDC-IDRI-0146","128","0"
"processed_data/series_128_nodule_0/slice_7.png","1","train","LIDC-IDRI-0146","128","0"
"processed_data/series_128_nodule_0/slice_8.png","1","train","LIDC-IDRI-0146","128","0"
"processed_data/series_128_nodule_0/slice_9.png","1","train","LIDC-IDRI-0146","128","0"
"processed_data/series_129_nodule_0/slice_0.png","1","train","LIDC-IDRI-0148","129","0"
"processed_data/series_129_nodule_0/slice_1.png","1","train","LIDC-IDRI-0148","129","0"
"processed_data/series_129_nodule_0/slice_2.png","1","train","LIDC-IDRI-0148","129","0"
"processed_data/series_129_nodule_0/slice_3.png","1","train","LIDC-IDRI-0148","129","0"
"processed_data/series_129_nodule_0/slice_4.png","1","train","LIDC-IDRI-0148","129","0"
"processed_data/series_129_nodule_0/slice_5.png","1","train","LIDC-IDRI-0148","129","0"
"processed_data/series_129_nodule_1/slice_0.png","2","train","LIDC-IDRI-0148","129","1"
"processed_data/series_129_nodule_1/slice_1.png","2","train","LIDC-IDRI-0148","129","1"
"processed_data/series_129_nodule_1/slice_2.png","2","train","LIDC-IDRI-0148","129","1"
"processed_data/series_129_nodule_1/slice_3.png","2","train","LIDC-IDRI-0148","129","1"
"processed_data/series_129_nodule_1/slice_4.png","2","train","LIDC-IDRI-0148","129","1"
"processed_data/series_129_nodule_1/slice_5.png","2","train","LIDC-IDRI-0148","129","1"
"processed_data/series_129_nodule_2/slice_0.png","2","train","LIDC-IDRI-0148","129","2"
"processed_data/series_129_nodule_2/slice_1.png","2","train","LIDC-IDRI-0148","129","2"
"processed_data/series_129_nodule_2/slice_2.png","2","train","LIDC-IDRI-0148","129","2"
"processed_data/series_129_nodule_2/slice_3.png","2","train","LIDC-IDRI-0148","129","2"
"processed_data/series_129_nodule_2/slice_4.png","2","train","LIDC-IDRI-0148","129","2"
"processed_data/series_130_nodule_0/slice_0.png","1","train","LIDC-IDRI-0149","130","0"
"processed_data/series_130_nodule_0/slice_1.png","1","train","LIDC-IDRI-0149","130","0"
"processed_data/series_130_nodule_0/slice_2.png","1","train","LIDC-IDRI-0149","130","0"
"processed_data/series_130_nodule_1/slice_0.png","1","train","LIDC-IDRI-0149","130","1"
"processed_data/series_130_nodule_1/slice_1.png","1","train","LIDC-IDRI-0149","130","1"
"processed_data/series_130_nodule_2/slice_0.png","1","train","LIDC-IDRI-0149","130","2"
"processed_data/series_130_nodule_2/slice_1.png","1","train","LIDC-IDRI-0149","130","2"
"processed_data/series_131_nodule_0/slice_0.png","1","test","LIDC-IDRI-0151","131","0"
"processed_data/series_131_nodule_0/slice_1.png","1","test","LIDC-IDRI-0151","131","0"
"processed_data/series_131_nodule_0/slice_2.png","1","test","LIDC-IDRI-0151","131","0"
"processed_data/series_131_nodule_0/slice_3.png","1","test","LIDC-IDRI-0151","131","0"
"processed_data/series_132_nodule_0/slice_0.png","1","test","LIDC-IDRI-0152","132","0"
"processed_data/series_132_nodule_0/slice_1.png","1","test","LIDC-IDRI-0152","132","0"
"processed_data/series_132_nodule_0/slice_2.png","1","test","LIDC-IDRI-0152","132","0"
"processed_data/series_132_nodule_0/slice_3.png","1","test","LIDC-IDRI-0152","132","0"
"processed_data/series_133_nodule_0/slice_0.png","1","val","LIDC-IDRI-0153","133","0"
"processed_data/series_133_nodule_0/slice_1.png","1","val","LIDC-IDRI-0153","133","0"
"processed_data/series_133_nodule_0/slice_2.png","1","val","LIDC-IDRI-0153","133","0"
"processed_data/series_133_nodule_0/slice_3.png","1","val","LIDC-IDRI-0153","133","0"
"processed_data/series_133_nodule_0/slice_4.png","1","val","LIDC-IDRI-0153","133","0"
"processed_data/series_133_nodule_0/slice_5.png","1","val","LIDC-IDRI-0153","133","0"
"processed_data/series_133_nodule_1/slice_0.png","2","val","LIDC-IDRI-0153","133","1"
"processed_data/series_133_nodule_1/slice_1.png","2","val","LIDC-IDRI-0153","133","1"
"processed_data/series_133_nodule_1/slice_2.png","2","val","LIDC-IDRI-0153","133","1"
"processed_data/series_133_nodule_1/slice_3.png","2","val","LIDC-IDRI-0153","133","1"
"processed_data/series_133_nodule_1/slice_4.png","2","val","LIDC-IDRI-0153","133","1"
"processed_data/series_133_nodule_1/slice_5.png","2","val","LIDC-IDRI-0153","133","1"
"processed_data/series_135_nodule_0/slice_0.png","2","train","LIDC-IDRI-0156","135","0"
"processed_data/series_135_nodule_0/slice_1.png","2","train","LIDC-IDRI-0156","135","0"
"processed_data/series_135_nodule_0/slice_2.png","2","train","LIDC-IDRI-0156","135","0"
"processed_data/series_135_nodule_0/slice_3.png","2","train","LIDC-IDRI-0156","135","0"
"processed_data/series_137_nodule_0/slice_0.png","1","train","LIDC-IDRI-0158","137","0"
"processed_data/series_137_nodule_0/slice_1.png","1","train","LIDC-IDRI-0158","137","0"
"processed_data/series_137_nodule_0/slice_2.png","1","train","LIDC-IDRI-0158","137","0"
"processed_data/series_137_nodule_0/slice_3.png","1","train","LIDC-IDRI-0158","137","0"
"processed_data/series_137_nodule_0/slice_4.png","1","train","LIDC-IDRI-0158","137","0"
"processed_data/series_137_nodule_0/slice_5.png","1","train","LIDC-IDRI-0158","137","0"
"processed_data/series_137_nodule_1/slice_0.png","1","train","LIDC-IDRI-0158","137","1"
"processed_data/series_137_nodule_1/slice_1.png","1","train","LIDC-IDRI-0158","137","1"
"processed_data/series_137_nodule_1/slice_2.png","1","train","LIDC-IDRI-0158","137","1"
"processed_data/series_137_nodule_1/slice_3.png","1","train","LIDC-IDRI-0158","137","1"
"processed_data/series_137_nodule_1/slice_4.png","1","train","LIDC-IDRI-0158","137","1"
"processed_data/series_137_nodule_1/slice_5.png","1","train","LIDC-IDRI-0158","137","1"
"processed_data/series_137_nodule_1/slice_6.png","1","train","LIDC-IDRI-0158","137","1"
"processed_data/series_137_nodule_1/slice_7.png","1","train","LIDC-IDRI-0158","137","1"
"processed_data/series_137_nodule_1/slice_8.png","1","train","LIDC-IDRI-0158","137","1"
"processed_data/series_138_nodule_0/slice_0.png","1","val","LIDC-IDRI-0159","138","0"
"processed_data/series_138_nodule_0/slice_1.png","1","val","LIDC-IDRI-0159","138","0"
"processed_data/series_138_nodule_0/slice_2.png","1","val","LIDC-IDRI-0159","138","0"
"processed_data/series_138_nodule_0/slice_3.png","1","val","LIDC-IDRI-0159","138","0"
"processed_data/series_138_nodule_0/slice_4.png","1","val","LIDC-IDRI-0159","138","0"
"processed_data/series_138_nodule_0/slice_5.png","1","val","LIDC-IDRI-0159","138","0"
"processed_data/series_138_nodule_1/slice_0.png","1","val","LIDC-IDRI-0159","138","1"
"processed_data/series_138_nodule_1/slice_1.png","1","val","LIDC-IDRI-0159","138","1"
"processed_data/series_138_nodule_1/slice_2.png","1","val","LIDC-IDRI-0159","138","1"
"processed_data/series_138_nodule_1/slice_3.png","1","val","LIDC-IDRI-0159","138","1"
"processed_data/series_138_nodule_1/slice_4.png","1","val","LIDC-IDRI-0159","138","1"
"processed_data/series_139_nodule_0/slice_0.png","1","val","LIDC-IDRI-0160","139","0"
"processed_data/series_139_nodule_0/slice_1.png","1","val","LIDC-IDRI-0160","139","0"
"processed_data/series_139_nodule_0/slice_2.png","1","val","LIDC-IDRI-0160","139","0"
"processed_data/series_139_nodule_0/slice_3.png","1","val","LIDC-IDRI-0160","139","0"
"processed_data/series_139_nodule_0/slice_4.png","1","val","LIDC-IDRI-0160","139","0"
"processed_data/series_139_nodule_1/slice_0.png","0","val","LIDC-IDRI-0160","139","1"
"processed_data/series_139_nodule_1/slice_1.png","0","val","LIDC-IDRI-0160","139","1"
"processed_data/series_139_nodule_1/slice_2.png","0","val","LIDC-IDRI-0160","139","1"
"processed_data/series_139_nodule_1/slice_3.png","0","val","LIDC-IDRI-0160","139","1"
"processed_data/series_139_nodule_2/slice_0.png","1","val","LIDC-IDRI-0160","139","2"
"processed_data/series_139_nodule_2/slice_1.png","1","val","LIDC-IDRI-0160","139","2"
"processed_data/series_139_nodule_2/slice_2.png","1","val","LIDC-IDRI-0160","139","2"
"processed_data/series_139_nodule_3/slice_0.png","1","val","LIDC-IDRI-0160","139","3"
"processed_data/series_139_nodule_3/slice_1.png","1","val","LIDC-IDRI-0160","139","3"
"processed_data/series_139_nodule_3/slice_2.png","1","val","LIDC-IDRI-0160","139","3"
"processed_data/series_140_nodule_0/slice_0.png","1","train","LIDC-IDRI-0161","140","0"
"processed_data/series_140_nodule_0/slice_1.png","1","train","LIDC-IDRI-0161","140","0"
"processed_data/series_140_nodule_0/slice_2.png","1","train","LIDC-IDRI-0161","140","0"
"processed_data/series_140_nodule_0/slice_3.png","1","train","LIDC-IDRI-0161","140","0"
"processed_data/series_140_nodule_1/slice_0.png","1","train","LIDC-IDRI-0161","140","1"
"processed_data/series_140_nodule_1/slice_1.png","1","train","LIDC-IDRI-0161","140","1"
"processed_data/series_140_nodule_1/slice_2.png","1","train","LIDC-IDRI-0161","140","1"
"processed_data/series_140_nodule_1/slice_3.png","1","train","LIDC-IDRI-0161","140","1"
"processed_data/series_140_nodule_1/slice_4.png","1","train","LIDC-IDRI-0161","140","1"
"processed_data/series_141_nodule_0/slice_0.png","1","val","LIDC-IDRI-0162","141","0"
"processed_data/series_141_nodule_0/slice_1.png","1","val","LIDC-IDRI-0162","141","0"
"processed_data/series_141_nodule_0/slice_2.png","1","val","LIDC-IDRI-0162","141","0"
"processed_data/series_141_nodule_0/slice_3.png","1","val","LIDC-IDRI-0162","141","0"
"processed_data/series_142_nodule_0/slice_0.png","2","train","LIDC-IDRI-0163","142","0"
"processed_data/series_142_nodule_0/slice_1.png","2","train","LIDC-IDRI-0163","142","0"
"processed_data/series_142_nodule_0/slice_2.png","2","train","LIDC-IDRI-0163","142","0"
"processed_data/series_142_nodule_0/slice_3.png","2","train","LIDC-IDRI-0163","142","0"
"processed_data/series_142_nodule_0/slice_4.png","2","train","LIDC-IDRI-0163","142","0"
"processed_data/series_142_nodule_0/slice_5.png","2","train","LIDC-IDRI-0163","142","0"
"processed_data/series_142_nodule_0/slice_6.png","2","train","LIDC-IDRI-0163","142","0"
"processed_data/series_142_nodule_0/slice_7.png","2","train","LIDC-IDRI-0163","142","0"
"processed_data/series_142_nodule_0/slice_8.png","2","train","LIDC-IDRI-0163","142","0"
"processed_data/series_143_nodule_0/slice_0.png","1","val","LIDC-IDRI-0164","143","0"
"processed_data/series_143_nodule_0/slice_1.png","1","val","LIDC-IDRI-0164","143","0"
"processed_data/series_143_nodule_0/slice_2.png","1","val","LIDC-IDRI-0164","143","0"
"processed_data/series_143_nodule_0/slice_3.png","1","val","LIDC-IDRI-0164","143","0"
"processed_data/series_143_nodule_0/slice_4.png","1","val","LIDC-IDRI-0164","143","0"
"processed_data/series_143_nodule_0/slice_5.png","1","val","LIDC-IDRI-0164","143","0"
"processed_data/series_143_nodule_1/slice_0.png","1","val","LIDC-IDRI-0164","143","1"
"processed_data/series_143_nodule_1/slice_1.png","1","val","LIDC-IDRI-0164","143","1"
"processed_data/series_143_nodule_1/slice_2.png","1","val","LIDC-IDRI-0164","143","1"
"processed_data/series_143_nodule_1/slice_3.png","1","val","LIDC-IDRI-0164","143","1"
"processed_data/series_143_nodule_1/slice_4.png","1","val","LIDC-IDRI-0164","143","1"
"processed_data/series_143_nodule_2/slice_0.png","2","val","LIDC-IDRI-0164","143","2"
"processed_data/series_143_nodule_2/slice_1.png","2","val","LIDC-IDRI-0164","143","2"
"processed_data/series_143_nodule_2/slice_2.png","2","val","LIDC-IDRI-0164","143","2"
"processed_data/series_143_nodule_2/slice_3.png","2","val","LIDC-IDRI-0164","143","2"
"processed_data/series_143_nodule_2/slice_4.png","2","val","LIDC-IDRI-0164","143","2"
"processed_data/series_143_nodule_2/slice_5.png","2","val","LIDC-IDRI-0164","143","2"
"processed_data/series_143_nodule_2/slice_6.png","2","val","LIDC-IDRI-0164","143","2"
"processed_data/series_143_nodule_2/slice_7.png","2","val","LIDC-IDRI-0164","143","2"
"processed_data/series_143_nodule_2/slice_8.png","2","val","LIDC-IDRI-0164","143","2"
"processed_data/series_143_nodule_3/slice_0.png","1","val","LIDC-IDRI-0164","143","3"
"processed_data/series_143_nodule_3/slice_1.png","1","val","LIDC-IDRI-0164","143","3"
"processed_data/series_143_nodule_3/slice_2.png","1","val","LIDC-IDRI-0164","143","3"
"processed_data/series_143_nodule_3/slice_3.png","1","val","LIDC-IDRI-0164","143","3"
"processed_data/series_143_nodule_3/slice_4.png","1","val","LIDC-IDRI-0164","143","3"
"processed_data/series_143_nodule_3/slice_5.png","1","val","LIDC-IDRI-0164","143","3"
"processed_data/series_143_nodule_4/slice_0.png","1","val","LIDC-IDRI-0164","143","4"
"processed_data/series_143_nodule_4/slice_1.png","1","val","LIDC-IDRI-0164","143","4"
"processed_data/series_143_nodule_4/slice_2.png","1","val","LIDC-IDRI-0164","143","4"
"processed_data/series_143_nodule_4/slice_3.png","1","val","LIDC-IDRI-0164","143","4"
"processed_data/series_143_nodule_4/slice_4.png","1","val","LIDC-IDRI-0164","143","4"
"processed_data/series_143_nodule_5/slice_0.png","1","val","LIDC-IDRI-0164","143","5"
"processed_data/series_143_nodule_5/slice_1.png","1","val","LIDC-IDRI-0164","143","5"
"processed_data/series_143_nodule_5/slice_2.png","1","val","LIDC-IDRI-0164","143","5"
"processed_data/series_143_nodule_5/slice_3.png","1","val","LIDC-IDRI-0164","143","5"
"processed_data/series_143_nodule_6/slice_0.png","1","val","LIDC-IDRI-0164","143","6"
"processed_data/series_143_nodule_6/slice_1.png","1","val","LIDC-IDRI-0164","143","6"
"processed_data/series_143_nodule_6/slice_2.png","1","val","LIDC-IDRI-0164","143","6"
"processed_data/series_143_nodule_6/slice_3.png","1","val","LIDC-IDRI-0164","143","6"
"processed_data/series_143_nodule_6/slice_4.png","1","val","LIDC-IDRI-0164","143","6"
"processed_data/series_143_nodule_6/slice_5.png","1","val","LIDC-IDRI-0164","143","6"
"processed_data/series_143_nodule_7/slice_0.png","1","val","LIDC-IDRI-0164","143","7"
"processed_data/series_143_nodule_7/slice_1.png","1","val","LIDC-IDRI-0164","143","7"
"processed_data/series_143_nodule_7/slice_2.png","1","val","LIDC-IDRI-0164","143","7"
"processed_data/series_143_nodule_7/slice_3.png","1","val","LIDC-IDRI-0164","143","7"
"processed_data/series_143_nodule_7/slice_4.png","1","val","LIDC-IDRI-0164","143","7"
"processed_data/series_143_nodule_7/slice_5.png","1","val","LIDC-IDRI-0164","143","7"
"processed_data/series_143_nodule_7/slice_6.png","1","val","LIDC-IDRI-0164","143","7"
"processed_data/series_143_nodule_8/slice_0.png","1","val","LIDC-IDRI-0164","143","8"
"processed_data/series_143_nodule_8/slice_1.png","1","val","LIDC-IDRI-0164","143","8"
"processed_data/series_143_nodule_8/slice_2.png","1","val","LIDC-IDRI-0164","143","8"
"processed_data/series_143_nodule_8/slice_3.png","1","val","LIDC-IDRI-0164","143","8"
"processed_data/series_143_nodule_8/slice_4.png","1","val","LIDC-IDRI-0164","143","8"
"processed_data/series_146_nodule_0/slice_0.png","0","train","LIDC-IDRI-0167","146","0"
"processed_data/series_146_nodule_0/slice_1.png","0","train","LIDC-IDRI-0167","146","0"
"processed_data/series_146_nodule_1/slice_0.png","1","train","LIDC-IDRI-0167","146","1"
"processed_data/series_146_nodule_1/slice_1.png","1","train","LIDC-IDRI-0167","146","1"
"processed_data/series_146_nodule_1/slice_2.png","1","train","LIDC-IDRI-0167","146","1"
"processed_data/series_146_nodule_2/slice_0.png","0","train","LIDC-IDRI-0167","146","2"
"processed_data/series_146_nodule_2/slice_1.png","0","train","LIDC-IDRI-0167","146","2"
"processed_data/series_147_nodule_0/slice_0.png","0","train","LIDC-IDRI-0168","147","0"
"processed_data/series_147_nodule_0/slice_1.png","0","train","LIDC-IDRI-0168","147","0"
"processed_data/series_147_nodule_0/slice_2.png","0","train","LIDC-IDRI-0168","147","0"
"processed_data/series_147_nodule_0/slice_3.png","0","train","LIDC-IDRI-0168","147","0"
"processed_data/series_148_nodule_0/slice_0.png","1","train","LIDC-IDRI-0169","148","0"
"processed_data/series_148_nodule_0/slice_1.png","1","train","LIDC-IDRI-0169","148","0"
"processed_data/series_148_nodule_0/slice_2.png","1","train","LIDC-IDRI-0169","148","0"
"processed_data/series_148_nodule_1/slice_0.png","2","train","LIDC-IDRI-0169","148","1"
"processed_data/series_148_nodule_1/slice_1.png","2","train","LIDC-IDRI-0169","148","1"
"processed_data/series_148_nodule_1/slice_2.png","2","train","LIDC-IDRI-0169","148","1"
"processed_data/series_148_nodule_1/slice_3.png","2","train","LIDC-IDRI-0169","148","1"
"processed_data/series_148_nodule_1/slice_4.png","2","train","LIDC-IDRI-0169","148","1"
"processed_data/series_148_nodule_1/slice_5.png","2","train","LIDC-IDRI-0169","148","1"
"processed_data/series_148_nodule_2/slice_0.png","1","train","LIDC-IDRI-0169","148","2"
"processed_data/series_148_nodule_2/slice_1.png","1","train","LIDC-IDRI-0169","148","2"
"processed_data/series_148_nodule_2/slice_2.png","1","train","LIDC-IDRI-0169","148","2"
"processed_data/series_148_nodule_2/slice_3.png","1","train","LIDC-IDRI-0169","148","2"
"processed_data/series_148_nodule_2/slice_4.png","1","train","LIDC-IDRI-0169","148","2"
"processed_data/series_149_nodule_0/slice_0.png","2","train","LIDC-IDRI-0170","149","0"
"processed_data/series_149_nodule_0/slice_1.png","2","train","LIDC-IDRI-0170","149","0"
"processed_data/series_149_nodule_0/slice_10.png","2","train","LIDC-IDRI-0170","149","0"
"processed_data/series_149_nodule_0/slice_11.png","2","train","LIDC-IDRI-0170","149","0"
"processed_data/series_149_nodule_0/slice_12.png","2","train","LIDC-IDRI-0170","149","0"
"processed_data/series_149_nodule_0/slice_13.png","2","train","LIDC-IDRI-0170","149","0"
"processed_data/series_149_nodule_0/slice_2.png","2","train","LIDC-IDRI-0170","149","0"
"processed_data/series_149_nodule_0/slice_3.png","2","train","LIDC-IDRI-0170","149","0"
"processed_data/series_149_nodule_0/slice_4.png","2","train","LIDC-IDRI-0170","149","0"
"processed_data/series_149_nodule_0/slice_5.png","2","train","LIDC-IDRI-0170","149","0"
"processed_data/series_149_nodule_0/slice_6.png","2","train","LIDC-IDRI-0170","149","0"
"processed_data/series_149_nodule_0/slice_7.png","2","train","LIDC-IDRI-0170","149","0"
"processed_data/series_149_nodule_0/slice_8.png","2","train","LIDC-IDRI-0170","149","0"
"processed_data/series_149_nodule_0/slice_9.png","2","train","LIDC-IDRI-0170","149","0"
"processed_data/series_150_nodule_0/slice_0.png","1","train","LIDC-IDRI-0171","150","0"
"processed_data/series_150_nodule_0/slice_1.png","1","train","LIDC-IDRI-0171","150","0"
"processed_data/series_150_nodule_0/slice_2.png","1","train","LIDC-IDRI-0171","150","0"
"processed_data/series_150_nodule_1/slice_0.png","1","train","LIDC-IDRI-0171","150","1"
"processed_data/series_150_nodule_1/slice_1.png","1","train","LIDC-IDRI-0171","150","1"
"processed_data/series_150_nodule_2/slice_0.png","1","train","LIDC-IDRI-0171","150","2"
"processed_data/series_150_nodule_2/slice_1.png","1","train","LIDC-IDRI-0171","150","2"
"processed_data/series_150_nodule_3/slice_0.png","2","train","LIDC-IDRI-0171","150","3"
"processed_data/series_150_nodule_3/slice_1.png","2","train","LIDC-IDRI-0171","150","3"
"processed_data/series_150_nodule_3/slice_2.png","2","train","LIDC-IDRI-0171","150","3"
"processed_data/series_150_nodule_3/slice_3.png","2","train","LIDC-IDRI-0171","150","3"
"processed_data/series_150_nodule_3/slice_4.png","2","train","LIDC-IDRI-0171","150","3"
"processed_data/series_150_nodule_3/slice_5.png","2","train","LIDC-IDRI-0171","150","3"
"processed_data/series_151_nodule_0/slice_0.png","2","test","LIDC-IDRI-0172","151","0"
"processed_data/series_151_nodule_0/slice_1.png","2","test","LIDC-IDRI-0172","151","0"
"processed_data/series_151_nodule_0/slice_2.png","2","test","LIDC-IDRI-0172","151","0"
"processed_data/series_151_nodule_0/slice_3.png","2","test","LIDC-IDRI-0172","151","0"
"processed_data/series_151_nodule_0/slice_4.png","2","test","LIDC-IDRI-0172","151","0"
"processed_data/series_151_nodule_0/slice_5.png","2","test","LIDC-IDRI-0172","151","0"
"processed_data/series_151_nodule_0/slice_6.png","2","test","LIDC-IDRI-0172","151","0"
"processed_data/series_151_nodule_0/slice_7.png","2","test","LIDC-IDRI-0172","151","0"
"processed_data/series_154_nodule_0/slice_0.png","1","train","LIDC-IDRI-0175","154","0"
"processed_data/series_154_nodule_0/slice_1.png","1","train","LIDC-IDRI-0175","154","0"
"processed_data/series_154_nodule_0/slice_2.png","1","train","LIDC-IDRI-0175","154","0"
"processed_data/series_154_nodule_0/slice_3.png","1","train","LIDC-IDRI-0175","154","0"
"processed_data/series_155_nodule_0/slice_0.png","0","test","LIDC-IDRI-0176","155","0"
"processed_data/series_155_nodule_0/slice_1.png","0","test","LIDC-IDRI-0176","155","0"
"processed_data/series_156_nodule_0/slice_0.png","1","train","LIDC-IDRI-0177","156","0"
"processed_data/series_156_nodule_0/slice_1.png","1","train","LIDC-IDRI-0177","156","0"
"processed_data/series_156_nodule_0/slice_2.png","1","train","LIDC-IDRI-0177","156","0"
"processed_data/series_156_nodule_0/slice_3.png","1","train","LIDC-IDRI-0177","156","0"
"processed_data/series_156_nodule_1/slice_0.png","1","train","LIDC-IDRI-0177","156","1"
"processed_data/series_156_nodule_1/slice_1.png","1","train","LIDC-IDRI-0177","156","1"
"processed_data/series_156_nodule_1/slice_2.png","1","train","LIDC-IDRI-0177","156","1"
"processed_data/series_158_nodule_0/slice_0.png","1","train","LIDC-IDRI-0179","158","0"
"processed_data/series_158_nodule_0/slice_1.png","1","train","LIDC-IDRI-0179","158","0"
"processed_data/series_158_nodule_0/slice_2.png","1","train","LIDC-IDRI-0179","158","0"
"processed_data/series_158_nodule_0/slice_3.png","1","train","LIDC-IDRI-0179","158","0"
"processed_data/series_158_nodule_0/slice_4.png","1","train","LIDC-IDRI-0179","158","0"
"processed_data/series_158_nodule_0/slice_5.png","1","train","LIDC-IDRI-0179","158","0"
"processed_data/series_158_nodule_1/slice_0.png","1","train","LIDC-IDRI-0179","158","1"
"processed_data/series_158_nodule_1/slice_1.png","1","train","LIDC-IDRI-0179","158","1"
"processed_data/series_158_nodule_1/slice_2.png","1","train","LIDC-IDRI-0179","158","1"
"processed_data/series_158_nodule_2/slice_0.png","1","train","LIDC-IDRI-0179","158","2"
"processed_data/series_158_nodule_2/slice_1.png","1","train","LIDC-IDRI-0179","158","2"
"processed_data/series_158_nodule_2/slice_2.png","1","train","LIDC-IDRI-0179","158","2"
"processed_data/series_158_nodule_3/slice_0.png","2","train","LIDC-IDRI-0179","158","3"
"processed_data/series_158_nodule_3/slice_1.png","2","train","LIDC-IDRI-0179","158","3"
"processed_data/series_158_nodule_3/slice_2.png","2","train","LIDC-IDRI-0179","158","3"
"processed_data/series_158_nodule_3/slice_3.png","2","train","LIDC-IDRI-0179","158","3"
"processed_data/series_158_nodule_3/slice_4.png","2","train","LIDC-IDRI-0179","158","3"
"processed_data/series_158_nodule_4/slice_0.png","1","train","LIDC-IDRI-0179","158","4"
"processed_data/series_158_nodule_4/slice_1.png","1","train","LIDC-IDRI-0179","158","4"
"processed_data/series_160_nodule_0/slice_0.png","1","train","LIDC-IDRI-0181","160","0"
"processed_data/series_160_nodule_0/slice_1.png","1","train","LIDC-IDRI-0181","160","0"
"processed_data/series_160_nodule_0/slice_2.png","1","train","LIDC-IDRI-0181","160","0"
"processed_data/series_160_nodule_0/slice_3.png","1","train","LIDC-IDRI-0181","160","0"
"processed_data/series_160_nodule_0/slice_4.png","1","train","LIDC-IDRI-0181","160","0"
"processed_data/series_160_nodule_1/slice_0.png","1","train","LIDC-IDRI-0181","160","1"
"processed_data/series_160_nodule_1/slice_1.png","1","train","LIDC-IDRI-0181","160","1"
"processed_data/series_160_nodule_1/slice_2.png","1","train","LIDC-IDRI-0181","160","1"
"processed_data/series_160_nodule_1/slice_3.png","1","train","LIDC-IDRI-0181","160","1"
"processed_data/series_160_nodule_2/slice_0.png","1","train","LIDC-IDRI-0181","160","2"
"processed_data/series_160_nodule_2/slice_1.png","1","train","LIDC-IDRI-0181","160","2"
"processed_data/series_160_nodule_2/slice_2.png","1","train","LIDC-IDRI-0181","160","2"
"processed_data/series_160_nodule_2/slice_3.png","1","train","LIDC-IDRI-0181","160","2"
"processed_data/series_160_nodule_2/slice_4.png","1","train","LIDC-IDRI-0181","160","2"
"processed_data/series_160_nodule_2/slice_5.png","1","train","LIDC-IDRI-0181","160","2"
"processed_data/series_160_nodule_3/slice_0.png","0","train","LIDC-IDRI-0181","160","3"
"processed_data/series_160_nodule_3/slice_1.png","0","train","LIDC-IDRI-0181","160","3"
"processed_data/series_160_nodule_3/slice_2.png","0","train","LIDC-IDRI-0181","160","3"
"processed_data/series_160_nodule_3/slice_3.png","0","train","LIDC-IDRI-0181","160","3"
"processed_data/series_160_nodule_3/slice_4.png","0","train","LIDC-IDRI-0181","160","3"
"processed_data/series_160_nodule_3/slice_5.png","0","train","LIDC-IDRI-0181","160","3"
"processed_data/series_160_nodule_4/slice_0.png","2","train","LIDC-IDRI-0181","160","4"
"processed_data/series_160_nodule_4/slice_1.png","2","train","LIDC-IDRI-0181","160","4"
"processed_data/series_160_nodule_4/slice_2.png","2","train","LIDC-IDRI-0181","160","4"
"processed_data/series_160_nodule_4/slice_3.png","2","train","LIDC-IDRI-0181","160","4"
"processed_data/series_160_nodule_4/slice_4.png","2","train","LIDC-IDRI-0181","160","4"
"processed_data/series_160_nodule_4/slice_5.png","2","train","LIDC-IDRI-0181","160","4"
"processed_data/series_161_nodule_0/slice_0.png","1","train","LIDC-IDRI-0182","161","0"
"processed_data/series_161_nodule_0/slice_1.png","1","train","LIDC-IDRI-0182","161","0"
"processed_data/series_161_nodule_0/slice_2.png","1","train","LIDC-IDRI-0182","161","0"
"processed_data/series_161_nodule_0/slice_3.png","1","train","LIDC-IDRI-0182","161","0"
"processed_data/series_161_nodule_1/slice_0.png","0","train","LIDC-IDRI-0182","161","1"
"processed_data/series_161_nodule_1/slice_1.png","0","train","LIDC-IDRI-0182","161","1"
"processed_data/series_162_nodule_0/slice_0.png","1","train","LIDC-IDRI-0183","162","0"
"processed_data/series_162_nodule_0/slice_1.png","1","train","LIDC-IDRI-0183","162","0"
"processed_data/series_162_nodule_0/slice_2.png","1","train","LIDC-IDRI-0183","162","0"
"processed_data/series_162_nodule_0/slice_3.png","1","train","LIDC-IDRI-0183","162","0"
"processed_data/series_162_nodule_0/slice_4.png","1","train","LIDC-IDRI-0183","162","0"
"processed_data/series_162_nodule_1/slice_0.png","2","train","LIDC-IDRI-0183","162","1"
"processed_data/series_162_nodule_1/slice_1.png","2","train","LIDC-IDRI-0183","162","1"
"processed_data/series_162_nodule_1/slice_2.png","2","train","LIDC-IDRI-0183","162","1"
"processed_data/series_162_nodule_1/slice_3.png","2","train","LIDC-IDRI-0183","162","1"
"processed_data/series_162_nodule_1/slice_4.png","2","train","LIDC-IDRI-0183","162","1"
"processed_data/series_162_nodule_1/slice_5.png","2","train","LIDC-IDRI-0183","162","1"
"processed_data/series_162_nodule_1/slice_6.png","2","train","LIDC-IDRI-0183","162","1"
"processed_data/series_162_nodule_1/slice_7.png","2","train","LIDC-IDRI-0183","162","1"
"processed_data/series_162_nodule_1/slice_8.png","2","train","LIDC-IDRI-0183","162","1"
"processed_data/series_162_nodule_1/slice_9.png","2","train","LIDC-IDRI-0183","162","1"
"processed_data/series_162_nodule_2/slice_0.png","2","train","LIDC-IDRI-0183","162","2"
"processed_data/series_162_nodule_2/slice_1.png","2","train","LIDC-IDRI-0183","162","2"
"processed_data/series_162_nodule_2/slice_2.png","2","train","LIDC-IDRI-0183","162","2"
"processed_data/series_162_nodule_2/slice_3.png","2","train","LIDC-IDRI-0183","162","2"
"processed_data/series_162_nodule_2/slice_4.png","2","train","LIDC-IDRI-0183","162","2"
"processed_data/series_162_nodule_2/slice_5.png","2","train","LIDC-IDRI-0183","162","2"
"processed_data/series_162_nodule_2/slice_6.png","2","train","LIDC-IDRI-0183","162","2"
"processed_data/series_162_nodule_2/slice_7.png","2","train","LIDC-IDRI-0183","162","2"
"processed_data/series_162_nodule_2/slice_8.png","2","train","LIDC-IDRI-0183","162","2"
"processed_data/series_163_nodule_0/slice_0.png","1","val","LIDC-IDRI-0184","163","0"
"processed_data/series_163_nodule_0/slice_1.png","1","val","LIDC-IDRI-0184","163","0"
"processed_data/series_163_nodule_0/slice_2.png","1","val","LIDC-IDRI-0184","163","0"
"processed_data/series_164_nodule_0/slice_0.png","0","train","LIDC-IDRI-0185","164","0"
"processed_data/series_164_nodule_0/slice_1.png","0","train","LIDC-IDRI-0185","164","0"
"processed_data/series_164_nodule_1/slice_0.png","0","train","LIDC-IDRI-0185","164","1"
"processed_data/series_164_nodule_1/slice_1.png","0","train","LIDC-IDRI-0185","164","1"
"processed_data/series_164_nodule_1/slice_2.png","0","train","LIDC-IDRI-0185","164","1"
"processed_data/series_164_nodule_2/slice_0.png","1","train","LIDC-IDRI-0185","164","2"
"processed_data/series_164_nodule_2/slice_1.png","1","train","LIDC-IDRI-0185","164","2"
"processed_data/series_164_nodule_2/slice_2.png","1","train","LIDC-IDRI-0185","164","2"
"processed_data/series_164_nodule_3/slice_0.png","1","train","LIDC-IDRI-0185","164","3"
"processed_data/series_164_nodule_3/slice_1.png","1","train","LIDC-IDRI-0185","164","3"
"processed_data/series_164_nodule_4/slice_0.png","1","train","LIDC-IDRI-0185","164","4"
"processed_data/series_164_nodule_4/slice_1.png","1","train","LIDC-IDRI-0185","164","4"
"processed_data/series_164_nodule_4/slice_2.png","1","train","LIDC-IDRI-0185","164","4"
"processed_data/series_164_nodule_4/slice_3.png","1","train","LIDC-IDRI-0185","164","4"
"processed_data/series_164_nodule_5/slice_0.png","0","train","LIDC-IDRI-0185","164","5"
"processed_data/series_164_nodule_5/slice_1.png","0","train","LIDC-IDRI-0185","164","5"
"processed_data/series_164_nodule_5/slice_2.png","0","train","LIDC-IDRI-0185","164","5"
"processed_data/series_164_nodule_5/slice_3.png","0","train","LIDC-IDRI-0185","164","5"
"processed_data/series_165_nodule_0/slice_0.png","2","train","LIDC-IDRI-0186","165","0"
"processed_data/series_165_nodule_0/slice_1.png","2","train","LIDC-IDRI-0186","165","0"
"processed_data/series_165_nodule_0/slice_2.png","2","train","LIDC-IDRI-0186","165","0"
"processed_data/series_165_nodule_0/slice_3.png","2","train","LIDC-IDRI-0186","165","0"
"processed_data/series_165_nodule_1/slice_0.png","1","train","LIDC-IDRI-0186","165","1"
"processed_data/series_165_nodule_1/slice_1.png","1","train","LIDC-IDRI-0186","165","1"
"processed_data/series_165_nodule_1/slice_2.png","1","train","LIDC-IDRI-0186","165","1"
"processed_data/series_165_nodule_1/slice_3.png","1","train","LIDC-IDRI-0186","165","1"
"processed_data/series_165_nodule_1/slice_4.png","1","train","LIDC-IDRI-0186","165","1"
"processed_data/series_165_nodule_1/slice_5.png","1","train","LIDC-IDRI-0186","165","1"
"processed_data/series_165_nodule_1/slice_6.png","1","train","LIDC-IDRI-0186","165","1"
"processed_data/series_165_nodule_1/slice_7.png","1","train","LIDC-IDRI-0186","165","1"
"processed_data/series_165_nodule_1/slice_8.png","1","train","LIDC-IDRI-0186","165","1"
"processed_data/series_165_nodule_2/slice_0.png","0","train","LIDC-IDRI-0186","165","2"
"processed_data/series_165_nodule_2/slice_1.png","0","train","LIDC-IDRI-0186","165","2"
"processed_data/series_166_nodule_0/slice_0.png","2","train","LIDC-IDRI-0187","166","0"
"processed_data/series_166_nodule_0/slice_1.png","2","train","LIDC-IDRI-0187","166","0"
"processed_data/series_166_nodule_0/slice_2.png","2","train","LIDC-IDRI-0187","166","0"
"processed_data/series_166_nodule_0/slice_3.png","2","train","LIDC-IDRI-0187","166","0"
"processed_data/series_166_nodule_0/slice_4.png","2","train","LIDC-IDRI-0187","166","0"
"processed_data/series_166_nodule_0/slice_5.png","2","train","LIDC-IDRI-0187","166","0"
"processed_data/series_166_nodule_0/slice_6.png","2","train","LIDC-IDRI-0187","166","0"
"processed_data/series_166_nodule_0/slice_7.png","2","train","LIDC-IDRI-0187","166","0"
"processed_data/series_166_nodule_1/slice_0.png","1","train","LIDC-IDRI-0187","166","1"
"processed_data/series_166_nodule_1/slice_1.png","1","train","LIDC-IDRI-0187","166","1"
"processed_data/series_167_nodule_0/slice_0.png","1","train","LIDC-IDRI-0188","167","0"
"processed_data/series_167_nodule_0/slice_1.png","1","train","LIDC-IDRI-0188","167","0"
"processed_data/series_167_nodule_0/slice_2.png","1","train","LIDC-IDRI-0188","167","0"
"processed_data/series_167_nodule_1/slice_0.png","1","train","LIDC-IDRI-0188","167","1"
"processed_data/series_167_nodule_1/slice_1.png","1","train","LIDC-IDRI-0188","167","1"
"processed_data/series_167_nodule_1/slice_2.png","1","train","LIDC-IDRI-0188","167","1"
"processed_data/series_167_nodule_2/slice_0.png","1","train","LIDC-IDRI-0188","167","2"
"processed_data/series_167_nodule_2/slice_1.png","1","train","LIDC-IDRI-0188","167","2"
"processed_data/series_167_nodule_3/slice_0.png","2","train","LIDC-IDRI-0188","167","3"
"processed_data/series_167_nodule_3/slice_1.png","2","train","LIDC-IDRI-0188","167","3"
"processed_data/series_167_nodule_3/slice_2.png","2","train","LIDC-IDRI-0188","167","3"
"processed_data/series_167_nodule_3/slice_3.png","2","train","LIDC-IDRI-0188","167","3"
"processed_data/series_167_nodule_3/slice_4.png","2","train","LIDC-IDRI-0188","167","3"
"processed_data/series_167_nodule_3/slice_5.png","2","train","LIDC-IDRI-0188","167","3"
"processed_data/series_167_nodule_3/slice_6.png","2","train","LIDC-IDRI-0188","167","3"
"processed_data/series_167_nodule_3/slice_7.png","2","train","LIDC-IDRI-0188","167","3"
"processed_data/series_167_nodule_3/slice_8.png","2","train","LIDC-IDRI-0188","167","3"
"processed_data/series_167_nodule_4/slice_0.png","1","train","LIDC-IDRI-0188","167","4"
"processed_data/series_167_nodule_4/slice_1.png","1","train","LIDC-IDRI-0188","167","4"
"processed_data/series_169_nodule_0/slice_0.png","1","val","LIDC-IDRI-0190","169","0"
"processed_data/series_169_nodule_0/slice_1.png","1","val","LIDC-IDRI-0190","169","0"
"processed_data/series_169_nodule_0/slice_2.png","1","val","LIDC-IDRI-0190","169","0"
"processed_data/series_169_nodule_0/slice_3.png","1","val","LIDC-IDRI-0190","169","0"
"processed_data/series_169_nodule_0/slice_4.png","1","val","LIDC-IDRI-0190","169","0"
"processed_data/series_169_nodule_0/slice_5.png","1","val","LIDC-IDRI-0190","169","0"
"processed_data/series_169_nodule_0/slice_6.png","1","val","LIDC-IDRI-0190","169","0"
"processed_data/series_169_nodule_1/slice_0.png","2","val","LIDC-IDRI-0190","169","1"
"processed_data/series_169_nodule_1/slice_1.png","2","val","LIDC-IDRI-0190","169","1"
"processed_data/series_169_nodule_1/slice_2.png","2","val","LIDC-IDRI-0190","169","1"
"processed_data/series_169_nodule_1/slice_3.png","2","val","LIDC-IDRI-0190","169","1"
"processed_data/series_169_nodule_1/slice_4.png","2","val","LIDC-IDRI-0190","169","1"
"processed_data/series_169_nodule_1/slice_5.png","2","val","LIDC-IDRI-0190","169","1"
"processed_data/series_169_nodule_1/slice_6.png","2","val","LIDC-IDRI-0190","169","1"
"processed_data/series_169_nodule_1/slice_7.png","2","val","LIDC-IDRI-0190","169","1"
"processed_data/series_169_nodule_1/slice_8.png","2","val","LIDC-IDRI-0190","169","1"
"processed_data/series_169_nodule_1/slice_9.png","2","val","LIDC-IDRI-0190","169","1"
"processed_data/series_171_nodule_0/slice_0.png","1","train","LIDC-IDRI-0192","171","0"
"processed_data/series_171_nodule_0/slice_1.png","1","train","LIDC-IDRI-0192","171","0"
"processed_data/series_171_nodule_0/slice_2.png","1","train","LIDC-IDRI-0192","171","0"
"processed_data/series_171_nodule_0/slice_3.png","1","train","LIDC-IDRI-0192","171","0"
"processed_data/series_171_nodule_0/slice_4.png","1","train","LIDC-IDRI-0192","171","0"
"processed_data/series_171_nodule_0/slice_5.png","1","train","LIDC-IDRI-0192","171","0"
"processed_data/series_171_nodule_1/slice_0.png","1","train","LIDC-IDRI-0192","171","1"
"processed_data/series_171_nodule_1/slice_1.png","1","train","LIDC-IDRI-0192","171","1"
"processed_data/series_171_nodule_1/slice_2.png","1","train","LIDC-IDRI-0192","171","1"
"processed_data/series_171_nodule_1/slice_3.png","1","train","LIDC-IDRI-0192","171","1"
"processed_data/series_171_nodule_2/slice_0.png","1","train","LIDC-IDRI-0192","171","2"
"processed_data/series_171_nodule_2/slice_1.png","1","train","LIDC-IDRI-0192","171","2"
"processed_data/series_171_nodule_2/slice_2.png","1","train","LIDC-IDRI-0192","171","2"
"processed_data/series_171_nodule_2/slice_3.png","1","train","LIDC-IDRI-0192","171","2"
"processed_data/series_172_nodule_0/slice_0.png","1","train","LIDC-IDRI-0193","172","0"
"processed_data/series_172_nodule_0/slice_1.png","1","train","LIDC-IDRI-0193","172","0"
"processed_data/series_172_nodule_0/slice_2.png","1","train","LIDC-IDRI-0193","172","0"
"processed_data/series_173_nodule_0/slice_0.png","2","test","LIDC-IDRI-0194","173","0"
"processed_data/series_173_nodule_0/slice_1.png","2","test","LIDC-IDRI-0194","173","0"
"processed_data/series_173_nodule_0/slice_2.png","2","test","LIDC-IDRI-0194","173","0"
"processed_data/series_173_nodule_0/slice_3.png","2","test","LIDC-IDRI-0194","173","0"
"processed_data/series_173_nodule_0/slice_4.png","2","test","LIDC-IDRI-0194","173","0"
"processed_data/series_173_nodule_1/slice_0.png","2","test","LIDC-IDRI-0194","173","1"
"processed_data/series_173_nodule_1/slice_1.png","2","test","LIDC-IDRI-0194","173","1"
"processed_data/series_173_nodule_1/slice_2.png","2","test","LIDC-IDRI-0194","173","1"
"processed_data/series_173_nodule_1/slice_3.png","2","test","LIDC-IDRI-0194","173","1"
"processed_data/series_173_nodule_1/slice_4.png","2","test","LIDC-IDRI-0194","173","1"
"processed_data/series_174_nodule_0/slice_0.png","2","val","LIDC-IDRI-0195","174","0"
"processed_data/series_174_nodule_0/slice_1.png","2","val","LIDC-IDRI-0195","174","0"
"processed_data/series_174_nodule_0/slice_2.png","2","val","LIDC-IDRI-0195","174","0"
"processed_data/series_174_nodule_0/slice_3.png","2","val","LIDC-IDRI-0195","174","0"
"processed_data/series_174_nodule_1/slice_0.png","2","val","LIDC-IDRI-0195","174","1"
"processed_data/series_174_nodule_1/slice_1.png","2","val","LIDC-IDRI-0195","174","1"
"processed_data/series_174_nodule_1/slice_2.png","2","val","LIDC-IDRI-0195","174","1"
"processed_data/series_174_nodule_1/slice_3.png","2","val","LIDC-IDRI-0195","174","1"
"processed_data/series_174_nodule_1/slice_4.png","2","val","LIDC-IDRI-0195","174","1"
"processed_data/series_174_nodule_1/slice_5.png","2","val","LIDC-IDRI-0195","174","1"
"processed_data/series_174_nodule_2/slice_0.png","2","val","LIDC-IDRI-0195","174","2"
"processed_data/series_174_nodule_2/slice_1.png","2","val","LIDC-IDRI-0195","174","2"
"processed_data/series_174_nodule_2/slice_2.png","2","val","LIDC-IDRI-0195","174","2"
"processed_data/series_174_nodule_2/slice_3.png","2","val","LIDC-IDRI-0195","174","2"
"processed_data/series_174_nodule_2/slice_4.png","2","val","LIDC-IDRI-0195","174","2"
"processed_data/series_174_nodule_2/slice_5.png","2","val","LIDC-IDRI-0195","174","2"
"processed_data/series_174_nodule_2/slice_6.png","2","val","LIDC-IDRI-0195","174","2"
"processed_data/series_174_nodule_3/slice_0.png","2","val","LIDC-IDRI-0195","174","3"
"processed_data/series_174_nodule_3/slice_1.png","2","val","LIDC-IDRI-0195","174","3"
"processed_data/series_174_nodule_3/slice_2.png","2","val","LIDC-IDRI-0195","174","3"
"processed_data/series_174_nodule_3/slice_3.png","2","val","LIDC-IDRI-0195","174","3"
"processed_data/series_174_nodule_4/slice_0.png","2","val","LIDC-IDRI-0195","174","4"
"processed_data/series_174_nodule_4/slice_1.png","2","val","LIDC-IDRI-0195","174","4"
"processed_data/series_174_nodule_4/slice_2.png","2","val","LIDC-IDRI-0195","174","4"
"processed_data/series_174_nodule_4/slice_3.png","2","val","LIDC-IDRI-0195","174","4"
"processed_data/series_174_nodule_4/slice_4.png","2","val","LIDC-IDRI-0195","174","4"
"processed_data/series_174_nodule_4/slice_5.png","2","val","LIDC-IDRI-0195","174","4"
"processed_data/series_174_nodule_5/slice_0.png","1","val","LIDC-IDRI-0195","174","5"
"processed_data/series_174_nodule_5/slice_1.png","1","val","LIDC-IDRI-0195","174","5"
"processed_data/series_174_nodule_5/slice_2.png","1","val","LIDC-IDRI-0195","174","5"
"processed_data/series_174_nodule_5/slice_3.png","1","val","LIDC-IDRI-0195","174","5"
"processed_data/series_174_nodule_5/slice_4.png","1","val","LIDC-IDRI-0195","174","5"
"processed_data/series_174_nodule_5/slice_5.png","1","val","LIDC-IDRI-0195","174","5"
"processed_data/series_174_nodule_5/slice_6.png","1","val","LIDC-IDRI-0195","174","5"
"processed_data/series_174_nodule_5/slice_7.png","1","val","LIDC-IDRI-0195","174","5"
"processed_data/series_175_nodule_0/slice_0.png","2","train","LIDC-IDRI-0196","175","0"
"processed_data/series_175_nodule_0/slice_1.png","2","train","LIDC-IDRI-0196","175","0"
"processed_data/series_175_nodule_0/slice_2.png","2","train","LIDC-IDRI-0196","175","0"
"processed_data/series_175_nodule_0/slice_3.png","2","train","LIDC-IDRI-0196","175","0"
"processed_data/series_175_nodule_0/slice_4.png","2","train","LIDC-IDRI-0196","175","0"
"processed_data/series_178_nodule_0/slice_0.png","1","train","LIDC-IDRI-0199","178","0"
"processed_data/series_178_nodule_0/slice_1.png","1","train","LIDC-IDRI-0199","178","0"
"processed_data/series_178_nodule_0/slice_10.png","1","train","LIDC-IDRI-0199","178","0"
"processed_data/series_178_nodule_0/slice_11.png","1","train","LIDC-IDRI-0199","178","0"
"processed_data/series_178_nodule_0/slice_2.png","1","train","LIDC-IDRI-0199","178","0"
"processed_data/series_178_nodule_0/slice_3.png","1","train","LIDC-IDRI-0199","178","0"
"processed_data/series_178_nodule_0/slice_4.png","1","train","LIDC-IDRI-0199","178","0"
"processed_data/series_178_nodule_0/slice_5.png","1","train","LIDC-IDRI-0199","178","0"
"processed_data/series_178_nodule_0/slice_6.png","1","train","LIDC-IDRI-0199","178","0"
"processed_data/series_178_nodule_0/slice_7.png","1","train","LIDC-IDRI-0199","178","0"
"processed_data/series_178_nodule_0/slice_8.png","1","train","LIDC-IDRI-0199","178","0"
"processed_data/series_178_nodule_0/slice_9.png","1","train","LIDC-IDRI-0199","178","0"
"processed_data/series_178_nodule_1/slice_0.png","0","train","LIDC-IDRI-0199","178","1"
"processed_data/series_178_nodule_1/slice_1.png","0","train","LIDC-IDRI-0199","178","1"
"processed_data/series_178_nodule_1/slice_2.png","0","train","LIDC-IDRI-0199","178","1"
"processed_data/series_181_nodule_0/slice_0.png","1","train","LIDC-IDRI-0202","181","0"
"processed_data/series_181_nodule_0/slice_1.png","1","train","LIDC-IDRI-0202","181","0"
"processed_data/series_182_nodule_0/slice_0.png","0","val","LIDC-IDRI-0203","182","0"
"processed_data/series_182_nodule_0/slice_1.png","0","val","LIDC-IDRI-0203","182","0"
"processed_data/series_182_nodule_0/slice_2.png","0","val","LIDC-IDRI-0203","182","0"
"processed_data/series_182_nodule_1/slice_0.png","2","val","LIDC-IDRI-0203","182","1"
"processed_data/series_182_nodule_1/slice_1.png","2","val","LIDC-IDRI-0203","182","1"
"processed_data/series_182_nodule_1/slice_2.png","2","val","LIDC-IDRI-0203","182","1"
"processed_data/series_182_nodule_1/slice_3.png","2","val","LIDC-IDRI-0203","182","1"
"processed_data/series_182_nodule_1/slice_4.png","2","val","LIDC-IDRI-0203","182","1"
"processed_data/series_182_nodule_1/slice_5.png","2","val","LIDC-IDRI-0203","182","1"
"processed_data/series_182_nodule_1/slice_6.png","2","val","LIDC-IDRI-0203","182","1"
"processed_data/series_182_nodule_1/slice_7.png","2","val","LIDC-IDRI-0203","182","1"
"processed_data/series_182_nodule_1/slice_8.png","2","val","LIDC-IDRI-0203","182","1"
"processed_data/series_182_nodule_1/slice_9.png","2","val","LIDC-IDRI-0203","182","1"
"processed_data/series_185_nodule_0/slice_0.png","2","train","LIDC-IDRI-0206","185","0"
"processed_data/series_185_nodule_0/slice_1.png","2","train","LIDC-IDRI-0206","185","0"
"processed_data/series_185_nodule_0/slice_2.png","2","train","LIDC-IDRI-0206","185","0"
"processed_data/series_185_nodule_0/slice_3.png","2","train","LIDC-IDRI-0206","185","0"
"processed_data/series_185_nodule_0/slice_4.png","2","train","LIDC-IDRI-0206","185","0"
"processed_data/series_185_nodule_0/slice_5.png","2","train","LIDC-IDRI-0206","185","0"
"processed_data/series_185_nodule_0/slice_6.png","2","train","LIDC-IDRI-0206","185","0"
"processed_data/series_185_nodule_0/slice_7.png","2","train","LIDC-IDRI-0206","185","0"
"processed_data/series_185_nodule_1/slice_0.png","0","train","LIDC-IDRI-0206","185","1"
"processed_data/series_185_nodule_1/slice_1.png","0","train","LIDC-IDRI-0206","185","1"
"processed_data/series_185_nodule_1/slice_2.png","0","train","LIDC-IDRI-0206","185","1"
"processed_data/series_185_nodule_1/slice_3.png","0","train","LIDC-IDRI-0206","185","1"
"processed_data/series_185_nodule_2/slice_0.png","1","train","LIDC-IDRI-0206","185","2"
"processed_data/series_185_nodule_2/slice_1.png","1","train","LIDC-IDRI-0206","185","2"
"processed_data/series_185_nodule_2/slice_2.png","1","train","LIDC-IDRI-0206","185","2"
"processed_data/series_185_nodule_2/slice_3.png","1","train","LIDC-IDRI-0206","185","2"
"processed_data/series_185_nodule_2/slice_4.png","1","train","LIDC-IDRI-0206","185","2"
"processed_data/series_186_nodule_0/slice_0.png","1","train","LIDC-IDRI-0207","186","0"
"processed_data/series_186_nodule_0/slice_1.png","1","train","LIDC-IDRI-0207","186","0"
"processed_data/series_186_nodule_0/slice_2.png","1","train","LIDC-IDRI-0207","186","0"
"processed_data/series_186_nodule_0/slice_3.png","1","train","LIDC-IDRI-0207","186","0"
"processed_data/series_186_nodule_0/slice_4.png","1","train","LIDC-IDRI-0207","186","0"
"processed_data/series_187_nodule_0/slice_0.png","1","test","LIDC-IDRI-0208","187","0"
"processed_data/series_187_nodule_0/slice_1.png","1","test","LIDC-IDRI-0208","187","0"
"processed_data/series_187_nodule_0/slice_2.png","1","test","LIDC-IDRI-0208","187","0"
"processed_data/series_187_nodule_1/slice_0.png","1","test","LIDC-IDRI-0208","187","1"
"processed_data/series_187_nodule_1/slice_1.png","1","test","LIDC-IDRI-0208","187","1"
"processed_data/series_187_nodule_1/slice_2.png","1","test","LIDC-IDRI-0208","187","1"
"processed_data/series_187_nodule_2/slice_0.png","1","test","LIDC-IDRI-0208","187","2"
"processed_data/series_187_nodule_2/slice_1.png","1","test","LIDC-IDRI-0208","187","2"
"processed_data/series_188_nodule_0/slice_0.png","1","train","LIDC-IDRI-0209","188","0"
"processed_data/series_188_nodule_0/slice_1.png","1","train","LIDC-IDRI-0209","188","0"
"processed_data/series_188_nodule_0/slice_2.png","1","train","LIDC-IDRI-0209","188","0"
"processed_data/series_188_nodule_0/slice_3.png","1","train","LIDC-IDRI-0209","188","0"
"processed_data/series_188_nodule_0/slice_4.png","1","train","LIDC-IDRI-0209","188","0"
"processed_data/series_188_nodule_0/slice_5.png","1","train","LIDC-IDRI-0209","188","0"
"processed_data/series_188_nodule_0/slice_6.png","1","train","LIDC-IDRI-0209","188","0"
"processed_data/series_188_nodule_0/slice_7.png","1","train","LIDC-IDRI-0209","188","0"
"processed_data/series_189_nodule_0/slice_0.png","1","train","LIDC-IDRI-0210","189","0"
"processed_data/series_189_nodule_0/slice_1.png","1","train","LIDC-IDRI-0210","189","0"
"processed_data/series_189_nodule_0/slice_2.png","1","train","LIDC-IDRI-0210","189","0"
"processed_data/series_191_nodule_0/slice_0.png","0","train","LIDC-IDRI-0212","191","0"
"processed_data/series_191_nodule_0/slice_1.png","0","train","LIDC-IDRI-0212","191","0"
"processed_data/series_192_nodule_0/slice_0.png","0","train","LIDC-IDRI-0213","192","0"
"processed_data/series_192_nodule_0/slice_1.png","0","train","LIDC-IDRI-0213","192","0"
"processed_data/series_192_nodule_0/slice_2.png","0","train","LIDC-IDRI-0213","192","0"
"processed_data/series_192_nodule_0/slice_3.png","0","train","LIDC-IDRI-0213","192","0"
"processed_data/series_194_nodule_0/slice_0.png","0","train","LIDC-IDRI-0215","194","0"
"processed_data/series_194_nodule_0/slice_1.png","0","train","LIDC-IDRI-0215","194","0"
"processed_data/series_194_nodule_0/slice_2.png","0","train","LIDC-IDRI-0215","194","0"
"processed_data/series_194_nodule_0/slice_3.png","0","train","LIDC-IDRI-0215","194","0"
"processed_data/series_194_nodule_1/slice_0.png","1","train","LIDC-IDRI-0215","194","1"
"processed_data/series_194_nodule_1/slice_1.png","1","train","LIDC-IDRI-0215","194","1"
"processed_data/series_194_nodule_1/slice_2.png","1","train","LIDC-IDRI-0215","194","1"
"processed_data/series_194_nodule_2/slice_0.png","1","train","LIDC-IDRI-0215","194","2"
"processed_data/series_194_nodule_2/slice_1.png","1","train","LIDC-IDRI-0215","194","2"
"processed_data/series_194_nodule_3/slice_0.png","1","train","LIDC-IDRI-0215","194","3"
"processed_data/series_194_nodule_3/slice_1.png","1","train","LIDC-IDRI-0215","194","3"
"processed_data/series_195_nodule_0/slice_0.png","1","train","LIDC-IDRI-0216","195","0"
"processed_data/series_195_nodule_0/slice_1.png","1","train","LIDC-IDRI-0216","195","0"
"processed_data/series_195_nodule_0/slice_2.png","1","train","LIDC-IDRI-0216","195","0"
"processed_data/series_196_nodule_0/slice_0.png","1","val","LIDC-IDRI-0217","196","0"
"processed_data/series_196_nodule_0/slice_1.png","1","val","LIDC-IDRI-0217","196","0"
"processed_data/series_196_nodule_0/slice_2.png","1","val","LIDC-IDRI-0217","196","0"
"processed_data/series_196_nodule_0/slice_3.png","1","val","LIDC-IDRI-0217","196","0"
"processed_data/series_196_nodule_0/slice_4.png","1","val","LIDC-IDRI-0217","196","0"
"processed_data/series_196_nodule_1/slice_0.png","1","val","LIDC-IDRI-0217","196","1"
"processed_data/series_196_nodule_1/slice_1.png","1","val","LIDC-IDRI-0217","196","1"
"processed_data/series_196_nodule_1/slice_2.png","1","val","LIDC-IDRI-0217","196","1"
"processed_data/series_196_nodule_1/slice_3.png","1","val","LIDC-IDRI-0217","196","1"
"processed_data/series_196_nodule_2/slice_0.png","2","val","LIDC-IDRI-0217","196","2"
"processed_data/series_196_nodule_2/slice_1.png","2","val","LIDC-IDRI-0217","196","2"
"processed_data/series_196_nodule_2/slice_2.png","2","val","LIDC-IDRI-0217","196","2"
"processed_data/series_196_nodule_2/slice_3.png","2","val","LIDC-IDRI-0217","196","2"
"processed_data/series_196_nodule_2/slice_4.png","2","val","LIDC-IDRI-0217","196","2"
"processed_data/series_197_nodule_0/slice_0.png","1","train","LIDC-IDRI-0219","197","0"
"processed_data/series_197_nodule_0/slice_1.png","1","train","LIDC-IDRI-0219","197","0"
"processed_data/series_197_nodule_0/slice_2.png","1","train","LIDC-IDRI-0219","197","0"
"processed_data/series_197_nodule_0/slice_3.png","1","train","LIDC-IDRI-0219","197","0"
"processed_data/series_198_nodule_0/slice_0.png","1","test","LIDC-IDRI-0220","198","0"
"processed_data/series_198_nodule_0/slice_1.png","1","test","LIDC-IDRI-0220","198","0"
"processed_data/series_198_nodule_0/slice_2.png","1","test","LIDC-IDRI-0220","198","0"
"processed_data/series_198_nodule_0/slice_3.png","1","test","LIDC-IDRI-0220","198","0"
"processed_data/series_198_nodule_0/slice_4.png","1","test","LIDC-IDRI-0220","198","0"
"processed_data/series_198_nodule_0/slice_5.png","1","test","LIDC-IDRI-0220","198","0"
"processed_data/series_198_nodule_1/slice_0.png","1","test","LIDC-IDRI-0220","198","1"
"processed_data/series_198_nodule_1/slice_1.png","1","test","LIDC-IDRI-0220","198","1"
"processed_data/series_198_nodule_1/slice_2.png","1","test","LIDC-IDRI-0220","198","1"
"processed_data/series_198_nodule_1/slice_3.png","1","test","LIDC-IDRI-0220","198","1"
"processed_data/series_198_nodule_1/slice_4.png","1","test","LIDC-IDRI-0220","198","1"
"processed_data/series_198_nodule_1/slice_5.png","1","test","LIDC-IDRI-0220","198","1"
"processed_data/series_198_nodule_1/slice_6.png","1","test","LIDC-IDRI-0220","198","1"
"processed_data/series_198_nodule_2/slice_0.png","2","test","LIDC-IDRI-0220","198","2"
"processed_data/series_198_nodule_2/slice_1.png","2","test","LIDC-IDRI-0220","198","2"
"processed_data/series_198_nodule_2/slice_2.png","2","test","LIDC-IDRI-0220","198","2"
"processed_data/series_198_nodule_2/slice_3.png","2","test","LIDC-IDRI-0220","198","2"
"processed_data/series_198_nodule_2/slice_4.png","2","test","LIDC-IDRI-0220","198","2"
"processed_data/series_198_nodule_2/slice_5.png","2","test","LIDC-IDRI-0220","198","2"
"processed_data/series_198_nodule_2/slice_6.png","2","test","LIDC-IDRI-0220","198","2"
"processed_data/series_198_nodule_3/slice_0.png","2","test","LIDC-IDRI-0220","198","3"
"processed_data/series_198_nodule_3/slice_1.png","2","test","LIDC-IDRI-0220","198","3"
"processed_data/series_198_nodule_3/slice_2.png","2","test","LIDC-IDRI-0220","198","3"
"processed_data/series_198_nodule_3/slice_3.png","2","test","LIDC-IDRI-0220","198","3"
"processed_data/series_198_nodule_3/slice_4.png","2","test","LIDC-IDRI-0220","198","3"
"processed_data/series_198_nodule_3/slice_5.png","2","test","LIDC-IDRI-0220","198","3"
"processed_data/series_198_nodule_3/slice_6.png","2","test","LIDC-IDRI-0220","198","3"
"processed_data/series_198_nodule_3/slice_7.png","2","test","LIDC-IDRI-0220","198","3"
"processed_data/series_198_nodule_3/slice_8.png","2","test","LIDC-IDRI-0220","198","3"
"processed_data/series_198_nodule_3/slice_9.png","2","test","LIDC-IDRI-0220","198","3"
"processed_data/series_199_nodule_0/slice_0.png","2","val","LIDC-IDRI-0221","199","0"
"processed_data/series_199_nodule_0/slice_1.png","2","val","LIDC-IDRI-0221","199","0"
"processed_data/series_199_nodule_0/slice_2.png","2","val","LIDC-IDRI-0221","199","0"
"processed_data/series_199_nodule_0/slice_3.png","2","val","LIDC-IDRI-0221","199","0"
"processed_data/series_199_nodule_0/slice_4.png","2","val","LIDC-IDRI-0221","199","0"
"processed_data/series_199_nodule_0/slice_5.png","2","val","LIDC-IDRI-0221","199","0"
"processed_data/series_199_nodule_0/slice_6.png","2","val","LIDC-IDRI-0221","199","0"
"processed_data/series_199_nodule_0/slice_7.png","2","val","LIDC-IDRI-0221","199","0"
"processed_data/series_200_nodule_0/slice_0.png","0","train","LIDC-IDRI-0222","200","0"
"processed_data/series_200_nodule_0/slice_1.png","0","train","LIDC-IDRI-0222","200","0"
"processed_data/series_200_nodule_0/slice_2.png","0","train","LIDC-IDRI-0222","200","0"
"processed_data/series_201_nodule_0/slice_0.png","2","train","LIDC-IDRI-0223","201","0"
"processed_data/series_201_nodule_0/slice_1.png","2","train","LIDC-IDRI-0223","201","0"
"processed_data/series_201_nodule_0/slice_10.png","2","train","LIDC-IDRI-0223","201","0"
"processed_data/series_201_nodule_0/slice_11.png","2","train","LIDC-IDRI-0223","201","0"
"processed_data/series_201_nodule_0/slice_12.png","2","train","LIDC-IDRI-0223","201","0"
"processed_data/series_201_nodule_0/slice_13.png","2","train","LIDC-IDRI-0223","201","0"
"processed_data/series_201_nodule_0/slice_14.png","2","train","LIDC-IDRI-0223","201","0"
"processed_data/series_201_nodule_0/slice_15.png","2","train","LIDC-IDRI-0223","201","0"
"processed_data/series_201_nodule_0/slice_2.png","2","train","LIDC-IDRI-0223","201","0"
"processed_data/series_201_nodule_0/slice_3.png","2","train","LIDC-IDRI-0223","201","0"
"processed_data/series_201_nodule_0/slice_4.png","2","train","LIDC-IDRI-0223","201","0"
"processed_data/series_201_nodule_0/slice_5.png","2","train","LIDC-IDRI-0223","201","0"
"processed_data/series_201_nodule_0/slice_6.png","2","train","LIDC-IDRI-0223","201","0"
"processed_data/series_201_nodule_0/slice_7.png","2","train","LIDC-IDRI-0223","201","0"
"processed_data/series_201_nodule_0/slice_8.png","2","train","LIDC-IDRI-0223","201","0"
"processed_data/series_201_nodule_0/slice_9.png","2","train","LIDC-IDRI-0223","201","0"
"processed_data/series_201_nodule_1/slice_0.png","2","train","LIDC-IDRI-0223","201","1"
"processed_data/series_201_nodule_1/slice_1.png","2","train","LIDC-IDRI-0223","201","1"
"processed_data/series_201_nodule_1/slice_10.png","2","train","LIDC-IDRI-0223","201","1"
"processed_data/series_201_nodule_1/slice_11.png","2","train","LIDC-IDRI-0223","201","1"
"processed_data/series_201_nodule_1/slice_2.png","2","train","LIDC-IDRI-0223","201","1"
"processed_data/series_201_nodule_1/slice_3.png","2","train","LIDC-IDRI-0223","201","1"
"processed_data/series_201_nodule_1/slice_4.png","2","train","LIDC-IDRI-0223","201","1"
"processed_data/series_201_nodule_1/slice_5.png","2","train","LIDC-IDRI-0223","201","1"
"processed_data/series_201_nodule_1/slice_6.png","2","train","LIDC-IDRI-0223","201","1"
"processed_data/series_201_nodule_1/slice_7.png","2","train","LIDC-IDRI-0223","201","1"
"processed_data/series_201_nodule_1/slice_8.png","2","train","LIDC-IDRI-0223","201","1"
"processed_data/series_201_nodule_1/slice_9.png","2","train","LIDC-IDRI-0223","201","1"
"processed_data/series_205_nodule_0/slice_0.png","1","train","LIDC-IDRI-0227","205","0"
"processed_data/series_205_nodule_0/slice_1.png","1","train","LIDC-IDRI-0227","205","0"
"processed_data/series_205_nodule_0/slice_2.png","1","train","LIDC-IDRI-0227","205","0"
"processed_data/series_205_nodule_1/slice_0.png","1","train","LIDC-IDRI-0227","205","1"
"processed_data/series_205_nodule_1/slice_1.png","1","train","LIDC-IDRI-0227","205","1"
"processed_data/series_205_nodule_1/slice_2.png","1","train","LIDC-IDRI-0227","205","1"
"processed_data/series_205_nodule_1/slice_3.png","1","train","LIDC-IDRI-0227","205","1"
"processed_data/series_206_nodule_0/slice_0.png","1","train","LIDC-IDRI-0228","206","0"
"processed_data/series_206_nodule_0/slice_1.png","1","train","LIDC-IDRI-0228","206","0"
"processed_data/series_206_nodule_0/slice_2.png","1","train","LIDC-IDRI-0228","206","0"
"processed_data/series_206_nodule_0/slice_3.png","1","train","LIDC-IDRI-0228","206","0"
"processed_data/series_206_nodule_0/slice_4.png","1","train","LIDC-IDRI-0228","206","0"
"processed_data/series_207_nodule_0/slice_0.png","2","test","LIDC-IDRI-0229","207","0"
"processed_data/series_207_nodule_0/slice_1.png","2","test","LIDC-IDRI-0229","207","0"
"processed_data/series_207_nodule_0/slice_2.png","2","test","LIDC-IDRI-0229","207","0"
"processed_data/series_207_nodule_0/slice_3.png","2","test","LIDC-IDRI-0229","207","0"
"processed_data/series_207_nodule_0/slice_4.png","2","test","LIDC-IDRI-0229","207","0"
"processed_data/series_207_nodule_0/slice_5.png","2","test","LIDC-IDRI-0229","207","0"
"processed_data/series_207_nodule_1/slice_0.png","1","test","LIDC-IDRI-0229","207","1"
"processed_data/series_207_nodule_2/slice_0.png","2","test","LIDC-IDRI-0229","207","2"
"processed_data/series_207_nodule_2/slice_1.png","2","test","LIDC-IDRI-0229","207","2"
"processed_data/series_207_nodule_2/slice_2.png","2","test","LIDC-IDRI-0229","207","2"
"processed_data/series_207_nodule_2/slice_3.png","2","test","LIDC-IDRI-0229","207","2"
"processed_data/series_207_nodule_3/slice_0.png","2","test","LIDC-IDRI-0229","207","3"
"processed_data/series_207_nodule_3/slice_1.png","2","test","LIDC-IDRI-0229","207","3"
"processed_data/series_207_nodule_3/slice_2.png","2","test","LIDC-IDRI-0229","207","3"
"processed_data/series_207_nodule_3/slice_3.png","2","test","LIDC-IDRI-0229","207","3"
"processed_data/series_207_nodule_3/slice_4.png","2","test","LIDC-IDRI-0229","207","3"
"processed_data/series_207_nodule_3/slice_5.png","2","test","LIDC-IDRI-0229","207","3"
"processed_data/series_207_nodule_3/slice_6.png","2","test","LIDC-IDRI-0229","207","3"
"processed_data/series_207_nodule_3/slice_7.png","2","test","LIDC-IDRI-0229","207","3"
"processed_data/series_207_nodule_4/slice_0.png","1","test","LIDC-IDRI-0229","207","4"
"processed_data/series_207_nodule_5/slice_0.png","2","test","LIDC-IDRI-0229","207","5"
"processed_data/series_207_nodule_5/slice_1.png","2","test","LIDC-IDRI-0229","207","5"
"processed_data/series_207_nodule_5/slice_2.png","2","test","LIDC-IDRI-0229","207","5"
"processed_data/series_207_nodule_6/slice_0.png","2","test","LIDC-IDRI-0229","207","6"
"processed_data/series_207_nodule_6/slice_1.png","2","test","LIDC-IDRI-0229","207","6"
"processed_data/series_207_nodule_6/slice_2.png","2","test","LIDC-IDRI-0229","207","6"
"processed_data/series_207_nodule_6/slice_3.png","2","test","LIDC-IDRI-0229","207","6"
"processed_data/series_208_nodule_0/slice_0.png","1","train","LIDC-IDRI-0230","208","0"
"processed_data/series_208_nodule_1/slice_0.png","1","train","LIDC-IDRI-0230","208","1"
"processed_data/series_208_nodule_1/slice_1.png","1","train","LIDC-IDRI-0230","208","1"
"processed_data/series_211_nodule_0/slice_0.png","1","test","LIDC-IDRI-0233","211","0"
"processed_data/series_211_nodule_0/slice_1.png","1","test","LIDC-IDRI-0233","211","0"
"processed_data/series_211_nodule_1/slice_0.png","1","test","LIDC-IDRI-0233","211","1"
"processed_data/series_211_nodule_1/slice_1.png","1","test","LIDC-IDRI-0233","211","1"
"processed_data/series_212_nodule_0/slice_0.png","1","train","LIDC-IDRI-0234","212","0"
"processed_data/series_212_nodule_0/slice_1.png","1","train","LIDC-IDRI-0234","212","0"
"processed_data/series_212_nodule_0/slice_2.png","1","train","LIDC-IDRI-0234","212","0"
"processed_data/series_213_nodule_0/slice_0.png","0","train","LIDC-IDRI-0235","213","0"
"processed_data/series_213_nodule_0/slice_1.png","0","train","LIDC-IDRI-0235","213","0"
"processed_data/series_213_nodule_0/slice_2.png","0","train","LIDC-IDRI-0235","213","0"
"processed_data/series_213_nodule_0/slice_3.png","0","train","LIDC-IDRI-0235","213","0"
"processed_data/series_214_nodule_0/slice_0.png","1","test","LIDC-IDRI-0236","214","0"
"processed_data/series_214_nodule_0/slice_1.png","1","test","LIDC-IDRI-0236","214","0"
"processed_data/series_214_nodule_0/slice_2.png","1","test","LIDC-IDRI-0236","214","0"
"processed_data/series_214_nodule_0/slice_3.png","1","test","LIDC-IDRI-0236","214","0"
"processed_data/series_214_nodule_1/slice_0.png","1","test","LIDC-IDRI-0236","214","1"
"processed_data/series_214_nodule_1/slice_1.png","1","test","LIDC-IDRI-0236","214","1"
"processed_data/series_214_nodule_1/slice_2.png","1","test","LIDC-IDRI-0236","214","1"
"processed_data/series_215_nodule_0/slice_0.png","1","train","LIDC-IDRI-0237","215","0"
"processed_data/series_215_nodule_0/slice_1.png","1","train","LIDC-IDRI-0237","215","0"
"processed_data/series_215_nodule_0/slice_2.png","1","train","LIDC-IDRI-0237","215","0"
"processed_data/series_215_nodule_0/slice_3.png","1","train","LIDC-IDRI-0237","215","0"
"processed_data/series_215_nodule_1/slice_0.png","1","train","LIDC-IDRI-0237","215","1"
"processed_data/series_215_nodule_1/slice_1.png","1","train","LIDC-IDRI-0237","215","1"
"processed_data/series_215_nodule_1/slice_2.png","1","train","LIDC-IDRI-0237","215","1"
"processed_data/series_215_nodule_2/slice_0.png","1","train","LIDC-IDRI-0237","215","2"
"processed_data/series_215_nodule_2/slice_1.png","1","train","LIDC-IDRI-0237","215","2"
"processed_data/series_215_nodule_2/slice_2.png","1","train","LIDC-IDRI-0237","215","2"
"processed_data/series_217_nodule_0/slice_0.png","1","train","LIDC-IDRI-0240","217","0"
"processed_data/series_217_nodule_0/slice_1.png","1","train","LIDC-IDRI-0240","217","0"
"processed_data/series_217_nodule_0/slice_2.png","1","train","LIDC-IDRI-0240","217","0"
"processed_data/series_217_nodule_0/slice_3.png","1","train","LIDC-IDRI-0240","217","0"
"processed_data/series_217_nodule_1/slice_0.png","2","train","LIDC-IDRI-0240","217","1"
"processed_data/series_217_nodule_1/slice_1.png","2","train","LIDC-IDRI-0240","217","1"
"processed_data/series_217_nodule_1/slice_2.png","2","train","LIDC-IDRI-0240","217","1"
"processed_data/series_217_nodule_1/slice_3.png","2","train","LIDC-IDRI-0240","217","1"
"processed_data/series_217_nodule_1/slice_4.png","2","train","LIDC-IDRI-0240","217","1"
"processed_data/series_217_nodule_1/slice_5.png","2","train","LIDC-IDRI-0240","217","1"
"processed_data/series_218_nodule_0/slice_0.png","1","train","LIDC-IDRI-0241","218","0"
"processed_data/series_218_nodule_0/slice_1.png","1","train","LIDC-IDRI-0241","218","0"
"processed_data/series_218_nodule_0/slice_2.png","1","train","LIDC-IDRI-0241","218","0"
"processed_data/series_218_nodule_1/slice_0.png","1","train","LIDC-IDRI-0241","218","1"
"processed_data/series_218_nodule_1/slice_1.png","1","train","LIDC-IDRI-0241","218","1"
"processed_data/series_218_nodule_2/slice_0.png","1","train","LIDC-IDRI-0241","218","2"
"processed_data/series_218_nodule_2/slice_1.png","1","train","LIDC-IDRI-0241","218","2"
"processed_data/series_219_nodule_0/slice_0.png","2","test","LIDC-IDRI-0242","219","0"
"processed_data/series_219_nodule_0/slice_1.png","2","test","LIDC-IDRI-0242","219","0"
"processed_data/series_219_nodule_0/slice_2.png","2","test","LIDC-IDRI-0242","219","0"
"processed_data/series_219_nodule_0/slice_3.png","2","test","LIDC-IDRI-0242","219","0"
"processed_data/series_219_nodule_0/slice_4.png","2","test","LIDC-IDRI-0242","219","0"
"processed_data/series_219_nodule_0/slice_5.png","2","test","LIDC-IDRI-0242","219","0"
"processed_data/series_219_nodule_0/slice_6.png","2","test","LIDC-IDRI-0242","219","0"
"processed_data/series_221_nodule_0/slice_0.png","1","test","LIDC-IDRI-0244","221","0"
"processed_data/series_221_nodule_0/slice_1.png","1","test","LIDC-IDRI-0244","221","0"
"processed_data/series_221_nodule_0/slice_2.png","1","test","LIDC-IDRI-0244","221","0"
"processed_data/series_221_nodule_0/slice_3.png","1","test","LIDC-IDRI-0244","221","0"
"processed_data/series_221_nodule_0/slice_4.png","1","test","LIDC-IDRI-0244","221","0"
"processed_data/series_221_nodule_0/slice_5.png","1","test","LIDC-IDRI-0244","221","0"
"processed_data/series_221_nodule_1/slice_0.png","1","test","LIDC-IDRI-0244","221","1"
"processed_data/series_221_nodule_1/slice_1.png","1","test","LIDC-IDRI-0244","221","1"
"processed_data/series_221_nodule_1/slice_2.png","1","test","LIDC-IDRI-0244","221","1"
"processed_data/series_221_nodule_2/slice_0.png","0","test","LIDC-IDRI-0244","221","2"
"processed_data/series_221_nodule_2/slice_1.png","0","test","LIDC-IDRI-0244","221","2"
"processed_data/series_222_nodule_0/slice_0.png","1","train","LIDC-IDRI-0245","222","0"
"processed_data/series_222_nodule_0/slice_1.png","1","train","LIDC-IDRI-0245","222","0"
"processed_data/series_223_nodule_0/slice_0.png","1","train","LIDC-IDRI-0246","223","0"
"processed_data/series_223_nodule_0/slice_1.png","1","train","LIDC-IDRI-0246","223","0"
"processed_data/series_223_nodule_0/slice_2.png","1","train","LIDC-IDRI-0246","223","0"
"processed_data/series_224_nodule_0/slice_0.png","1","train","LIDC-IDRI-0247","224","0"
"processed_data/series_225_nodule_0/slice_0.png","0","val","LIDC-IDRI-0248","225","0"
"processed_data/series_225_nodule_0/slice_1.png","0","val","LIDC-IDRI-0248","225","0"
"processed_data/series_226_nodule_0/slice_0.png","1","train","LIDC-IDRI-0249","226","0"
"processed_data/series_226_nodule_0/slice_1.png","1","train","LIDC-IDRI-0249","226","0"
"processed_data/series_226_nodule_0/slice_2.png","1","train","LIDC-IDRI-0249","226","0"
"processed_data/series_226_nodule_0/slice_3.png","1","train","LIDC-IDRI-0249","226","0"
"processed_data/series_226_nodule_0/slice_4.png","1","train","LIDC-IDRI-0249","226","0"
"processed_data/series_226_nodule_0/slice_5.png","1","train","LIDC-IDRI-0249","226","0"
"processed_data/series_227_nodule_0/slice_0.png","1","train","LIDC-IDRI-0250","227","0"
"processed_data/series_227_nodule_0/slice_1.png","1","train","LIDC-IDRI-0250","227","0"
"processed_data/series_227_nodule_0/slice_2.png","1","train","LIDC-IDRI-0250","227","0"
"processed_data/series_227_nodule_0/slice_3.png","1","train","LIDC-IDRI-0250","227","0"
"processed_data/series_227_nodule_0/slice_4.png","1","train","LIDC-IDRI-0250","227","0"
"processed_data/series_227_nodule_1/slice_0.png","2","train","LIDC-IDRI-0250","227","1"
"processed_data/series_227_nodule_1/slice_1.png","2","train","LIDC-IDRI-0250","227","1"
"processed_data/series_227_nodule_1/slice_2.png","2","train","LIDC-IDRI-0250","227","1"
"processed_data/series_227_nodule_1/slice_3.png","2","train","LIDC-IDRI-0250","227","1"
"processed_data/series_228_nodule_0/slice_0.png","1","train","LIDC-IDRI-0251","228","0"
"processed_data/series_228_nodule_0/slice_1.png","1","train","LIDC-IDRI-0251","228","0"
"processed_data/series_228_nodule_0/slice_2.png","1","train","LIDC-IDRI-0251","228","0"
"processed_data/series_231_nodule_0/slice_0.png","1","train","LIDC-IDRI-0254","231","0"
"processed_data/series_231_nodule_0/slice_1.png","1","train","LIDC-IDRI-0254","231","0"
"processed_data/series_231_nodule_0/slice_2.png","1","train","LIDC-IDRI-0254","231","0"
"processed_data/series_231_nodule_1/slice_0.png","1","train","LIDC-IDRI-0254","231","1"
"processed_data/series_231_nodule_2/slice_0.png","1","train","LIDC-IDRI-0254","231","2"
"processed_data/series_231_nodule_2/slice_1.png","1","train","LIDC-IDRI-0254","231","2"
"processed_data/series_232_nodule_0/slice_0.png","1","test","LIDC-IDRI-0255","232","0"
"processed_data/series_232_nodule_0/slice_1.png","1","test","LIDC-IDRI-0255","232","0"
"processed_data/series_232_nodule_1/slice_0.png","1","test","LIDC-IDRI-0255","232","1"
"processed_data/series_232_nodule_1/slice_1.png","1","test","LIDC-IDRI-0255","232","1"
"processed_data/series_232_nodule_2/slice_0.png","1","test","LIDC-IDRI-0255","232","2"
"processed_data/series_232_nodule_2/slice_1.png","1","test","LIDC-IDRI-0255","232","2"
"processed_data/series_232_nodule_2/slice_2.png","1","test","LIDC-IDRI-0255","232","2"
"processed_data/series_233_nodule_0/slice_0.png","0","train","LIDC-IDRI-0256","233","0"
"processed_data/series_233_nodule_0/slice_1.png","0","train","LIDC-IDRI-0256","233","0"
"processed_data/series_233_nodule_0/slice_2.png","0","train","LIDC-IDRI-0256","233","0"
"processed_data/series_234_nodule_0/slice_0.png","1","train","LIDC-IDRI-0257","234","0"
"processed_data/series_234_nodule_0/slice_1.png","1","train","LIDC-IDRI-0257","234","0"
"processed_data/series_234_nodule_0/slice_2.png","1","train","LIDC-IDRI-0257","234","0"
"processed_data/series_234_nodule_0/slice_3.png","1","train","LIDC-IDRI-0257","234","0"
"processed_data/series_234_nodule_0/slice_4.png","1","train","LIDC-IDRI-0257","234","0"
"processed_data/series_235_nodule_0/slice_0.png","1","train","LIDC-IDRI-0258","235","0"
"processed_data/series_235_nodule_0/slice_1.png","1","train","LIDC-IDRI-0258","235","0"
"processed_data/series_235_nodule_0/slice_2.png","1","train","LIDC-IDRI-0258","235","0"
"processed_data/series_235_nodule_1/slice_0.png","1","train","LIDC-IDRI-0258","235","1"
"processed_data/series_235_nodule_1/slice_1.png","1","train","LIDC-IDRI-0258","235","1"
"processed_data/series_235_nodule_1/slice_2.png","1","train","LIDC-IDRI-0258","235","1"
"processed_data/series_236_nodule_0/slice_0.png","1","train","LIDC-IDRI-0259","236","0"
"processed_data/series_236_nodule_0/slice_1.png","1","train","LIDC-IDRI-0259","236","0"
"processed_data/series_236_nodule_0/slice_2.png","1","train","LIDC-IDRI-0259","236","0"
"processed_data/series_236_nodule_0/slice_3.png","1","train","LIDC-IDRI-0259","236","0"
"processed_data/series_236_nodule_0/slice_4.png","1","train","LIDC-IDRI-0259","236","0"
"processed_data/series_236_nodule_0/slice_5.png","1","train","LIDC-IDRI-0259","236","0"
"processed_data/series_237_nodule_0/slice_0.png","1","train","LIDC-IDRI-0260","237","0"
"processed_data/series_237_nodule_0/slice_1.png","1","train","LIDC-IDRI-0260","237","0"
"processed_data/series_237_nodule_0/slice_2.png","1","train","LIDC-IDRI-0260","237","0"
"processed_data/series_237_nodule_0/slice_3.png","1","train","LIDC-IDRI-0260","237","0"
"processed_data/series_237_nodule_0/slice_4.png","1","train","LIDC-IDRI-0260","237","0"
"processed_data/series_237_nodule_0/slice_5.png","1","train","LIDC-IDRI-0260","237","0"
"processed_data/series_237_nodule_1/slice_0.png","2","train","LIDC-IDRI-0260","237","1"
"processed_data/series_237_nodule_1/slice_1.png","2","train","LIDC-IDRI-0260","237","1"
"processed_data/series_237_nodule_1/slice_2.png","2","train","LIDC-IDRI-0260","237","1"
"processed_data/series_237_nodule_1/slice_3.png","2","train","LIDC-IDRI-0260","237","1"
"processed_data/series_237_nodule_1/slice_4.png","2","train","LIDC-IDRI-0260","237","1"
"processed_data/series_237_nodule_2/slice_0.png","2","train","LIDC-IDRI-0260","237","2"
"processed_data/series_237_nodule_2/slice_1.png","2","train","LIDC-IDRI-0260","237","2"
"processed_data/series_237_nodule_2/slice_2.png","2","train","LIDC-IDRI-0260","237","2"
"processed_data/series_237_nodule_2/slice_3.png","2","train","LIDC-IDRI-0260","237","2"
"processed_data/series_239_nodule_0/slice_0.png","0","train","LIDC-IDRI-0263","239","0"
"processed_data/series_239_nodule_0/slice_1.png","0","train","LIDC-IDRI-0263","239","0"
"processed_data/series_240_nodule_0/slice_0.png","2","train","LIDC-IDRI-0264","240","0"
"processed_data/series_240_nodule_0/slice_1.png","2","train","LIDC-IDRI-0264","240","0"
"processed_data/series_240_nodule_0/slice_10.png","2","train","LIDC-IDRI-0264","240","0"
"processed_data/series_240_nodule_0/slice_11.png","2","train","LIDC-IDRI-0264","240","0"
"processed_data/series_240_nodule_0/slice_2.png","2","train","LIDC-IDRI-0264","240","0"
"processed_data/series_240_nodule_0/slice_3.png","2","train","LIDC-IDRI-0264","240","0"
"processed_data/series_240_nodule_0/slice_4.png","2","train","LIDC-IDRI-0264","240","0"
"processed_data/series_240_nodule_0/slice_5.png","2","train","LIDC-IDRI-0264","240","0"
"processed_data/series_240_nodule_0/slice_6.png","2","train","LIDC-IDRI-0264","240","0"
"processed_data/series_240_nodule_0/slice_7.png","2","train","LIDC-IDRI-0264","240","0"
"processed_data/series_240_nodule_0/slice_8.png","2","train","LIDC-IDRI-0264","240","0"
"processed_data/series_240_nodule_0/slice_9.png","2","train","LIDC-IDRI-0264","240","0"
"processed_data/series_240_nodule_1/slice_0.png","1","train","LIDC-IDRI-0264","240","1"
"processed_data/series_240_nodule_1/slice_1.png","1","train","LIDC-IDRI-0264","240","1"
"processed_data/series_240_nodule_1/slice_2.png","1","train","LIDC-IDRI-0264","240","1"
"processed_data/series_240_nodule_1/slice_3.png","1","train","LIDC-IDRI-0264","240","1"
"processed_data/series_240_nodule_1/slice_4.png","1","train","LIDC-IDRI-0264","240","1"
"processed_data/series_240_nodule_1/slice_5.png","1","train","LIDC-IDRI-0264","240","1"
"processed_data/series_240_nodule_1/slice_6.png","1","train","LIDC-IDRI-0264","240","1"
"processed_data/series_241_nodule_0/slice_0.png","2","train","LIDC-IDRI-0265","241","0"
"processed_data/series_241_nodule_0/slice_1.png","2","train","LIDC-IDRI-0265","241","0"
"processed_data/series_241_nodule_0/slice_2.png","2","train","LIDC-IDRI-0265","241","0"
"processed_data/series_241_nodule_0/slice_3.png","2","train","LIDC-IDRI-0265","241","0"
"processed_data/series_241_nodule_0/slice_4.png","2","train","LIDC-IDRI-0265","241","0"
"processed_data/series_241_nodule_0/slice_5.png","2","train","LIDC-IDRI-0265","241","0"
"processed_data/series_241_nodule_0/slice_6.png","2","train","LIDC-IDRI-0265","241","0"
"processed_data/series_241_nodule_0/slice_7.png","2","train","LIDC-IDRI-0265","241","0"
"processed_data/series_241_nodule_0/slice_8.png","2","train","LIDC-IDRI-0265","241","0"
"processed_data/series_243_nodule_0/slice_0.png","0","train","LIDC-IDRI-0267","243","0"
"processed_data/series_243_nodule_0/slice_1.png","0","train","LIDC-IDRI-0267","243","0"
"processed_data/series_243_nodule_0/slice_2.png","0","train","LIDC-IDRI-0267","243","0"
"processed_data/series_245_nodule_0/slice_0.png","1","test","LIDC-IDRI-0269","245","0"
"processed_data/series_245_nodule_0/slice_1.png","1","test","LIDC-IDRI-0269","245","0"
"processed_data/series_245_nodule_0/slice_2.png","1","test","LIDC-IDRI-0269","245","0"
"processed_data/series_246_nodule_0/slice_0.png","0","val","LIDC-IDRI-0270","246","0"
"processed_data/series_246_nodule_0/slice_1.png","0","val","LIDC-IDRI-0270","246","0"
"processed_data/series_247_nodule_0/slice_0.png","1","train","LIDC-IDRI-0271","247","0"
"processed_data/series_247_nodule_0/slice_1.png","1","train","LIDC-IDRI-0271","247","0"
"processed_data/series_248_nodule_0/slice_0.png","1","train","LIDC-IDRI-0272","248","0"
"processed_data/series_248_nodule_0/slice_1.png","1","train","LIDC-IDRI-0272","248","0"
"processed_data/series_249_nodule_0/slice_0.png","1","train","LIDC-IDRI-0273","249","0"
"processed_data/series_249_nodule_0/slice_1.png","1","train","LIDC-IDRI-0273","249","0"
"processed_data/series_249_nodule_0/slice_2.png","1","train","LIDC-IDRI-0273","249","0"
"processed_data/series_249_nodule_1/slice_0.png","1","train","LIDC-IDRI-0273","249","1"
"processed_data/series_250_nodule_0/slice_0.png","1","train","LIDC-IDRI-0274","250","0"
"processed_data/series_250_nodule_0/slice_1.png","1","train","LIDC-IDRI-0274","250","0"
"processed_data/series_250_nodule_0/slice_2.png","1","train","LIDC-IDRI-0274","250","0"
"processed_data/series_250_nodule_0/slice_3.png","1","train","LIDC-IDRI-0274","250","0"
"processed_data/series_250_nodule_0/slice_4.png","1","train","LIDC-IDRI-0274","250","0"
"processed_data/series_252_nodule_0/slice_0.png","2","val","LIDC-IDRI-0276","252","0"
"processed_data/series_252_nodule_0/slice_1.png","2","val","LIDC-IDRI-0276","252","0"
"processed_data/series_252_nodule_0/slice_2.png","2","val","LIDC-IDRI-0276","252","0"
"processed_data/series_253_nodule_0/slice_0.png","1","train","LIDC-IDRI-0277","253","0"
"processed_data/series_253_nodule_0/slice_1.png","1","train","LIDC-IDRI-0277","253","0"
"processed_data/series_253_nodule_0/slice_2.png","1","train","LIDC-IDRI-0277","253","0"
"processed_data/series_253_nodule_0/slice_3.png","1","train","LIDC-IDRI-0277","253","0"
"processed_data/series_254_nodule_0/slice_0.png","1","train","LIDC-IDRI-0278","254","0"
"processed_data/series_254_nodule_0/slice_1.png","1","train","LIDC-IDRI-0278","254","0"
"processed_data/series_254_nodule_0/slice_2.png","1","train","LIDC-IDRI-0278","254","0"
"processed_data/series_254_nodule_0/slice_3.png","1","train","LIDC-IDRI-0278","254","0"
"processed_data/series_254_nodule_1/slice_0.png","1","train","LIDC-IDRI-0278","254","1"
"processed_data/series_254_nodule_1/slice_1.png","1","train","LIDC-IDRI-0278","254","1"
"processed_data/series_254_nodule_1/slice_2.png","1","train","LIDC-IDRI-0278","254","1"
"processed_data/series_257_nodule_0/slice_0.png","0","train","LIDC-IDRI-0281","257","0"
"processed_data/series_257_nodule_0/slice_1.png","0","train","LIDC-IDRI-0281","257","0"
"processed_data/series_257_nodule_0/slice_2.png","0","train","LIDC-IDRI-0281","257","0"
"processed_data/series_258_nodule_0/slice_0.png","1","test","LIDC-IDRI-0282","258","0"
"processed_data/series_258_nodule_0/slice_1.png","1","test","LIDC-IDRI-0282","258","0"
"processed_data/series_258_nodule_0/slice_2.png","1","test","LIDC-IDRI-0282","258","0"
"processed_data/series_258_nodule_1/slice_0.png","1","test","LIDC-IDRI-0282","258","1"
"processed_data/series_258_nodule_1/slice_1.png","1","test","LIDC-IDRI-0282","258","1"
"processed_data/series_259_nodule_0/slice_0.png","1","train","LIDC-IDRI-0283","259","0"
"processed_data/series_259_nodule_0/slice_1.png","1","train","LIDC-IDRI-0283","259","0"
"processed_data/series_259_nodule_0/slice_2.png","1","train","LIDC-IDRI-0283","259","0"
"processed_data/series_260_nodule_0/slice_0.png","0","train","LIDC-IDRI-0284","260","0"
"processed_data/series_260_nodule_0/slice_1.png","0","train","LIDC-IDRI-0284","260","0"
"processed_data/series_260_nodule_0/slice_2.png","0","train","LIDC-IDRI-0284","260","0"
"processed_data/series_260_nodule_1/slice_0.png","1","train","LIDC-IDRI-0284","260","1"
"processed_data/series_260_nodule_1/slice_1.png","1","train","LIDC-IDRI-0284","260","1"
"processed_data/series_260_nodule_1/slice_2.png","1","train","LIDC-IDRI-0284","260","1"
"processed_data/series_261_nodule_0/slice_0.png","1","train","LIDC-IDRI-0285","261","0"
"processed_data/series_261_nodule_0/slice_1.png","1","train","LIDC-IDRI-0285","261","0"
"processed_data/series_261_nodule_0/slice_2.png","1","train","LIDC-IDRI-0285","261","0"
"processed_data/series_262_nodule_0/slice_0.png","1","train","LIDC-IDRI-0286","262","0"
"processed_data/series_262_nodule_0/slice_1.png","1","train","LIDC-IDRI-0286","262","0"
"processed_data/series_262_nodule_0/slice_2.png","1","train","LIDC-IDRI-0286","262","0"
"processed_data/series_262_nodule_0/slice_3.png","1","train","LIDC-IDRI-0286","262","0"
"processed_data/series_262_nodule_1/slice_0.png","0","train","LIDC-IDRI-0286","262","1"
"processed_data/series_262_nodule_1/slice_1.png","0","train","LIDC-IDRI-0286","262","1"
"processed_data/series_262_nodule_1/slice_2.png","0","train","LIDC-IDRI-0286","262","1"
"processed_data/series_262_nodule_2/slice_0.png","1","train","LIDC-IDRI-0286","262","2"
"processed_data/series_262_nodule_2/slice_1.png","1","train","LIDC-IDRI-0286","262","2"
"processed_data/series_262_nodule_2/slice_2.png","1","train","LIDC-IDRI-0286","262","2"
"processed_data/series_263_nodule_0/slice_0.png","0","train","LIDC-IDRI-0287","263","0"
"processed_data/series_263_nodule_0/slice_1.png","0","train","LIDC-IDRI-0287","263","0"
"processed_data/series_264_nodule_0/slice_0.png","1","train","LIDC-IDRI-0288","264","0"
"processed_data/series_264_nodule_0/slice_1.png","1","train","LIDC-IDRI-0288","264","0"
"processed_data/series_264_nodule_1/slice_0.png","1","train","LIDC-IDRI-0288","264","1"
"processed_data/series_264_nodule_1/slice_1.png","1","train","LIDC-IDRI-0288","264","1"
"processed_data/series_264_nodule_1/slice_2.png","1","train","LIDC-IDRI-0288","264","1"
"processed_data/series_265_nodule_0/slice_0.png","1","test","LIDC-IDRI-0289","265","0"
"processed_data/series_265_nodule_0/slice_1.png","1","test","LIDC-IDRI-0289","265","0"
"processed_data/series_265_nodule_0/slice_2.png","1","test","LIDC-IDRI-0289","265","0"
"processed_data/series_265_nodule_0/slice_3.png","1","test","LIDC-IDRI-0289","265","0"
"processed_data/series_265_nodule_0/slice_4.png","1","test","LIDC-IDRI-0289","265","0"
"processed_data/series_265_nodule_0/slice_5.png","1","test","LIDC-IDRI-0289","265","0"
"processed_data/series_265_nodule_0/slice_6.png","1","test","LIDC-IDRI-0289","265","0"
"processed_data/series_265_nodule_0/slice_7.png","1","test","LIDC-IDRI-0289","265","0"
"processed_data/series_265_nodule_0/slice_8.png","1","test","LIDC-IDRI-0289","265","0"
"processed_data/series_265_nodule_1/slice_0.png","1","test","LIDC-IDRI-0289","265","1"
"processed_data/series_267_nodule_0/slice_0.png","0","train","LIDC-IDRI-0291","267","0"
"processed_data/series_267_nodule_0/slice_1.png","0","train","LIDC-IDRI-0291","267","0"
"processed_data/series_267_nodule_0/slice_2.png","0","train","LIDC-IDRI-0291","267","0"
"processed_data/series_267_nodule_0/slice_3.png","0","train","LIDC-IDRI-0291","267","0"
"processed_data/series_267_nodule_0/slice_4.png","0","train","LIDC-IDRI-0291","267","0"
"processed_data/series_268_nodule_0/slice_0.png","1","train","LIDC-IDRI-0292","268","0"
"processed_data/series_268_nodule_0/slice_1.png","1","train","LIDC-IDRI-0292","268","0"
"processed_data/series_268_nodule_0/slice_10.png","1","train","LIDC-IDRI-0292","268","0"
"processed_data/series_268_nodule_0/slice_2.png","1","train","LIDC-IDRI-0292","268","0"
"processed_data/series_268_nodule_0/slice_3.png","1","train","LIDC-IDRI-0292","268","0"
"processed_data/series_268_nodule_0/slice_4.png","1","train","LIDC-IDRI-0292","268","0"
"processed_data/series_268_nodule_0/slice_5.png","1","train","LIDC-IDRI-0292","268","0"
"processed_data/series_268_nodule_0/slice_6.png","1","train","LIDC-IDRI-0292","268","0"
"processed_data/series_268_nodule_0/slice_7.png","1","train","LIDC-IDRI-0292","268","0"
"processed_data/series_268_nodule_0/slice_8.png","1","train","LIDC-IDRI-0292","268","0"
"processed_data/series_268_nodule_0/slice_9.png","1","train","LIDC-IDRI-0292","268","0"
"processed_data/series_270_nodule_0/slice_0.png","1","train","LIDC-IDRI-0294","270","0"
"processed_data/series_270_nodule_0/slice_1.png","1","train","LIDC-IDRI-0294","270","0"
"processed_data/series_270_nodule_0/slice_2.png","1","train","LIDC-IDRI-0294","270","0"
"processed_data/series_270_nodule_0/slice_3.png","1","train","LIDC-IDRI-0294","270","0"
"processed_data/series_270_nodule_0/slice_4.png","1","train","LIDC-IDRI-0294","270","0"
"processed_data/series_270_nodule_0/slice_5.png","1","train","LIDC-IDRI-0294","270","0"
"processed_data/series_270_nodule_0/slice_6.png","1","train","LIDC-IDRI-0294","270","0"
"processed_data/series_270_nodule_0/slice_7.png","1","train","LIDC-IDRI-0294","270","0"
"processed_data/series_270_nodule_0/slice_8.png","1","train","LIDC-IDRI-0294","270","0"
"processed_data/series_271_nodule_0/slice_0.png","1","train","LIDC-IDRI-0296","271","0"
"processed_data/series_271_nodule_0/slice_1.png","1","train","LIDC-IDRI-0296","271","0"
"processed_data/series_271_nodule_0/slice_2.png","1","train","LIDC-IDRI-0296","271","0"
"processed_data/series_271_nodule_0/slice_3.png","1","train","LIDC-IDRI-0296","271","0"
"processed_data/series_271_nodule_0/slice_4.png","1","train","LIDC-IDRI-0296","271","0"
"processed_data/series_272_nodule_0/slice_0.png","0","train","LIDC-IDRI-0297","272","0"
"processed_data/series_272_nodule_0/slice_1.png","0","train","LIDC-IDRI-0297","272","0"
"processed_data/series_272_nodule_0/slice_2.png","0","train","LIDC-IDRI-0297","272","0"
"processed_data/series_272_nodule_0/slice_3.png","0","train","LIDC-IDRI-0297","272","0"
"processed_data/series_272_nodule_0/slice_4.png","0","train","LIDC-IDRI-0297","272","0"
"processed_data/series_272_nodule_0/slice_5.png","0","train","LIDC-IDRI-0297","272","0"
"processed_data/series_272_nodule_0/slice_6.png","0","train","LIDC-IDRI-0297","272","0"
"processed_data/series_273_nodule_0/slice_0.png","1","train","LIDC-IDRI-0298","273","0"
"processed_data/series_273_nodule_0/slice_1.png","1","train","LIDC-IDRI-0298","273","0"
"processed_data/series_273_nodule_0/slice_2.png","1","train","LIDC-IDRI-0298","273","0"
"processed_data/series_273_nodule_0/slice_3.png","1","train","LIDC-IDRI-0298","273","0"
"processed_data/series_273_nodule_0/slice_4.png","1","train","LIDC-IDRI-0298","273","0"
"processed_data/series_273_nodule_0/slice_5.png","1","train","LIDC-IDRI-0298","273","0"
"processed_data/series_273_nodule_0/slice_6.png","1","train","LIDC-IDRI-0298","273","0"
"processed_data/series_273_nodule_1/slice_0.png","1","train","LIDC-IDRI-0298","273","1"
"processed_data/series_273_nodule_1/slice_1.png","1","train","LIDC-IDRI-0298","273","1"
"processed_data/series_273_nodule_1/slice_2.png","1","train","LIDC-IDRI-0298","273","1"
"processed_data/series_273_nodule_1/slice_3.png","1","train","LIDC-IDRI-0298","273","1"
"processed_data/series_273_nodule_1/slice_4.png","1","train","LIDC-IDRI-0298","273","1"
"processed_data/series_273_nodule_1/slice_5.png","1","train","LIDC-IDRI-0298","273","1"
"processed_data/series_273_nodule_1/slice_6.png","1","train","LIDC-IDRI-0298","273","1"
"processed_data/series_273_nodule_1/slice_7.png","1","train","LIDC-IDRI-0298","273","1"
"processed_data/series_273_nodule_2/slice_0.png","1","train","LIDC-IDRI-0298","273","2"
"processed_data/series_273_nodule_2/slice_1.png","1","train","LIDC-IDRI-0298","273","2"
"processed_data/series_273_nodule_2/slice_2.png","1","train","LIDC-IDRI-0298","273","2"
"processed_data/series_273_nodule_2/slice_3.png","1","train","LIDC-IDRI-0298","273","2"
"processed_data/series_273_nodule_2/slice_4.png","1","train","LIDC-IDRI-0298","273","2"
"processed_data/series_273_nodule_2/slice_5.png","1","train","LIDC-IDRI-0298","273","2"
"processed_data/series_273_nodule_3/slice_0.png","1","train","LIDC-IDRI-0298","273","3"
"processed_data/series_273_nodule_3/slice_1.png","1","train","LIDC-IDRI-0298","273","3"
"processed_data/series_273_nodule_3/slice_2.png","1","train","LIDC-IDRI-0298","273","3"
"processed_data/series_273_nodule_3/slice_3.png","1","train","LIDC-IDRI-0298","273","3"
"processed_data/series_273_nodule_3/slice_4.png","1","train","LIDC-IDRI-0298","273","3"
"processed_data/series_273_nodule_3/slice_5.png","1","train","LIDC-IDRI-0298","273","3"
"processed_data/series_273_nodule_3/slice_6.png","1","train","LIDC-IDRI-0298","273","3"
"processed_data/series_274_nodule_0/slice_0.png","1","train","LIDC-IDRI-0299","274","0"
"processed_data/series_274_nodule_0/slice_1.png","1","train","LIDC-IDRI-0299","274","0"
"processed_data/series_274_nodule_0/slice_2.png","1","train","LIDC-IDRI-0299","274","0"
"processed_data/series_274_nodule_0/slice_3.png","1","train","LIDC-IDRI-0299","274","0"
"processed_data/series_274_nodule_0/slice_4.png","1","train","LIDC-IDRI-0299","274","0"
"processed_data/series_274_nodule_0/slice_5.png","1","train","LIDC-IDRI-0299","274","0"
"processed_data/series_274_nodule_1/slice_0.png","2","train","LIDC-IDRI-0299","274","1"
"processed_data/series_274_nodule_1/slice_1.png","2","train","LIDC-IDRI-0299","274","1"
"processed_data/series_274_nodule_1/slice_2.png","2","train","LIDC-IDRI-0299","274","1"
"processed_data/series_274_nodule_1/slice_3.png","2","train","LIDC-IDRI-0299","274","1"
"processed_data/series_274_nodule_1/slice_4.png","2","train","LIDC-IDRI-0299","274","1"
"processed_data/series_274_nodule_1/slice_5.png","2","train","LIDC-IDRI-0299","274","1"
"processed_data/series_274_nodule_1/slice_6.png","2","train","LIDC-IDRI-0299","274","1"
"processed_data/series_275_nodule_0/slice_0.png","0","train","LIDC-IDRI-0300","275","0"
"processed_data/series_275_nodule_0/slice_1.png","0","train","LIDC-IDRI-0300","275","0"
"processed_data/series_275_nodule_0/slice_2.png","0","train","LIDC-IDRI-0300","275","0"
"processed_data/series_275_nodule_0/slice_3.png","0","train","LIDC-IDRI-0300","275","0"
"processed_data/series_275_nodule_1/slice_0.png","2","train","LIDC-IDRI-0300","275","1"
"processed_data/series_275_nodule_1/slice_1.png","2","train","LIDC-IDRI-0300","275","1"
"processed_data/series_275_nodule_1/slice_10.png","2","train","LIDC-IDRI-0300","275","1"
"processed_data/series_275_nodule_1/slice_2.png","2","train","LIDC-IDRI-0300","275","1"
"processed_data/series_275_nodule_1/slice_3.png","2","train","LIDC-IDRI-0300","275","1"
"processed_data/series_275_nodule_1/slice_4.png","2","train","LIDC-IDRI-0300","275","1"
"processed_data/series_275_nodule_1/slice_5.png","2","train","LIDC-IDRI-0300","275","1"
"processed_data/series_275_nodule_1/slice_6.png","2","train","LIDC-IDRI-0300","275","1"
"processed_data/series_275_nodule_1/slice_7.png","2","train","LIDC-IDRI-0300","275","1"
"processed_data/series_275_nodule_1/slice_8.png","2","train","LIDC-IDRI-0300","275","1"
"processed_data/series_275_nodule_1/slice_9.png","2","train","LIDC-IDRI-0300","275","1"
"processed_data/series_275_nodule_2/slice_0.png","1","train","LIDC-IDRI-0300","275","2"
"processed_data/series_275_nodule_2/slice_1.png","1","train","LIDC-IDRI-0300","275","2"
"processed_data/series_275_nodule_2/slice_2.png","1","train","LIDC-IDRI-0300","275","2"
"processed_data/series_275_nodule_2/slice_3.png","1","train","LIDC-IDRI-0300","275","2"
"processed_data/series_275_nodule_2/slice_4.png","1","train","LIDC-IDRI-0300","275","2"
"processed_data/series_275_nodule_2/slice_5.png","1","train","LIDC-IDRI-0300","275","2"
"processed_data/series_275_nodule_2/slice_6.png","1","train","LIDC-IDRI-0300","275","2"
"processed_data/series_275_nodule_2/slice_7.png","1","train","LIDC-IDRI-0300","275","2"
"processed_data/series_275_nodule_2/slice_8.png","1","train","LIDC-IDRI-0300","275","2"
"processed_data/series_275_nodule_2/slice_9.png","1","train","LIDC-IDRI-0300","275","2"
"processed_data/series_276_nodule_0/slice_0.png","0","train","LIDC-IDRI-0301","276","0"
"processed_data/series_276_nodule_0/slice_1.png","0","train","LIDC-IDRI-0301","276","0"
"processed_data/series_276_nodule_0/slice_2.png","0","train","LIDC-IDRI-0301","276","0"
"processed_data/series_276_nodule_0/slice_3.png","0","train","LIDC-IDRI-0301","276","0"
"processed_data/series_276_nodule_0/slice_4.png","0","train","LIDC-IDRI-0301","276","0"
"processed_data/series_276_nodule_0/slice_5.png","0","train","LIDC-IDRI-0301","276","0"
"processed_data/series_276_nodule_0/slice_6.png","0","train","LIDC-IDRI-0301","276","0"
"processed_data/series_276_nodule_0/slice_7.png","0","train","LIDC-IDRI-0301","276","0"
"processed_data/series_276_nodule_0/slice_8.png","0","train","LIDC-IDRI-0301","276","0"
"processed_data/series_276_nodule_0/slice_9.png","0","train","LIDC-IDRI-0301","276","0"
"processed_data/series_278_nodule_0/slice_0.png","1","train","LIDC-IDRI-0304","278","0"
"processed_data/series_278_nodule_0/slice_1.png","1","train","LIDC-IDRI-0304","278","0"
"processed_data/series_278_nodule_0/slice_2.png","1","train","LIDC-IDRI-0304","278","0"
"processed_data/series_278_nodule_0/slice_3.png","1","train","LIDC-IDRI-0304","278","0"
"processed_data/series_278_nodule_0/slice_4.png","1","train","LIDC-IDRI-0304","278","0"
"processed_data/series_278_nodule_0/slice_5.png","1","train","LIDC-IDRI-0304","278","0"
"processed_data/series_278_nodule_0/slice_6.png","1","train","LIDC-IDRI-0304","278","0"
"processed_data/series_280_nodule_0/slice_0.png","1","val","LIDC-IDRI-0308","280","0"
"processed_data/series_280_nodule_0/slice_1.png","1","val","LIDC-IDRI-0308","280","0"
"processed_data/series_280_nodule_0/slice_10.png","1","val","LIDC-IDRI-0308","280","0"
"processed_data/series_280_nodule_0/slice_2.png","1","val","LIDC-IDRI-0308","280","0"
"processed_data/series_280_nodule_0/slice_3.png","1","val","LIDC-IDRI-0308","280","0"
"processed_data/series_280_nodule_0/slice_4.png","1","val","LIDC-IDRI-0308","280","0"
"processed_data/series_280_nodule_0/slice_5.png","1","val","LIDC-IDRI-0308","280","0"
"processed_data/series_280_nodule_0/slice_6.png","1","val","LIDC-IDRI-0308","280","0"
"processed_data/series_280_nodule_0/slice_7.png","1","val","LIDC-IDRI-0308","280","0"
"processed_data/series_280_nodule_0/slice_8.png","1","val","LIDC-IDRI-0308","280","0"
"processed_data/series_280_nodule_0/slice_9.png","1","val","LIDC-IDRI-0308","280","0"
"processed_data/series_281_nodule_0/slice_0.png","2","train","LIDC-IDRI-0309","281","0"
"processed_data/series_281_nodule_0/slice_1.png","2","train","LIDC-IDRI-0309","281","0"
"processed_data/series_281_nodule_0/slice_2.png","2","train","LIDC-IDRI-0309","281","0"
"processed_data/series_281_nodule_0/slice_3.png","2","train","LIDC-IDRI-0309","281","0"
"processed_data/series_282_nodule_0/slice_0.png","1","train","LIDC-IDRI-0310","282","0"
"processed_data/series_282_nodule_0/slice_1.png","1","train","LIDC-IDRI-0310","282","0"
"processed_data/series_282_nodule_0/slice_2.png","1","train","LIDC-IDRI-0310","282","0"
"processed_data/series_282_nodule_0/slice_3.png","1","train","LIDC-IDRI-0310","282","0"
"processed_data/series_283_nodule_0/slice_0.png","1","train","LIDC-IDRI-0311","283","0"
"processed_data/series_283_nodule_0/slice_1.png","1","train","LIDC-IDRI-0311","283","0"
"processed_data/series_283_nodule_0/slice_2.png","1","train","LIDC-IDRI-0311","283","0"
"processed_data/series_283_nodule_0/slice_3.png","1","train","LIDC-IDRI-0311","283","0"
"processed_data/series_283_nodule_0/slice_4.png","1","train","LIDC-IDRI-0311","283","0"
"processed_data/series_283_nodule_0/slice_5.png","1","train","LIDC-IDRI-0311","283","0"
"processed_data/series_283_nodule_0/slice_6.png","1","train","LIDC-IDRI-0311","283","0"
"processed_data/series_283_nodule_0/slice_7.png","1","train","LIDC-IDRI-0311","283","0"
"processed_data/series_286_nodule_0/slice_0.png","1","test","LIDC-IDRI-0315","286","0"
"processed_data/series_286_nodule_0/slice_1.png","1","test","LIDC-IDRI-0315","286","0"
"processed_data/series_286_nodule_0/slice_2.png","1","test","LIDC-IDRI-0315","286","0"
"processed_data/series_286_nodule_1/slice_0.png","1","test","LIDC-IDRI-0315","286","1"
"processed_data/series_286_nodule_1/slice_1.png","1","test","LIDC-IDRI-0315","286","1"
"processed_data/series_286_nodule_1/slice_2.png","1","test","LIDC-IDRI-0315","286","1"
"processed_data/series_286_nodule_2/slice_0.png","1","test","LIDC-IDRI-0315","286","2"
"processed_data/series_286_nodule_3/slice_0.png","1","test","LIDC-IDRI-0315","286","3"
"processed_data/series_286_nodule_3/slice_1.png","1","test","LIDC-IDRI-0315","286","3"
"processed_data/series_286_nodule_4/slice_0.png","1","test","LIDC-IDRI-0315","286","4"
"processed_data/series_286_nodule_4/slice_1.png","1","test","LIDC-IDRI-0315","286","4"
"processed_data/series_286_nodule_4/slice_2.png","1","test","LIDC-IDRI-0315","286","4"
"processed_data/series_287_nodule_0/slice_0.png","2","test","LIDC-IDRI-0315","287","0"
"processed_data/series_287_nodule_0/slice_1.png","2","test","LIDC-IDRI-0315","287","0"
"processed_data/series_287_nodule_0/slice_2.png","2","test","LIDC-IDRI-0315","287","0"
"processed_data/series_287_nodule_0/slice_3.png","2","test","LIDC-IDRI-0315","287","0"
"processed_data/series_287_nodule_1/slice_0.png","1","test","LIDC-IDRI-0315","287","1"
"processed_data/series_287_nodule_1/slice_1.png","1","test","LIDC-IDRI-0315","287","1"
"processed_data/series_287_nodule_1/slice_2.png","1","test","LIDC-IDRI-0315","287","1"
"processed_data/series_287_nodule_2/slice_0.png","0","test","LIDC-IDRI-0315","287","2"
"processed_data/series_287_nodule_2/slice_1.png","0","test","LIDC-IDRI-0315","287","2"
"processed_data/series_287_nodule_2/slice_2.png","0","test","LIDC-IDRI-0315","287","2"
"processed_data/series_287_nodule_3/slice_0.png","1","test","LIDC-IDRI-0315","287","3"
"processed_data/series_287_nodule_3/slice_1.png","1","test","LIDC-IDRI-0315","287","3"
"processed_data/series_287_nodule_4/slice_0.png","1","test","LIDC-IDRI-0315","287","4"
"processed_data/series_287_nodule_4/slice_1.png","1","test","LIDC-IDRI-0315","287","4"
"processed_data/series_287_nodule_4/slice_2.png","1","test","LIDC-IDRI-0315","287","4"
"processed_data/series_289_nodule_0/slice_0.png","0","val","LIDC-IDRI-0317","289","0"
"processed_data/series_289_nodule_0/slice_1.png","0","val","LIDC-IDRI-0317","289","0"
"processed_data/series_294_nodule_0/slice_0.png","0","train","LIDC-IDRI-0323","294","0"
"processed_data/series_294_nodule_0/slice_1.png","0","train","LIDC-IDRI-0323","294","0"
"processed_data/series_294_nodule_1/slice_0.png","1","train","LIDC-IDRI-0323","294","1"
"processed_data/series_294_nodule_1/slice_1.png","1","train","LIDC-IDRI-0323","294","1"
"processed_data/series_294_nodule_2/slice_0.png","1","train","LIDC-IDRI-0323","294","2"
"processed_data/series_294_nodule_2/slice_1.png","1","train","LIDC-IDRI-0323","294","2"
"processed_data/series_294_nodule_2/slice_2.png","1","train","LIDC-IDRI-0323","294","2"
"processed_data/series_296_nodule_0/slice_0.png","2","test","LIDC-IDRI-0325","296","0"
"processed_data/series_296_nodule_0/slice_1.png","2","test","LIDC-IDRI-0325","296","0"
"processed_data/series_296_nodule_0/slice_10.png","2","test","LIDC-IDRI-0325","296","0"
"processed_data/series_296_nodule_0/slice_11.png","2","test","LIDC-IDRI-0325","296","0"
"processed_data/series_296_nodule_0/slice_12.png","2","test","LIDC-IDRI-0325","296","0"
"processed_data/series_296_nodule_0/slice_13.png","2","test","LIDC-IDRI-0325","296","0"
"processed_data/series_296_nodule_0/slice_14.png","2","test","LIDC-IDRI-0325","296","0"
"processed_data/series_296_nodule_0/slice_15.png","2","test","LIDC-IDRI-0325","296","0"
"processed_data/series_296_nodule_0/slice_16.png","2","test","LIDC-IDRI-0325","296","0"
"processed_data/series_296_nodule_0/slice_17.png","2","test","LIDC-IDRI-0325","296","0"
"processed_data/series_296_nodule_0/slice_18.png","2","test","LIDC-IDRI-0325","296","0"
"processed_data/series_296_nodule_0/slice_19.png","2","test","LIDC-IDRI-0325","296","0"
"processed_data/series_296_nodule_0/slice_2.png","2","test","LIDC-IDRI-0325","296","0"
"processed_data/series_296_nodule_0/slice_20.png","2","test","LIDC-IDRI-0325","296","0"
"processed_data/series_296_nodule_0/slice_21.png","2","test","LIDC-IDRI-0325","296","0"
"processed_data/series_296_nodule_0/slice_22.png","2","test","LIDC-IDRI-0325","296","0"
"processed_data/series_296_nodule_0/slice_23.png","2","test","LIDC-IDRI-0325","296","0"
"processed_data/series_296_nodule_0/slice_24.png","2","test","LIDC-IDRI-0325","296","0"
"processed_data/series_296_nodule_0/slice_25.png","2","test","LIDC-IDRI-0325","296","0"
"processed_data/series_296_nodule_0/slice_26.png","2","test","LIDC-IDRI-0325","296","0"
"processed_data/series_296_nodule_0/slice_3.png","2","test","LIDC-IDRI-0325","296","0"
"processed_data/series_296_nodule_0/slice_4.png","2","test","LIDC-IDRI-0325","296","0"
"processed_data/series_296_nodule_0/slice_5.png","2","test","LIDC-IDRI-0325","296","0"
"processed_data/series_296_nodule_0/slice_6.png","2","test","LIDC-IDRI-0325","296","0"
"processed_data/series_296_nodule_0/slice_7.png","2","test","LIDC-IDRI-0325","296","0"
"processed_data/series_296_nodule_0/slice_8.png","2","test","LIDC-IDRI-0325","296","0"
"processed_data/series_296_nodule_0/slice_9.png","2","test","LIDC-IDRI-0325","296","0"
"processed_data/series_299_nodule_0/slice_0.png","1","train","LIDC-IDRI-0329","299","0"
"processed_data/series_299_nodule_0/slice_1.png","1","train","LIDC-IDRI-0329","299","0"
"processed_data/series_302_nodule_0/slice_0.png","2","train","LIDC-IDRI-0332","302","0"
"processed_data/series_302_nodule_0/slice_1.png","2","train","LIDC-IDRI-0332","302","0"
"processed_data/series_302_nodule_0/slice_10.png","2","train","LIDC-IDRI-0332","302","0"
"processed_data/series_302_nodule_0/slice_11.png","2","train","LIDC-IDRI-0332","302","0"
"processed_data/series_302_nodule_0/slice_12.png","2","train","LIDC-IDRI-0332","302","0"
"processed_data/series_302_nodule_0/slice_2.png","2","train","LIDC-IDRI-0332","302","0"
"processed_data/series_302_nodule_0/slice_3.png","2","train","LIDC-IDRI-0332","302","0"
"processed_data/series_302_nodule_0/slice_4.png","2","train","LIDC-IDRI-0332","302","0"
"processed_data/series_302_nodule_0/slice_5.png","2","train","LIDC-IDRI-0332","302","0"
"processed_data/series_302_nodule_0/slice_6.png","2","train","LIDC-IDRI-0332","302","0"
"processed_data/series_302_nodule_0/slice_7.png","2","train","LIDC-IDRI-0332","302","0"
"processed_data/series_302_nodule_0/slice_8.png","2","train","LIDC-IDRI-0332","302","0"
"processed_data/series_302_nodule_0/slice_9.png","2","train","LIDC-IDRI-0332","302","0"
"processed_data/series_302_nodule_1/slice_0.png","1","train","LIDC-IDRI-0332","302","1"
"processed_data/series_302_nodule_1/slice_1.png","1","train","LIDC-IDRI-0332","302","1"
"processed_data/series_302_nodule_1/slice_2.png","1","train","LIDC-IDRI-0332","302","1"
"processed_data/series_302_nodule_1/slice_3.png","1","train","LIDC-IDRI-0332","302","1"
"processed_data/series_302_nodule_1/slice_4.png","1","train","LIDC-IDRI-0332","302","1"
"processed_data/series_302_nodule_1/slice_5.png","1","train","LIDC-IDRI-0332","302","1"
"processed_data/series_302_nodule_1/slice_6.png","1","train","LIDC-IDRI-0332","302","1"
"processed_data/series_302_nodule_1/slice_7.png","1","train","LIDC-IDRI-0332","302","1"
"processed_data/series_303_nodule_0/slice_0.png","2","train","LIDC-IDRI-0332","303","0"
"processed_data/series_303_nodule_0/slice_1.png","2","train","LIDC-IDRI-0332","303","0"
"processed_data/series_303_nodule_0/slice_2.png","2","train","LIDC-IDRI-0332","303","0"
"processed_data/series_303_nodule_0/slice_3.png","2","train","LIDC-IDRI-0332","303","0"
"processed_data/series_303_nodule_0/slice_4.png","2","train","LIDC-IDRI-0332","303","0"
"processed_data/series_303_nodule_0/slice_5.png","2","train","LIDC-IDRI-0332","303","0"
"processed_data/series_303_nodule_0/slice_6.png","2","train","LIDC-IDRI-0332","303","0"
"processed_data/series_303_nodule_0/slice_7.png","2","train","LIDC-IDRI-0332","303","0"
"processed_data/series_303_nodule_0/slice_8.png","2","train","LIDC-IDRI-0332","303","0"
"processed_data/series_303_nodule_0/slice_9.png","2","train","LIDC-IDRI-0332","303","0"
"processed_data/series_303_nodule_1/slice_0.png","1","train","LIDC-IDRI-0332","303","1"
"processed_data/series_303_nodule_1/slice_1.png","1","train","LIDC-IDRI-0332","303","1"
"processed_data/series_303_nodule_1/slice_2.png","1","train","LIDC-IDRI-0332","303","1"
"processed_data/series_303_nodule_1/slice_3.png","1","train","LIDC-IDRI-0332","303","1"
"processed_data/series_303_nodule_1/slice_4.png","1","train","LIDC-IDRI-0332","303","1"
"processed_data/series_303_nodule_1/slice_5.png","1","train","LIDC-IDRI-0332","303","1"
"processed_data/series_304_nodule_0/slice_0.png","1","train","LIDC-IDRI-0334","304","0"
"processed_data/series_304_nodule_0/slice_1.png","1","train","LIDC-IDRI-0334","304","0"
"processed_data/series_304_nodule_1/slice_0.png","1","train","LIDC-IDRI-0334","304","1"
"processed_data/series_304_nodule_1/slice_1.png","1","train","LIDC-IDRI-0334","304","1"
"processed_data/series_304_nodule_1/slice_2.png","1","train","LIDC-IDRI-0334","304","1"
"processed_data/series_304_nodule_2/slice_0.png","1","train","LIDC-IDRI-0334","304","2"
"processed_data/series_304_nodule_2/slice_1.png","1","train","LIDC-IDRI-0334","304","2"
"processed_data/series_304_nodule_2/slice_2.png","1","train","LIDC-IDRI-0334","304","2"
"processed_data/series_304_nodule_2/slice_3.png","1","train","LIDC-IDRI-0334","304","2"
"processed_data/series_304_nodule_3/slice_0.png","0","train","LIDC-IDRI-0334","304","3"
"processed_data/series_304_nodule_4/slice_0.png","2","train","LIDC-IDRI-0334","304","4"
"processed_data/series_304_nodule_4/slice_1.png","2","train","LIDC-IDRI-0334","304","4"
"processed_data/series_304_nodule_4/slice_2.png","2","train","LIDC-IDRI-0334","304","4"
"processed_data/series_304_nodule_5/slice_0.png","1","train","LIDC-IDRI-0334","304","5"
"processed_data/series_304_nodule_5/slice_1.png","1","train","LIDC-IDRI-0334","304","5"
"processed_data/series_304_nodule_5/slice_2.png","1","train","LIDC-IDRI-0334","304","5"
"processed_data/series_305_nodule_0/slice_0.png","1","train","LIDC-IDRI-0335","305","0"
"processed_data/series_305_nodule_0/slice_1.png","1","train","LIDC-IDRI-0335","305","0"
"processed_data/series_305_nodule_0/slice_2.png","1","train","LIDC-IDRI-0335","305","0"
"processed_data/series_305_nodule_0/slice_3.png","1","train","LIDC-IDRI-0335","305","0"
"processed_data/series_305_nodule_1/slice_0.png","1","train","LIDC-IDRI-0335","305","1"
"processed_data/series_305_nodule_1/slice_1.png","1","train","LIDC-IDRI-0335","305","1"
"processed_data/series_305_nodule_1/slice_2.png","1","train","LIDC-IDRI-0335","305","1"
"processed_data/series_305_nodule_1/slice_3.png","1","train","LIDC-IDRI-0335","305","1"
"processed_data/series_305_nodule_2/slice_0.png","0","train","LIDC-IDRI-0335","305","2"
"processed_data/series_305_nodule_2/slice_1.png","0","train","LIDC-IDRI-0335","305","2"
"processed_data/series_305_nodule_2/slice_2.png","0","train","LIDC-IDRI-0335","305","2"
"processed_data/series_305_nodule_2/slice_3.png","0","train","LIDC-IDRI-0335","305","2"
"processed_data/series_305_nodule_2/slice_4.png","0","train","LIDC-IDRI-0335","305","2"
"processed_data/series_307_nodule_0/slice_0.png","2","train","LIDC-IDRI-0337","307","0"
"processed_data/series_307_nodule_0/slice_1.png","2","train","LIDC-IDRI-0337","307","0"
"processed_data/series_307_nodule_0/slice_10.png","2","train","LIDC-IDRI-0337","307","0"
"processed_data/series_307_nodule_0/slice_11.png","2","train","LIDC-IDRI-0337","307","0"
"processed_data/series_307_nodule_0/slice_2.png","2","train","LIDC-IDRI-0337","307","0"
"processed_data/series_307_nodule_0/slice_3.png","2","train","LIDC-IDRI-0337","307","0"
"processed_data/series_307_nodule_0/slice_4.png","2","train","LIDC-IDRI-0337","307","0"
"processed_data/series_307_nodule_0/slice_5.png","2","train","LIDC-IDRI-0337","307","0"
"processed_data/series_307_nodule_0/slice_6.png","2","train","LIDC-IDRI-0337","307","0"
"processed_data/series_307_nodule_0/slice_7.png","2","train","LIDC-IDRI-0337","307","0"
"processed_data/series_307_nodule_0/slice_8.png","2","train","LIDC-IDRI-0337","307","0"
"processed_data/series_307_nodule_0/slice_9.png","2","train","LIDC-IDRI-0337","307","0"
"processed_data/series_307_nodule_1/slice_0.png","2","train","LIDC-IDRI-0337","307","1"
"processed_data/series_307_nodule_1/slice_1.png","2","train","LIDC-IDRI-0337","307","1"
"processed_data/series_307_nodule_1/slice_2.png","2","train","LIDC-IDRI-0337","307","1"
"processed_data/series_307_nodule_1/slice_3.png","2","train","LIDC-IDRI-0337","307","1"
"processed_data/series_307_nodule_1/slice_4.png","2","train","LIDC-IDRI-0337","307","1"
"processed_data/series_309_nodule_0/slice_0.png","1","test","LIDC-IDRI-0339","309","0"
"processed_data/series_309_nodule_0/slice_1.png","1","test","LIDC-IDRI-0339","309","0"
"processed_data/series_309_nodule_0/slice_2.png","1","test","LIDC-IDRI-0339","309","0"
"processed_data/series_309_nodule_0/slice_3.png","1","test","LIDC-IDRI-0339","309","0"
"processed_data/series_310_nodule_0/slice_0.png","1","test","LIDC-IDRI-0340","310","0"
"processed_data/series_310_nodule_0/slice_1.png","1","test","LIDC-IDRI-0340","310","0"
"processed_data/series_310_nodule_0/slice_10.png","1","test","LIDC-IDRI-0340","310","0"
"processed_data/series_310_nodule_0/slice_11.png","1","test","LIDC-IDRI-0340","310","0"
"processed_data/series_310_nodule_0/slice_12.png","1","test","LIDC-IDRI-0340","310","0"
"processed_data/series_310_nodule_0/slice_13.png","1","test","LIDC-IDRI-0340","310","0"
"processed_data/series_310_nodule_0/slice_2.png","1","test","LIDC-IDRI-0340","310","0"
"processed_data/series_310_nodule_0/slice_3.png","1","test","LIDC-IDRI-0340","310","0"
"processed_data/series_310_nodule_0/slice_4.png","1","test","LIDC-IDRI-0340","310","0"
"processed_data/series_310_nodule_0/slice_5.png","1","test","LIDC-IDRI-0340","310","0"
"processed_data/series_310_nodule_0/slice_6.png","1","test","LIDC-IDRI-0340","310","0"
"processed_data/series_310_nodule_0/slice_7.png","1","test","LIDC-IDRI-0340","310","0"
"processed_data/series_310_nodule_0/slice_8.png","1","test","LIDC-IDRI-0340","310","0"
"processed_data/series_310_nodule_0/slice_9.png","1","test","LIDC-IDRI-0340","310","0"
"processed_data/series_312_nodule_0/slice_0.png","1","train","LIDC-IDRI-0343","312","0"
"processed_data/series_312_nodule_0/slice_1.png","1","train","LIDC-IDRI-0343","312","0"
"processed_data/series_312_nodule_0/slice_2.png","1","train","LIDC-IDRI-0343","312","0"
"processed_data/series_312_nodule_0/slice_3.png","1","train","LIDC-IDRI-0343","312","0"
"processed_data/series_312_nodule_0/slice_4.png","1","train","LIDC-IDRI-0343","312","0"
"processed_data/series_312_nodule_0/slice_5.png","1","train","LIDC-IDRI-0343","312","0"
"processed_data/series_314_nodule_0/slice_0.png","1","train","LIDC-IDRI-0345","314","0"
"processed_data/series_314_nodule_0/slice_1.png","1","train","LIDC-IDRI-0345","314","0"
"processed_data/series_314_nodule_0/slice_2.png","1","train","LIDC-IDRI-0345","314","0"
"processed_data/series_314_nodule_0/slice_3.png","1","train","LIDC-IDRI-0345","314","0"
"processed_data/series_314_nodule_1/slice_0.png","1","train","LIDC-IDRI-0345","314","1"
"processed_data/series_314_nodule_1/slice_1.png","1","train","LIDC-IDRI-0345","314","1"
"processed_data/series_314_nodule_1/slice_2.png","1","train","LIDC-IDRI-0345","314","1"
"processed_data/series_314_nodule_1/slice_3.png","1","train","LIDC-IDRI-0345","314","1"
"processed_data/series_314_nodule_1/slice_4.png","1","train","LIDC-IDRI-0345","314","1"
"processed_data/series_315_nodule_0/slice_0.png","0","test","LIDC-IDRI-0346","315","0"
"processed_data/series_315_nodule_0/slice_1.png","0","test","LIDC-IDRI-0346","315","0"
"processed_data/series_315_nodule_0/slice_2.png","0","test","LIDC-IDRI-0346","315","0"
"processed_data/series_315_nodule_1/slice_0.png","0","test","LIDC-IDRI-0346","315","1"
"processed_data/series_315_nodule_1/slice_1.png","0","test","LIDC-IDRI-0346","315","1"
"processed_data/series_315_nodule_1/slice_2.png","0","test","LIDC-IDRI-0346","315","1"
"processed_data/series_315_nodule_2/slice_0.png","1","test","LIDC-IDRI-0346","315","2"
"processed_data/series_315_nodule_2/slice_1.png","1","test","LIDC-IDRI-0346","315","2"
"processed_data/series_315_nodule_3/slice_0.png","0","test","LIDC-IDRI-0346","315","3"
"processed_data/series_315_nodule_3/slice_1.png","0","test","LIDC-IDRI-0346","315","3"
"processed_data/series_315_nodule_4/slice_0.png","1","test","LIDC-IDRI-0346","315","4"
"processed_data/series_315_nodule_4/slice_1.png","1","test","LIDC-IDRI-0346","315","4"
"processed_data/series_315_nodule_4/slice_2.png","1","test","LIDC-IDRI-0346","315","4"
"processed_data/series_315_nodule_4/slice_3.png","1","test","LIDC-IDRI-0346","315","4"
"processed_data/series_315_nodule_4/slice_4.png","1","test","LIDC-IDRI-0346","315","4"
"processed_data/series_316_nodule_0/slice_0.png","1","train","LIDC-IDRI-0347","316","0"
"processed_data/series_316_nodule_0/slice_1.png","1","train","LIDC-IDRI-0347","316","0"
"processed_data/series_316_nodule_0/slice_2.png","1","train","LIDC-IDRI-0347","316","0"
"processed_data/series_316_nodule_1/slice_0.png","1","train","LIDC-IDRI-0347","316","1"
"processed_data/series_316_nodule_1/slice_1.png","1","train","LIDC-IDRI-0347","316","1"
"processed_data/series_316_nodule_1/slice_2.png","1","train","LIDC-IDRI-0347","316","1"
"processed_data/series_316_nodule_1/slice_3.png","1","train","LIDC-IDRI-0347","316","1"
"processed_data/series_316_nodule_2/slice_0.png","2","train","LIDC-IDRI-0347","316","2"
"processed_data/series_316_nodule_2/slice_1.png","2","train","LIDC-IDRI-0347","316","2"
"processed_data/series_316_nodule_2/slice_2.png","2","train","LIDC-IDRI-0347","316","2"
"processed_data/series_316_nodule_2/slice_3.png","2","train","LIDC-IDRI-0347","316","2"
"processed_data/series_317_nodule_0/slice_0.png","1","val","LIDC-IDRI-0348","317","0"
"processed_data/series_317_nodule_0/slice_1.png","1","val","LIDC-IDRI-0348","317","0"
"processed_data/series_317_nodule_0/slice_2.png","1","val","LIDC-IDRI-0348","317","0"
"processed_data/series_317_nodule_0/slice_3.png","1","val","LIDC-IDRI-0348","317","0"
"processed_data/series_317_nodule_0/slice_4.png","1","val","LIDC-IDRI-0348","317","0"
"processed_data/series_317_nodule_0/slice_5.png","1","val","LIDC-IDRI-0348","317","0"
"processed_data/series_317_nodule_0/slice_6.png","1","val","LIDC-IDRI-0348","317","0"
"processed_data/series_317_nodule_0/slice_7.png","1","val","LIDC-IDRI-0348","317","0"
"processed_data/series_319_nodule_0/slice_0.png","1","train","LIDC-IDRI-0350","319","0"
"processed_data/series_319_nodule_0/slice_1.png","1","train","LIDC-IDRI-0350","319","0"
"processed_data/series_319_nodule_0/slice_2.png","1","train","LIDC-IDRI-0350","319","0"
"processed_data/series_319_nodule_1/slice_0.png","1","train","LIDC-IDRI-0350","319","1"
"processed_data/series_319_nodule_1/slice_1.png","1","train","LIDC-IDRI-0350","319","1"
"processed_data/series_319_nodule_1/slice_2.png","1","train","LIDC-IDRI-0350","319","1"
"processed_data/series_319_nodule_1/slice_3.png","1","train","LIDC-IDRI-0350","319","1"
"processed_data/series_320_nodule_0/slice_0.png","0","train","LIDC-IDRI-0351","320","0"
"processed_data/series_320_nodule_0/slice_1.png","0","train","LIDC-IDRI-0351","320","0"
"processed_data/series_320_nodule_0/slice_2.png","0","train","LIDC-IDRI-0351","320","0"
"processed_data/series_321_nodule_0/slice_0.png","1","val","LIDC-IDRI-0352","321","0"
"processed_data/series_321_nodule_0/slice_1.png","1","val","LIDC-IDRI-0352","321","0"
"processed_data/series_321_nodule_0/slice_2.png","1","val","LIDC-IDRI-0352","321","0"
"processed_data/series_321_nodule_0/slice_3.png","1","val","LIDC-IDRI-0352","321","0"
"processed_data/series_321_nodule_0/slice_4.png","1","val","LIDC-IDRI-0352","321","0"
"processed_data/series_322_nodule_0/slice_0.png","2","train","LIDC-IDRI-0353","322","0"
"processed_data/series_322_nodule_0/slice_1.png","2","train","LIDC-IDRI-0353","322","0"
"processed_data/series_322_nodule_0/slice_2.png","2","train","LIDC-IDRI-0353","322","0"
"processed_data/series_322_nodule_0/slice_3.png","2","train","LIDC-IDRI-0353","322","0"
"processed_data/series_322_nodule_0/slice_4.png","2","train","LIDC-IDRI-0353","322","0"
"processed_data/series_322_nodule_1/slice_0.png","0","train","LIDC-IDRI-0353","322","1"
"processed_data/series_322_nodule_1/slice_1.png","0","train","LIDC-IDRI-0353","322","1"
"processed_data/series_322_nodule_1/slice_2.png","0","train","LIDC-IDRI-0353","322","1"
"processed_data/series_322_nodule_2/slice_0.png","1","train","LIDC-IDRI-0353","322","2"
"processed_data/series_322_nodule_2/slice_1.png","1","train","LIDC-IDRI-0353","322","2"
"processed_data/series_322_nodule_2/slice_2.png","1","train","LIDC-IDRI-0353","322","2"
"processed_data/series_322_nodule_2/slice_3.png","1","train","LIDC-IDRI-0353","322","2"
"processed_data/series_322_nodule_2/slice_4.png","1","train","LIDC-IDRI-0353","322","2"
"processed_data/series_323_nodule_0/slice_0.png","0","train","LIDC-IDRI-0354","323","0"
"processed_data/series_323_nodule_0/slice_1.png","0","train","LIDC-IDRI-0354","323","0"
"processed_data/series_323_nodule_0/slice_2.png","0","train","LIDC-IDRI-0354","323","0"
"processed_data/series_326_nodule_0/slice_0.png","1","train","LIDC-IDRI-0356","326","0"
"processed_data/series_326_nodule_0/slice_1.png","1","train","LIDC-IDRI-0356","326","0"
"processed_data/series_326_nodule_0/slice_2.png","1","train","LIDC-IDRI-0356","326","0"
"processed_data/series_326_nodule_0/slice_3.png","1","train","LIDC-IDRI-0356","326","0"
"processed_data/series_326_nodule_1/slice_0.png","1","train","LIDC-IDRI-0356","326","1"
"processed_data/series_326_nodule_1/slice_1.png","1","train","LIDC-IDRI-0356","326","1"
"processed_data/series_326_nodule_2/slice_0.png","1","train","LIDC-IDRI-0356","326","2"
"processed_data/series_326_nodule_2/slice_1.png","1","train","LIDC-IDRI-0356","326","2"
"processed_data/series_326_nodule_3/slice_0.png","1","train","LIDC-IDRI-0356","326","3"
"processed_data/series_326_nodule_3/slice_1.png","1","train","LIDC-IDRI-0356","326","3"
"processed_data/series_326_nodule_4/slice_0.png","1","train","LIDC-IDRI-0356","326","4"
"processed_data/series_326_nodule_4/slice_1.png","1","train","LIDC-IDRI-0356","326","4"
"processed_data/series_326_nodule_4/slice_2.png","1","train","LIDC-IDRI-0356","326","4"
"processed_data/series_326_nodule_4/slice_3.png","1","train","LIDC-IDRI-0356","326","4"
"processed_data/series_326_nodule_5/slice_0.png","1","train","LIDC-IDRI-0356","326","5"
"processed_data/series_326_nodule_5/slice_1.png","1","train","LIDC-IDRI-0356","326","5"
"processed_data/series_326_nodule_5/slice_2.png","1","train","LIDC-IDRI-0356","326","5"
"processed_data/series_326_nodule_6/slice_0.png","1","train","LIDC-IDRI-0356","326","6"
"processed_data/series_326_nodule_6/slice_1.png","1","train","LIDC-IDRI-0356","326","6"
"processed_data/series_326_nodule_6/slice_2.png","1","train","LIDC-IDRI-0356","326","6"
"processed_data/series_328_nodule_0/slice_0.png","1","train","LIDC-IDRI-0358","328","0"
"processed_data/series_328_nodule_0/slice_1.png","1","train","LIDC-IDRI-0358","328","0"
"processed_data/series_328_nodule_0/slice_2.png","1","train","LIDC-IDRI-0358","328","0"
"processed_data/series_329_nodule_0/slice_0.png","0","test","LIDC-IDRI-0359","329","0"
"processed_data/series_329_nodule_0/slice_1.png","0","test","LIDC-IDRI-0359","329","0"
"processed_data/series_329_nodule_0/slice_2.png","0","test","LIDC-IDRI-0359","329","0"
"processed_data/series_329_nodule_0/slice_3.png","0","test","LIDC-IDRI-0359","329","0"
"processed_data/series_329_nodule_1/slice_0.png","1","test","LIDC-IDRI-0359","329","1"
"processed_data/series_329_nodule_1/slice_1.png","1","test","LIDC-IDRI-0359","329","1"
"processed_data/series_330_nodule_0/slice_0.png","1","test","LIDC-IDRI-0360","330","0"
"processed_data/series_330_nodule_0/slice_1.png","1","test","LIDC-IDRI-0360","330","0"
"processed_data/series_330_nodule_0/slice_2.png","1","test","LIDC-IDRI-0360","330","0"
"processed_data/series_330_nodule_0/slice_3.png","1","test","LIDC-IDRI-0360","330","0"
"processed_data/series_330_nodule_0/slice_4.png","1","test","LIDC-IDRI-0360","330","0"
"processed_data/series_330_nodule_0/slice_5.png","1","test","LIDC-IDRI-0360","330","0"
"processed_data/series_330_nodule_0/slice_6.png","1","test","LIDC-IDRI-0360","330","0"
"processed_data/series_330_nodule_0/slice_7.png","1","test","LIDC-IDRI-0360","330","0"
"processed_data/series_330_nodule_0/slice_8.png","1","test","LIDC-IDRI-0360","330","0"
"processed_data/series_330_nodule_0/slice_9.png","1","test","LIDC-IDRI-0360","330","0"
"processed_data/series_330_nodule_1/slice_0.png","1","test","LIDC-IDRI-0360","330","1"
"processed_data/series_330_nodule_1/slice_1.png","1","test","LIDC-IDRI-0360","330","1"
"processed_data/series_330_nodule_1/slice_10.png","1","test","LIDC-IDRI-0360","330","1"
"processed_data/series_330_nodule_1/slice_11.png","1","test","LIDC-IDRI-0360","330","1"
"processed_data/series_330_nodule_1/slice_2.png","1","test","LIDC-IDRI-0360","330","1"
"processed_data/series_330_nodule_1/slice_3.png","1","test","LIDC-IDRI-0360","330","1"
"processed_data/series_330_nodule_1/slice_4.png","1","test","LIDC-IDRI-0360","330","1"
"processed_data/series_330_nodule_1/slice_5.png","1","test","LIDC-IDRI-0360","330","1"
"processed_data/series_330_nodule_1/slice_6.png","1","test","LIDC-IDRI-0360","330","1"
"processed_data/series_330_nodule_1/slice_7.png","1","test","LIDC-IDRI-0360","330","1"
"processed_data/series_330_nodule_1/slice_8.png","1","test","LIDC-IDRI-0360","330","1"
"processed_data/series_330_nodule_1/slice_9.png","1","test","LIDC-IDRI-0360","330","1"
"processed_data/series_332_nodule_0/slice_0.png","2","val","LIDC-IDRI-0362","332","0"
"processed_data/series_332_nodule_0/slice_1.png","2","val","LIDC-IDRI-0362","332","0"
"processed_data/series_332_nodule_0/slice_2.png","2","val","LIDC-IDRI-0362","332","0"
"processed_data/series_332_nodule_0/slice_3.png","2","val","LIDC-IDRI-0362","332","0"
"processed_data/series_332_nodule_0/slice_4.png","2","val","LIDC-IDRI-0362","332","0"
"processed_data/series_332_nodule_0/slice_5.png","2","val","LIDC-IDRI-0362","332","0"
"processed_data/series_334_nodule_0/slice_0.png","2","train","LIDC-IDRI-0365","334","0"
"processed_data/series_334_nodule_0/slice_1.png","2","train","LIDC-IDRI-0365","334","0"
"processed_data/series_334_nodule_0/slice_2.png","2","train","LIDC-IDRI-0365","334","0"
"processed_data/series_335_nodule_0/slice_0.png","1","train","LIDC-IDRI-0365","335","0"
"processed_data/series_335_nodule_0/slice_1.png","1","train","LIDC-IDRI-0365","335","0"
"processed_data/series_335_nodule_0/slice_2.png","1","train","LIDC-IDRI-0365","335","0"
"processed_data/series_335_nodule_0/slice_3.png","1","train","LIDC-IDRI-0365","335","0"
"processed_data/series_336_nodule_0/slice_0.png","1","train","LIDC-IDRI-0366","336","0"
"processed_data/series_336_nodule_0/slice_1.png","1","train","LIDC-IDRI-0366","336","0"
"processed_data/series_336_nodule_0/slice_2.png","1","train","LIDC-IDRI-0366","336","0"
"processed_data/series_336_nodule_1/slice_0.png","1","train","LIDC-IDRI-0366","336","1"
"processed_data/series_336_nodule_1/slice_1.png","1","train","LIDC-IDRI-0366","336","1"
"processed_data/series_336_nodule_1/slice_2.png","1","train","LIDC-IDRI-0366","336","1"
"processed_data/series_336_nodule_1/slice_3.png","1","train","LIDC-IDRI-0366","336","1"
"processed_data/series_336_nodule_1/slice_4.png","1","train","LIDC-IDRI-0366","336","1"
"processed_data/series_338_nodule_0/slice_0.png","1","train","LIDC-IDRI-0368","338","0"
"processed_data/series_338_nodule_0/slice_1.png","1","train","LIDC-IDRI-0368","338","0"
"processed_data/series_338_nodule_0/slice_2.png","1","train","LIDC-IDRI-0368","338","0"
"processed_data/series_338_nodule_0/slice_3.png","1","train","LIDC-IDRI-0368","338","0"
"processed_data/series_338_nodule_0/slice_4.png","1","train","LIDC-IDRI-0368","338","0"
"processed_data/series_338_nodule_1/slice_0.png","1","train","LIDC-IDRI-0368","338","1"
"processed_data/series_338_nodule_1/slice_1.png","1","train","LIDC-IDRI-0368","338","1"
"processed_data/series_338_nodule_1/slice_2.png","1","train","LIDC-IDRI-0368","338","1"
"processed_data/series_338_nodule_2/slice_0.png","2","train","LIDC-IDRI-0368","338","2"
"processed_data/series_338_nodule_2/slice_1.png","2","train","LIDC-IDRI-0368","338","2"
"processed_data/series_338_nodule_2/slice_2.png","2","train","LIDC-IDRI-0368","338","2"
"processed_data/series_338_nodule_2/slice_3.png","2","train","LIDC-IDRI-0368","338","2"
"processed_data/series_338_nodule_2/slice_4.png","2","train","LIDC-IDRI-0368","338","2"
"processed_data/series_338_nodule_2/slice_5.png","2","train","LIDC-IDRI-0368","338","2"
"processed_data/series_338_nodule_2/slice_6.png","2","train","LIDC-IDRI-0368","338","2"
"processed_data/series_338_nodule_2/slice_7.png","2","train","LIDC-IDRI-0368","338","2"
"processed_data/series_338_nodule_3/slice_0.png","1","train","LIDC-IDRI-0368","338","3"
"processed_data/series_338_nodule_3/slice_1.png","1","train","LIDC-IDRI-0368","338","3"
"processed_data/series_338_nodule_3/slice_2.png","1","train","LIDC-IDRI-0368","338","3"
"processed_data/series_338_nodule_3/slice_3.png","1","train","LIDC-IDRI-0368","338","3"
"processed_data/series_338_nodule_3/slice_4.png","1","train","LIDC-IDRI-0368","338","3"
"processed_data/series_338_nodule_3/slice_5.png","1","train","LIDC-IDRI-0368","338","3"
"processed_data/series_338_nodule_3/slice_6.png","1","train","LIDC-IDRI-0368","338","3"
"processed_data/series_338_nodule_3/slice_7.png","1","train","LIDC-IDRI-0368","338","3"
"processed_data/series_338_nodule_4/slice_0.png","0","train","LIDC-IDRI-0368","338","4"
"processed_data/series_338_nodule_4/slice_1.png","0","train","LIDC-IDRI-0368","338","4"
"processed_data/series_338_nodule_4/slice_2.png","0","train","LIDC-IDRI-0368","338","4"
"processed_data/series_338_nodule_5/slice_0.png","1","train","LIDC-IDRI-0368","338","5"
"processed_data/series_338_nodule_5/slice_1.png","1","train","LIDC-IDRI-0368","338","5"
"processed_data/series_338_nodule_5/slice_2.png","1","train","LIDC-IDRI-0368","338","5"
"processed_data/series_338_nodule_5/slice_3.png","1","train","LIDC-IDRI-0368","338","5"
"processed_data/series_338_nodule_5/slice_4.png","1","train","LIDC-IDRI-0368","338","5"
"processed_data/series_338_nodule_5/slice_5.png","1","train","LIDC-IDRI-0368","338","5"
"processed_data/series_338_nodule_5/slice_6.png","1","train","LIDC-IDRI-0368","338","5"
"processed_data/series_338_nodule_5/slice_7.png","1","train","LIDC-IDRI-0368","338","5"
"processed_data/series_338_nodule_5/slice_8.png","1","train","LIDC-IDRI-0368","338","5"
"processed_data/series_339_nodule_0/slice_0.png","1","train","LIDC-IDRI-0369","339","0"
"processed_data/series_339_nodule_0/slice_1.png","1","train","LIDC-IDRI-0369","339","0"
"processed_data/series_339_nodule_0/slice_2.png","1","train","LIDC-IDRI-0369","339","0"
"processed_data/series_339_nodule_0/slice_3.png","1","train","LIDC-IDRI-0369","339","0"
"processed_data/series_343_nodule_0/slice_0.png","0","train","LIDC-IDRI-0375","343","0"
"processed_data/series_343_nodule_0/slice_1.png","0","train","LIDC-IDRI-0375","343","0"
"processed_data/series_343_nodule_0/slice_2.png","0","train","LIDC-IDRI-0375","343","0"
"processed_data/series_343_nodule_0/slice_3.png","0","train","LIDC-IDRI-0375","343","0"
"processed_data/series_343_nodule_0/slice_4.png","0","train","LIDC-IDRI-0375","343","0"
"processed_data/series_343_nodule_0/slice_5.png","0","train","LIDC-IDRI-0375","343","0"
"processed_data/series_343_nodule_0/slice_6.png","0","train","LIDC-IDRI-0375","343","0"
"processed_data/series_343_nodule_0/slice_7.png","0","train","LIDC-IDRI-0375","343","0"
"processed_data/series_344_nodule_0/slice_0.png","1","train","LIDC-IDRI-0376","344","0"
"processed_data/series_344_nodule_0/slice_1.png","1","train","LIDC-IDRI-0376","344","0"
"processed_data/series_344_nodule_0/slice_10.png","1","train","LIDC-IDRI-0376","344","0"
"processed_data/series_344_nodule_0/slice_11.png","1","train","LIDC-IDRI-0376","344","0"
"processed_data/series_344_nodule_0/slice_12.png","1","train","LIDC-IDRI-0376","344","0"
"processed_data/series_344_nodule_0/slice_2.png","1","train","LIDC-IDRI-0376","344","0"
"processed_data/series_344_nodule_0/slice_3.png","1","train","LIDC-IDRI-0376","344","0"
"processed_data/series_344_nodule_0/slice_4.png","1","train","LIDC-IDRI-0376","344","0"
"processed_data/series_344_nodule_0/slice_5.png","1","train","LIDC-IDRI-0376","344","0"
"processed_data/series_344_nodule_0/slice_6.png","1","train","LIDC-IDRI-0376","344","0"
"processed_data/series_344_nodule_0/slice_7.png","1","train","LIDC-IDRI-0376","344","0"
"processed_data/series_344_nodule_0/slice_8.png","1","train","LIDC-IDRI-0376","344","0"
"processed_data/series_344_nodule_0/slice_9.png","1","train","LIDC-IDRI-0376","344","0"
"processed_data/series_345_nodule_0/slice_0.png","2","train","LIDC-IDRI-0377","345","0"
"processed_data/series_345_nodule_0/slice_1.png","2","train","LIDC-IDRI-0377","345","0"
"processed_data/series_345_nodule_0/slice_10.png","2","train","LIDC-IDRI-0377","345","0"
"processed_data/series_345_nodule_0/slice_2.png","2","train","LIDC-IDRI-0377","345","0"
"processed_data/series_345_nodule_0/slice_3.png","2","train","LIDC-IDRI-0377","345","0"
"processed_data/series_345_nodule_0/slice_4.png","2","train","LIDC-IDRI-0377","345","0"
"processed_data/series_345_nodule_0/slice_5.png","2","train","LIDC-IDRI-0377","345","0"
"processed_data/series_345_nodule_0/slice_6.png","2","train","LIDC-IDRI-0377","345","0"
"processed_data/series_345_nodule_0/slice_7.png","2","train","LIDC-IDRI-0377","345","0"
"processed_data/series_345_nodule_0/slice_8.png","2","train","LIDC-IDRI-0377","345","0"
"processed_data/series_345_nodule_0/slice_9.png","2","train","LIDC-IDRI-0377","345","0"
"processed_data/series_345_nodule_1/slice_0.png","1","train","LIDC-IDRI-0377","345","1"
"processed_data/series_345_nodule_1/slice_1.png","1","train","LIDC-IDRI-0377","345","1"
"processed_data/series_345_nodule_1/slice_2.png","1","train","LIDC-IDRI-0377","345","1"
"processed_data/series_345_nodule_1/slice_3.png","1","train","LIDC-IDRI-0377","345","1"
"processed_data/series_347_nodule_0/slice_0.png","1","train","LIDC-IDRI-0379","347","0"
"processed_data/series_347_nodule_0/slice_1.png","1","train","LIDC-IDRI-0379","347","0"
"processed_data/series_347_nodule_1/slice_0.png","0","train","LIDC-IDRI-0379","347","1"
"processed_data/series_347_nodule_1/slice_1.png","0","train","LIDC-IDRI-0379","347","1"
"processed_data/series_347_nodule_2/slice_0.png","1","train","LIDC-IDRI-0379","347","2"
"processed_data/series_347_nodule_2/slice_1.png","1","train","LIDC-IDRI-0379","347","2"
"processed_data/series_347_nodule_2/slice_2.png","1","train","LIDC-IDRI-0379","347","2"
"processed_data/series_347_nodule_3/slice_0.png","1","train","LIDC-IDRI-0379","347","3"
"processed_data/series_347_nodule_3/slice_1.png","1","train","LIDC-IDRI-0379","347","3"
"processed_data/series_347_nodule_3/slice_2.png","1","train","LIDC-IDRI-0379","347","3"
"processed_data/series_347_nodule_3/slice_3.png","1","train","LIDC-IDRI-0379","347","3"
"processed_data/series_347_nodule_3/slice_4.png","1","train","LIDC-IDRI-0379","347","3"
"processed_data/series_347_nodule_4/slice_0.png","0","train","LIDC-IDRI-0379","347","4"
"processed_data/series_347_nodule_4/slice_1.png","0","train","LIDC-IDRI-0379","347","4"
"processed_data/series_347_nodule_4/slice_2.png","0","train","LIDC-IDRI-0379","347","4"
"processed_data/series_348_nodule_0/slice_0.png","1","train","LIDC-IDRI-0380","348","0"
"processed_data/series_348_nodule_0/slice_1.png","1","train","LIDC-IDRI-0380","348","0"
"processed_data/series_348_nodule_0/slice_2.png","1","train","LIDC-IDRI-0380","348","0"
"processed_data/series_348_nodule_1/slice_0.png","0","train","LIDC-IDRI-0380","348","1"
"processed_data/series_348_nodule_1/slice_1.png","0","train","LIDC-IDRI-0380","348","1"
"processed_data/series_348_nodule_2/slice_0.png","1","train","LIDC-IDRI-0380","348","2"
"processed_data/series_348_nodule_2/slice_1.png","1","train","LIDC-IDRI-0380","348","2"
"processed_data/series_348_nodule_2/slice_2.png","1","train","LIDC-IDRI-0380","348","2"
"processed_data/series_352_nodule_0/slice_0.png","1","train","LIDC-IDRI-0384","352","0"
"processed_data/series_352_nodule_0/slice_1.png","1","train","LIDC-IDRI-0384","352","0"
"processed_data/series_352_nodule_0/slice_2.png","1","train","LIDC-IDRI-0384","352","0"
"processed_data/series_352_nodule_0/slice_3.png","1","train","LIDC-IDRI-0384","352","0"
"processed_data/series_352_nodule_0/slice_4.png","1","train","LIDC-IDRI-0384","352","0"
"processed_data/series_352_nodule_0/slice_5.png","1","train","LIDC-IDRI-0384","352","0"
"processed_data/series_352_nodule_0/slice_6.png","1","train","LIDC-IDRI-0384","352","0"
"processed_data/series_354_nodule_0/slice_0.png","1","train","LIDC-IDRI-0386","354","0"
"processed_data/series_354_nodule_0/slice_1.png","1","train","LIDC-IDRI-0386","354","0"
"processed_data/series_354_nodule_0/slice_2.png","1","train","LIDC-IDRI-0386","354","0"
"processed_data/series_354_nodule_0/slice_3.png","1","train","LIDC-IDRI-0386","354","0"
"processed_data/series_354_nodule_0/slice_4.png","1","train","LIDC-IDRI-0386","354","0"
"processed_data/series_354_nodule_0/slice_5.png","1","train","LIDC-IDRI-0386","354","0"
"processed_data/series_354_nodule_0/slice_6.png","1","train","LIDC-IDRI-0386","354","0"
"processed_data/series_354_nodule_1/slice_0.png","0","train","LIDC-IDRI-0386","354","1"
"processed_data/series_354_nodule_1/slice_1.png","0","train","LIDC-IDRI-0386","354","1"
"processed_data/series_354_nodule_1/slice_2.png","0","train","LIDC-IDRI-0386","354","1"
"processed_data/series_354_nodule_1/slice_3.png","0","train","LIDC-IDRI-0386","354","1"
"processed_data/series_354_nodule_1/slice_4.png","0","train","LIDC-IDRI-0386","354","1"
"processed_data/series_354_nodule_1/slice_5.png","0","train","LIDC-IDRI-0386","354","1"
"processed_data/series_354_nodule_1/slice_6.png","0","train","LIDC-IDRI-0386","354","1"
"processed_data/series_354_nodule_1/slice_7.png","0","train","LIDC-IDRI-0386","354","1"
"processed_data/series_354_nodule_1/slice_8.png","0","train","LIDC-IDRI-0386","354","1"
"processed_data/series_354_nodule_1/slice_9.png","0","train","LIDC-IDRI-0386","354","1"
"processed_data/series_354_nodule_2/slice_0.png","1","train","LIDC-IDRI-0386","354","2"
"processed_data/series_354_nodule_2/slice_1.png","1","train","LIDC-IDRI-0386","354","2"
"processed_data/series_354_nodule_2/slice_2.png","1","train","LIDC-IDRI-0386","354","2"
"processed_data/series_354_nodule_2/slice_3.png","1","train","LIDC-IDRI-0386","354","2"
"processed_data/series_354_nodule_2/slice_4.png","1","train","LIDC-IDRI-0386","354","2"
"processed_data/series_354_nodule_2/slice_5.png","1","train","LIDC-IDRI-0386","354","2"
"processed_data/series_355_nodule_0/slice_0.png","2","train","LIDC-IDRI-0387","355","0"
"processed_data/series_355_nodule_0/slice_1.png","2","train","LIDC-IDRI-0387","355","0"
"processed_data/series_355_nodule_0/slice_2.png","2","train","LIDC-IDRI-0387","355","0"
"processed_data/series_355_nodule_0/slice_3.png","2","train","LIDC-IDRI-0387","355","0"
"processed_data/series_355_nodule_1/slice_0.png","1","train","LIDC-IDRI-0387","355","1"
"processed_data/series_355_nodule_1/slice_1.png","1","train","LIDC-IDRI-0387","355","1"
"processed_data/series_356_nodule_0/slice_0.png","0","train","LIDC-IDRI-0388","356","0"
"processed_data/series_356_nodule_0/slice_1.png","0","train","LIDC-IDRI-0388","356","0"
"processed_data/series_356_nodule_0/slice_2.png","0","train","LIDC-IDRI-0388","356","0"
"processed_data/series_356_nodule_0/slice_3.png","0","train","LIDC-IDRI-0388","356","0"
"processed_data/series_356_nodule_0/slice_4.png","0","train","LIDC-IDRI-0388","356","0"
"processed_data/series_358_nodule_0/slice_0.png","0","train","LIDC-IDRI-0390","358","0"
"processed_data/series_358_nodule_0/slice_1.png","0","train","LIDC-IDRI-0390","358","0"
"processed_data/series_358_nodule_0/slice_2.png","0","train","LIDC-IDRI-0390","358","0"
"processed_data/series_358_nodule_1/slice_0.png","0","train","LIDC-IDRI-0390","358","1"
"processed_data/series_358_nodule_1/slice_1.png","0","train","LIDC-IDRI-0390","358","1"
"processed_data/series_358_nodule_1/slice_2.png","0","train","LIDC-IDRI-0390","358","1"
"processed_data/series_358_nodule_2/slice_0.png","0","train","LIDC-IDRI-0390","358","2"
"processed_data/series_358_nodule_2/slice_1.png","0","train","LIDC-IDRI-0390","358","2"
"processed_data/series_358_nodule_2/slice_2.png","0","train","LIDC-IDRI-0390","358","2"
"processed_data/series_358_nodule_2/slice_3.png","0","train","LIDC-IDRI-0390","358","2"
"processed_data/series_358_nodule_3/slice_0.png","0","train","LIDC-IDRI-0390","358","3"
"processed_data/series_358_nodule_3/slice_1.png","0","train","LIDC-IDRI-0390","358","3"
"processed_data/series_358_nodule_3/slice_2.png","0","train","LIDC-IDRI-0390","358","3"
"processed_data/series_358_nodule_4/slice_0.png","0","train","LIDC-IDRI-0390","358","4"
"processed_data/series_358_nodule_4/slice_1.png","0","train","LIDC-IDRI-0390","358","4"
"processed_data/series_358_nodule_4/slice_2.png","0","train","LIDC-IDRI-0390","358","4"
"processed_data/series_358_nodule_5/slice_0.png","0","train","LIDC-IDRI-0390","358","5"
"processed_data/series_358_nodule_5/slice_1.png","0","train","LIDC-IDRI-0390","358","5"
"processed_data/series_358_nodule_5/slice_2.png","0","train","LIDC-IDRI-0390","358","5"
"processed_data/series_358_nodule_6/slice_0.png","0","train","LIDC-IDRI-0390","358","6"
"processed_data/series_358_nodule_6/slice_1.png","0","train","LIDC-IDRI-0390","358","6"
"processed_data/series_358_nodule_6/slice_2.png","0","train","LIDC-IDRI-0390","358","6"
"processed_data/series_358_nodule_7/slice_0.png","0","train","LIDC-IDRI-0390","358","7"
"processed_data/series_358_nodule_7/slice_1.png","0","train","LIDC-IDRI-0390","358","7"
"processed_data/series_358_nodule_8/slice_0.png","0","train","LIDC-IDRI-0390","358","8"
"processed_data/series_358_nodule_8/slice_1.png","0","train","LIDC-IDRI-0390","358","8"
"processed_data/series_360_nodule_0/slice_0.png","1","train","LIDC-IDRI-0392","360","0"
"processed_data/series_360_nodule_0/slice_1.png","1","train","LIDC-IDRI-0392","360","0"
"processed_data/series_360_nodule_1/slice_0.png","1","train","LIDC-IDRI-0392","360","1"
"processed_data/series_360_nodule_1/slice_1.png","1","train","LIDC-IDRI-0392","360","1"
"processed_data/series_360_nodule_1/slice_2.png","1","train","LIDC-IDRI-0392","360","1"
"processed_data/series_360_nodule_1/slice_3.png","1","train","LIDC-IDRI-0392","360","1"
"processed_data/series_362_nodule_0/slice_0.png","2","train","LIDC-IDRI-0394","362","0"
"processed_data/series_362_nodule_0/slice_1.png","2","train","LIDC-IDRI-0394","362","0"
"processed_data/series_362_nodule_0/slice_2.png","2","train","LIDC-IDRI-0394","362","0"
"processed_data/series_362_nodule_0/slice_3.png","2","train","LIDC-IDRI-0394","362","0"
"processed_data/series_362_nodule_0/slice_4.png","2","train","LIDC-IDRI-0394","362","0"
"processed_data/series_362_nodule_1/slice_0.png","1","train","LIDC-IDRI-0394","362","1"
"processed_data/series_362_nodule_1/slice_1.png","1","train","LIDC-IDRI-0394","362","1"
"processed_data/series_362_nodule_1/slice_2.png","1","train","LIDC-IDRI-0394","362","1"
"processed_data/series_362_nodule_2/slice_0.png","1","train","LIDC-IDRI-0394","362","2"
"processed_data/series_362_nodule_2/slice_1.png","1","train","LIDC-IDRI-0394","362","2"
"processed_data/series_362_nodule_3/slice_0.png","1","train","LIDC-IDRI-0394","362","3"
"processed_data/series_362_nodule_3/slice_1.png","1","train","LIDC-IDRI-0394","362","3"
"processed_data/series_362_nodule_3/slice_2.png","1","train","LIDC-IDRI-0394","362","3"
"processed_data/series_362_nodule_4/slice_0.png","1","train","LIDC-IDRI-0394","362","4"
"processed_data/series_362_nodule_4/slice_1.png","1","train","LIDC-IDRI-0394","362","4"
"processed_data/series_362_nodule_4/slice_2.png","1","train","LIDC-IDRI-0394","362","4"
"processed_data/series_362_nodule_5/slice_0.png","1","train","LIDC-IDRI-0394","362","5"
"processed_data/series_362_nodule_5/slice_1.png","1","train","LIDC-IDRI-0394","362","5"
"processed_data/series_362_nodule_5/slice_2.png","1","train","LIDC-IDRI-0394","362","5"
"processed_data/series_362_nodule_5/slice_3.png","1","train","LIDC-IDRI-0394","362","5"
"processed_data/series_362_nodule_5/slice_4.png","1","train","LIDC-IDRI-0394","362","5"
"processed_data/series_362_nodule_5/slice_5.png","1","train","LIDC-IDRI-0394","362","5"
"processed_data/series_362_nodule_5/slice_6.png","1","train","LIDC-IDRI-0394","362","5"
"processed_data/series_362_nodule_5/slice_7.png","1","train","LIDC-IDRI-0394","362","5"
"processed_data/series_363_nodule_0/slice_0.png","1","train","LIDC-IDRI-0395","363","0"
"processed_data/series_363_nodule_0/slice_1.png","1","train","LIDC-IDRI-0395","363","0"
"processed_data/series_363_nodule_1/slice_0.png","1","train","LIDC-IDRI-0395","363","1"
"processed_data/series_363_nodule_1/slice_1.png","1","train","LIDC-IDRI-0395","363","1"
"processed_data/series_363_nodule_1/slice_2.png","1","train","LIDC-IDRI-0395","363","1"
"processed_data/series_363_nodule_1/slice_3.png","1","train","LIDC-IDRI-0395","363","1"
"processed_data/series_363_nodule_1/slice_4.png","1","train","LIDC-IDRI-0395","363","1"
"processed_data/series_366_nodule_0/slice_0.png","1","train","LIDC-IDRI-0398","366","0"
"processed_data/series_366_nodule_0/slice_1.png","1","train","LIDC-IDRI-0398","366","0"
"processed_data/series_366_nodule_0/slice_2.png","1","train","LIDC-IDRI-0398","366","0"
"processed_data/series_366_nodule_0/slice_3.png","1","train","LIDC-IDRI-0398","366","0"
"processed_data/series_366_nodule_0/slice_4.png","1","train","LIDC-IDRI-0398","366","0"
"processed_data/series_366_nodule_0/slice_5.png","1","train","LIDC-IDRI-0398","366","0"
"processed_data/series_367_nodule_0/slice_0.png","0","val","LIDC-IDRI-0399","367","0"
"processed_data/series_367_nodule_0/slice_1.png","0","val","LIDC-IDRI-0399","367","0"
"processed_data/series_367_nodule_0/slice_2.png","0","val","LIDC-IDRI-0399","367","0"
"processed_data/series_367_nodule_0/slice_3.png","0","val","LIDC-IDRI-0399","367","0"
"processed_data/series_367_nodule_0/slice_4.png","0","val","LIDC-IDRI-0399","367","0"
"processed_data/series_368_nodule_0/slice_0.png","1","train","LIDC-IDRI-0400","368","0"
"processed_data/series_368_nodule_0/slice_1.png","1","train","LIDC-IDRI-0400","368","0"
"processed_data/series_368_nodule_0/slice_2.png","1","train","LIDC-IDRI-0400","368","0"
"processed_data/series_368_nodule_1/slice_0.png","1","train","LIDC-IDRI-0400","368","1"
"processed_data/series_368_nodule_1/slice_1.png","1","train","LIDC-IDRI-0400","368","1"
"processed_data/series_368_nodule_1/slice_2.png","1","train","LIDC-IDRI-0400","368","1"
"processed_data/series_368_nodule_2/slice_0.png","1","train","LIDC-IDRI-0400","368","2"
"processed_data/series_368_nodule_2/slice_1.png","1","train","LIDC-IDRI-0400","368","2"
"processed_data/series_368_nodule_2/slice_2.png","1","train","LIDC-IDRI-0400","368","2"
"processed_data/series_370_nodule_0/slice_0.png","0","train","LIDC-IDRI-0403","370","0"
"processed_data/series_370_nodule_0/slice_1.png","0","train","LIDC-IDRI-0403","370","0"
"processed_data/series_370_nodule_0/slice_10.png","0","train","LIDC-IDRI-0403","370","0"
"processed_data/series_370_nodule_0/slice_11.png","0","train","LIDC-IDRI-0403","370","0"
"processed_data/series_370_nodule_0/slice_12.png","0","train","LIDC-IDRI-0403","370","0"
"processed_data/series_370_nodule_0/slice_13.png","0","train","LIDC-IDRI-0403","370","0"
"processed_data/series_370_nodule_0/slice_14.png","0","train","LIDC-IDRI-0403","370","0"
"processed_data/series_370_nodule_0/slice_2.png","0","train","LIDC-IDRI-0403","370","0"
"processed_data/series_370_nodule_0/slice_3.png","0","train","LIDC-IDRI-0403","370","0"
"processed_data/series_370_nodule_0/slice_4.png","0","train","LIDC-IDRI-0403","370","0"
"processed_data/series_370_nodule_0/slice_5.png","0","train","LIDC-IDRI-0403","370","0"
"processed_data/series_370_nodule_0/slice_6.png","0","train","LIDC-IDRI-0403","370","0"
"processed_data/series_370_nodule_0/slice_7.png","0","train","LIDC-IDRI-0403","370","0"
"processed_data/series_370_nodule_0/slice_8.png","0","train","LIDC-IDRI-0403","370","0"
"processed_data/series_370_nodule_0/slice_9.png","0","train","LIDC-IDRI-0403","370","0"
"processed_data/series_371_nodule_0/slice_0.png","2","train","LIDC-IDRI-0404","371","0"
"processed_data/series_371_nodule_0/slice_1.png","2","train","LIDC-IDRI-0404","371","0"
"processed_data/series_371_nodule_0/slice_10.png","2","train","LIDC-IDRI-0404","371","0"
"processed_data/series_371_nodule_0/slice_11.png","2","train","LIDC-IDRI-0404","371","0"
"processed_data/series_371_nodule_0/slice_12.png","2","train","LIDC-IDRI-0404","371","0"
"processed_data/series_371_nodule_0/slice_13.png","2","train","LIDC-IDRI-0404","371","0"
"processed_data/series_371_nodule_0/slice_14.png","2","train","LIDC-IDRI-0404","371","0"
"processed_data/series_371_nodule_0/slice_2.png","2","train","LIDC-IDRI-0404","371","0"
"processed_data/series_371_nodule_0/slice_3.png","2","train","LIDC-IDRI-0404","371","0"
"processed_data/series_371_nodule_0/slice_4.png","2","train","LIDC-IDRI-0404","371","0"
"processed_data/series_371_nodule_0/slice_5.png","2","train","LIDC-IDRI-0404","371","0"
"processed_data/series_371_nodule_0/slice_6.png","2","train","LIDC-IDRI-0404","371","0"
"processed_data/series_371_nodule_0/slice_7.png","2","train","LIDC-IDRI-0404","371","0"
"processed_data/series_371_nodule_0/slice_8.png","2","train","LIDC-IDRI-0404","371","0"
"processed_data/series_371_nodule_0/slice_9.png","2","train","LIDC-IDRI-0404","371","0"
"processed_data/series_371_nodule_1/slice_0.png","1","train","LIDC-IDRI-0404","371","1"
"processed_data/series_371_nodule_1/slice_1.png","1","train","LIDC-IDRI-0404","371","1"
"processed_data/series_371_nodule_1/slice_10.png","1","train","LIDC-IDRI-0404","371","1"
"processed_data/series_371_nodule_1/slice_11.png","1","train","LIDC-IDRI-0404","371","1"
"processed_data/series_371_nodule_1/slice_12.png","1","train","LIDC-IDRI-0404","371","1"
"processed_data/series_371_nodule_1/slice_13.png","1","train","LIDC-IDRI-0404","371","1"
"processed_data/series_371_nodule_1/slice_2.png","1","train","LIDC-IDRI-0404","371","1"
"processed_data/series_371_nodule_1/slice_3.png","1","train","LIDC-IDRI-0404","371","1"
"processed_data/series_371_nodule_1/slice_4.png","1","train","LIDC-IDRI-0404","371","1"
"processed_data/series_371_nodule_1/slice_5.png","1","train","LIDC-IDRI-0404","371","1"
"processed_data/series_371_nodule_1/slice_6.png","1","train","LIDC-IDRI-0404","371","1"
"processed_data/series_371_nodule_1/slice_7.png","1","train","LIDC-IDRI-0404","371","1"
"processed_data/series_371_nodule_1/slice_8.png","1","train","LIDC-IDRI-0404","371","1"
"processed_data/series_371_nodule_1/slice_9.png","1","train","LIDC-IDRI-0404","371","1"
"processed_data/series_372_nodule_0/slice_0.png","1","train","LIDC-IDRI-0405","372","0"
"processed_data/series_372_nodule_0/slice_1.png","1","train","LIDC-IDRI-0405","372","0"
"processed_data/series_372_nodule_0/slice_2.png","1","train","LIDC-IDRI-0405","372","0"
"processed_data/series_372_nodule_0/slice_3.png","1","train","LIDC-IDRI-0405","372","0"
"processed_data/series_372_nodule_0/slice_4.png","1","train","LIDC-IDRI-0405","372","0"
"processed_data/series_372_nodule_0/slice_5.png","1","train","LIDC-IDRI-0405","372","0"
"processed_data/series_372_nodule_0/slice_6.png","1","train","LIDC-IDRI-0405","372","0"
"processed_data/series_372_nodule_1/slice_0.png","1","train","LIDC-IDRI-0405","372","1"
"processed_data/series_372_nodule_1/slice_1.png","1","train","LIDC-IDRI-0405","372","1"
"processed_data/series_372_nodule_1/slice_2.png","1","train","LIDC-IDRI-0405","372","1"
"processed_data/series_372_nodule_1/slice_3.png","1","train","LIDC-IDRI-0405","372","1"
"processed_data/series_372_nodule_1/slice_4.png","1","train","LIDC-IDRI-0405","372","1"
"processed_data/series_373_nodule_0/slice_0.png","1","train","LIDC-IDRI-0406","373","0"
"processed_data/series_373_nodule_0/slice_1.png","1","train","LIDC-IDRI-0406","373","0"
"processed_data/series_373_nodule_0/slice_2.png","1","train","LIDC-IDRI-0406","373","0"
"processed_data/series_373_nodule_0/slice_3.png","1","train","LIDC-IDRI-0406","373","0"
"processed_data/series_373_nodule_0/slice_4.png","1","train","LIDC-IDRI-0406","373","0"
"processed_data/series_374_nodule_0/slice_0.png","2","train","LIDC-IDRI-0407","374","0"
"processed_data/series_374_nodule_0/slice_1.png","2","train","LIDC-IDRI-0407","374","0"
"processed_data/series_374_nodule_0/slice_2.png","2","train","LIDC-IDRI-0407","374","0"
"processed_data/series_374_nodule_0/slice_3.png","2","train","LIDC-IDRI-0407","374","0"
"processed_data/series_374_nodule_0/slice_4.png","2","train","LIDC-IDRI-0407","374","0"
"processed_data/series_374_nodule_0/slice_5.png","2","train","LIDC-IDRI-0407","374","0"
"processed_data/series_374_nodule_0/slice_6.png","2","train","LIDC-IDRI-0407","374","0"
"processed_data/series_374_nodule_0/slice_7.png","2","train","LIDC-IDRI-0407","374","0"
"processed_data/series_374_nodule_1/slice_0.png","0","train","LIDC-IDRI-0407","374","1"
"processed_data/series_374_nodule_1/slice_1.png","0","train","LIDC-IDRI-0407","374","1"
"processed_data/series_374_nodule_1/slice_2.png","0","train","LIDC-IDRI-0407","374","1"
"processed_data/series_374_nodule_1/slice_3.png","0","train","LIDC-IDRI-0407","374","1"
"processed_data/series_374_nodule_2/slice_0.png","1","train","LIDC-IDRI-0407","374","2"
"processed_data/series_374_nodule_2/slice_1.png","1","train","LIDC-IDRI-0407","374","2"
"processed_data/series_374_nodule_2/slice_2.png","1","train","LIDC-IDRI-0407","374","2"
"processed_data/series_374_nodule_2/slice_3.png","1","train","LIDC-IDRI-0407","374","2"
"processed_data/series_374_nodule_2/slice_4.png","1","train","LIDC-IDRI-0407","374","2"
"processed_data/series_375_nodule_0/slice_0.png","0","train","LIDC-IDRI-0409","375","0"
"processed_data/series_375_nodule_0/slice_1.png","0","train","LIDC-IDRI-0409","375","0"
"processed_data/series_375_nodule_0/slice_2.png","0","train","LIDC-IDRI-0409","375","0"
"processed_data/series_375_nodule_0/slice_3.png","0","train","LIDC-IDRI-0409","375","0"
"processed_data/series_375_nodule_0/slice_4.png","0","train","LIDC-IDRI-0409","375","0"
"processed_data/series_375_nodule_0/slice_5.png","0","train","LIDC-IDRI-0409","375","0"
"processed_data/series_375_nodule_0/slice_6.png","0","train","LIDC-IDRI-0409","375","0"
"processed_data/series_375_nodule_0/slice_7.png","0","train","LIDC-IDRI-0409","375","0"
"processed_data/series_375_nodule_0/slice_8.png","0","train","LIDC-IDRI-0409","375","0"
"processed_data/series_375_nodule_1/slice_0.png","1","train","LIDC-IDRI-0409","375","1"
"processed_data/series_375_nodule_1/slice_1.png","1","train","LIDC-IDRI-0409","375","1"
"processed_data/series_375_nodule_1/slice_2.png","1","train","LIDC-IDRI-0409","375","1"
"processed_data/series_375_nodule_2/slice_0.png","1","train","LIDC-IDRI-0409","375","2"
"processed_data/series_375_nodule_2/slice_1.png","1","train","LIDC-IDRI-0409","375","2"
"processed_data/series_375_nodule_2/slice_10.png","1","train","LIDC-IDRI-0409","375","2"
"processed_data/series_375_nodule_2/slice_2.png","1","train","LIDC-IDRI-0409","375","2"
"processed_data/series_375_nodule_2/slice_3.png","1","train","LIDC-IDRI-0409","375","2"
"processed_data/series_375_nodule_2/slice_4.png","1","train","LIDC-IDRI-0409","375","2"
"processed_data/series_375_nodule_2/slice_5.png","1","train","LIDC-IDRI-0409","375","2"
"processed_data/series_375_nodule_2/slice_6.png","1","train","LIDC-IDRI-0409","375","2"
"processed_data/series_375_nodule_2/slice_7.png","1","train","LIDC-IDRI-0409","375","2"
"processed_data/series_375_nodule_2/slice_8.png","1","train","LIDC-IDRI-0409","375","2"
"processed_data/series_375_nodule_2/slice_9.png","1","train","LIDC-IDRI-0409","375","2"
"processed_data/series_378_nodule_0/slice_0.png","0","train","LIDC-IDRI-0412","378","0"
"processed_data/series_378_nodule_0/slice_1.png","0","train","LIDC-IDRI-0412","378","0"
"processed_data/series_378_nodule_0/slice_2.png","0","train","LIDC-IDRI-0412","378","0"
"processed_data/series_378_nodule_0/slice_3.png","0","train","LIDC-IDRI-0412","378","0"
"processed_data/series_378_nodule_1/slice_0.png","1","train","LIDC-IDRI-0412","378","1"
"processed_data/series_378_nodule_1/slice_1.png","1","train","LIDC-IDRI-0412","378","1"
"processed_data/series_378_nodule_1/slice_2.png","1","train","LIDC-IDRI-0412","378","1"
"processed_data/series_378_nodule_1/slice_3.png","1","train","LIDC-IDRI-0412","378","1"
"processed_data/series_378_nodule_1/slice_4.png","1","train","LIDC-IDRI-0412","378","1"
"processed_data/series_378_nodule_1/slice_5.png","1","train","LIDC-IDRI-0412","378","1"
"processed_data/series_378_nodule_1/slice_6.png","1","train","LIDC-IDRI-0412","378","1"
"processed_data/series_379_nodule_0/slice_0.png","1","train","LIDC-IDRI-0413","379","0"
"processed_data/series_379_nodule_0/slice_1.png","1","train","LIDC-IDRI-0413","379","0"
"processed_data/series_379_nodule_1/slice_0.png","0","train","LIDC-IDRI-0413","379","1"
"processed_data/series_379_nodule_1/slice_1.png","0","train","LIDC-IDRI-0413","379","1"
"processed_data/series_380_nodule_0/slice_0.png","1","train","LIDC-IDRI-0414","380","0"
"processed_data/series_380_nodule_0/slice_1.png","1","train","LIDC-IDRI-0414","380","0"
"processed_data/series_380_nodule_0/slice_2.png","1","train","LIDC-IDRI-0414","380","0"
"processed_data/series_380_nodule_0/slice_3.png","1","train","LIDC-IDRI-0414","380","0"
"processed_data/series_380_nodule_0/slice_4.png","1","train","LIDC-IDRI-0414","380","0"
"processed_data/series_381_nodule_0/slice_0.png","1","train","LIDC-IDRI-0416","381","0"
"processed_data/series_381_nodule_0/slice_1.png","1","train","LIDC-IDRI-0416","381","0"
"processed_data/series_381_nodule_0/slice_2.png","1","train","LIDC-IDRI-0416","381","0"
"processed_data/series_381_nodule_1/slice_0.png","1","train","LIDC-IDRI-0416","381","1"
"processed_data/series_381_nodule_1/slice_1.png","1","train","LIDC-IDRI-0416","381","1"
"processed_data/series_381_nodule_1/slice_2.png","1","train","LIDC-IDRI-0416","381","1"
"processed_data/series_384_nodule_0/slice_0.png","0","train","LIDC-IDRI-0419","384","0"
"processed_data/series_384_nodule_0/slice_1.png","0","train","LIDC-IDRI-0419","384","0"
"processed_data/series_384_nodule_0/slice_2.png","0","train","LIDC-IDRI-0419","384","0"
"processed_data/series_384_nodule_0/slice_3.png","0","train","LIDC-IDRI-0419","384","0"
"processed_data/series_385_nodule_0/slice_0.png","2","val","LIDC-IDRI-0420","385","0"
"processed_data/series_385_nodule_0/slice_1.png","2","val","LIDC-IDRI-0420","385","0"
"processed_data/series_385_nodule_0/slice_2.png","2","val","LIDC-IDRI-0420","385","0"
"processed_data/series_385_nodule_1/slice_0.png","1","val","LIDC-IDRI-0420","385","1"
"processed_data/series_385_nodule_1/slice_1.png","1","val","LIDC-IDRI-0420","385","1"
"processed_data/series_385_nodule_1/slice_2.png","1","val","LIDC-IDRI-0420","385","1"
"processed_data/series_386_nodule_0/slice_0.png","0","train","LIDC-IDRI-0421","386","0"
"processed_data/series_386_nodule_0/slice_1.png","0","train","LIDC-IDRI-0421","386","0"
"processed_data/series_386_nodule_0/slice_2.png","0","train","LIDC-IDRI-0421","386","0"
"processed_data/series_386_nodule_1/slice_0.png","2","train","LIDC-IDRI-0421","386","1"
"processed_data/series_386_nodule_1/slice_1.png","2","train","LIDC-IDRI-0421","386","1"
"processed_data/series_386_nodule_1/slice_2.png","2","train","LIDC-IDRI-0421","386","1"
"processed_data/series_386_nodule_1/slice_3.png","2","train","LIDC-IDRI-0421","386","1"
"processed_data/series_386_nodule_1/slice_4.png","2","train","LIDC-IDRI-0421","386","1"
"processed_data/series_386_nodule_1/slice_5.png","2","train","LIDC-IDRI-0421","386","1"
"processed_data/series_386_nodule_1/slice_6.png","2","train","LIDC-IDRI-0421","386","1"
"processed_data/series_386_nodule_1/slice_7.png","2","train","LIDC-IDRI-0421","386","1"
"processed_data/series_386_nodule_1/slice_8.png","2","train","LIDC-IDRI-0421","386","1"
"processed_data/series_387_nodule_0/slice_0.png","2","val","LIDC-IDRI-0423","387","0"
"processed_data/series_387_nodule_0/slice_1.png","2","val","LIDC-IDRI-0423","387","0"
"processed_data/series_387_nodule_0/slice_10.png","2","val","LIDC-IDRI-0423","387","0"
"processed_data/series_387_nodule_0/slice_11.png","2","val","LIDC-IDRI-0423","387","0"
"processed_data/series_387_nodule_0/slice_12.png","2","val","LIDC-IDRI-0423","387","0"
"processed_data/series_387_nodule_0/slice_13.png","2","val","LIDC-IDRI-0423","387","0"
"processed_data/series_387_nodule_0/slice_2.png","2","val","LIDC-IDRI-0423","387","0"
"processed_data/series_387_nodule_0/slice_3.png","2","val","LIDC-IDRI-0423","387","0"
"processed_data/series_387_nodule_0/slice_4.png","2","val","LIDC-IDRI-0423","387","0"
"processed_data/series_387_nodule_0/slice_5.png","2","val","LIDC-IDRI-0423","387","0"
"processed_data/series_387_nodule_0/slice_6.png","2","val","LIDC-IDRI-0423","387","0"
"processed_data/series_387_nodule_0/slice_7.png","2","val","LIDC-IDRI-0423","387","0"
"processed_data/series_387_nodule_0/slice_8.png","2","val","LIDC-IDRI-0423","387","0"
"processed_data/series_387_nodule_0/slice_9.png","2","val","LIDC-IDRI-0423","387","0"
"processed_data/series_390_nodule_0/slice_0.png","0","train","LIDC-IDRI-0426","390","0"
"processed_data/series_390_nodule_0/slice_1.png","0","train","LIDC-IDRI-0426","390","0"
"processed_data/series_390_nodule_0/slice_2.png","0","train","LIDC-IDRI-0426","390","0"
"processed_data/series_390_nodule_0/slice_3.png","0","train","LIDC-IDRI-0426","390","0"
"processed_data/series_391_nodule_0/slice_0.png","0","train","LIDC-IDRI-0427","391","0"
"processed_data/series_391_nodule_0/slice_1.png","0","train","LIDC-IDRI-0427","391","0"
"processed_data/series_391_nodule_0/slice_10.png","0","train","LIDC-IDRI-0427","391","0"
"processed_data/series_391_nodule_0/slice_2.png","0","train","LIDC-IDRI-0427","391","0"
"processed_data/series_391_nodule_0/slice_3.png","0","train","LIDC-IDRI-0427","391","0"
"processed_data/series_391_nodule_0/slice_4.png","0","train","LIDC-IDRI-0427","391","0"
"processed_data/series_391_nodule_0/slice_5.png","0","train","LIDC-IDRI-0427","391","0"
"processed_data/series_391_nodule_0/slice_6.png","0","train","LIDC-IDRI-0427","391","0"
"processed_data/series_391_nodule_0/slice_7.png","0","train","LIDC-IDRI-0427","391","0"
"processed_data/series_391_nodule_0/slice_8.png","0","train","LIDC-IDRI-0427","391","0"
"processed_data/series_391_nodule_0/slice_9.png","0","train","LIDC-IDRI-0427","391","0"
"processed_data/series_391_nodule_1/slice_0.png","0","train","LIDC-IDRI-0427","391","1"
"processed_data/series_391_nodule_1/slice_1.png","0","train","LIDC-IDRI-0427","391","1"
"processed_data/series_391_nodule_1/slice_2.png","0","train","LIDC-IDRI-0427","391","1"
"processed_data/series_391_nodule_1/slice_3.png","0","train","LIDC-IDRI-0427","391","1"
"processed_data/series_391_nodule_1/slice_4.png","0","train","LIDC-IDRI-0427","391","1"
"processed_data/series_391_nodule_1/slice_5.png","0","train","LIDC-IDRI-0427","391","1"
"processed_data/series_391_nodule_1/slice_6.png","0","train","LIDC-IDRI-0427","391","1"
"processed_data/series_391_nodule_2/slice_0.png","0","train","LIDC-IDRI-0427","391","2"
"processed_data/series_391_nodule_2/slice_1.png","0","train","LIDC-IDRI-0427","391","2"
"processed_data/series_391_nodule_2/slice_2.png","0","train","LIDC-IDRI-0427","391","2"
"processed_data/series_391_nodule_2/slice_3.png","0","train","LIDC-IDRI-0427","391","2"
"processed_data/series_391_nodule_2/slice_4.png","0","train","LIDC-IDRI-0427","391","2"
"processed_data/series_391_nodule_2/slice_5.png","0","train","LIDC-IDRI-0427","391","2"
"processed_data/series_391_nodule_3/slice_0.png","0","train","LIDC-IDRI-0427","391","3"
"processed_data/series_391_nodule_3/slice_1.png","0","train","LIDC-IDRI-0427","391","3"
"processed_data/series_391_nodule_3/slice_2.png","0","train","LIDC-IDRI-0427","391","3"
"processed_data/series_391_nodule_3/slice_3.png","0","train","LIDC-IDRI-0427","391","3"
"processed_data/series_391_nodule_3/slice_4.png","0","train","LIDC-IDRI-0427","391","3"
"processed_data/series_391_nodule_3/slice_5.png","0","train","LIDC-IDRI-0427","391","3"
"processed_data/series_391_nodule_3/slice_6.png","0","train","LIDC-IDRI-0427","391","3"
"processed_data/series_397_nodule_0/slice_0.png","0","train","LIDC-IDRI-0433","397","0"
"processed_data/series_397_nodule_0/slice_1.png","0","train","LIDC-IDRI-0433","397","0"
"processed_data/series_397_nodule_0/slice_2.png","0","train","LIDC-IDRI-0433","397","0"
"processed_data/series_397_nodule_0/slice_3.png","0","train","LIDC-IDRI-0433","397","0"
"processed_data/series_397_nodule_0/slice_4.png","0","train","LIDC-IDRI-0433","397","0"
"processed_data/series_397_nodule_1/slice_0.png","1","train","LIDC-IDRI-0433","397","1"
"processed_data/series_397_nodule_1/slice_1.png","1","train","LIDC-IDRI-0433","397","1"
"processed_data/series_397_nodule_1/slice_2.png","1","train","LIDC-IDRI-0433","397","1"
"processed_data/series_397_nodule_1/slice_3.png","1","train","LIDC-IDRI-0433","397","1"
"processed_data/series_397_nodule_1/slice_4.png","1","train","LIDC-IDRI-0433","397","1"
"processed_data/series_397_nodule_2/slice_0.png","1","train","LIDC-IDRI-0433","397","2"
"processed_data/series_397_nodule_2/slice_1.png","1","train","LIDC-IDRI-0433","397","2"
"processed_data/series_397_nodule_3/slice_0.png","1","train","LIDC-IDRI-0433","397","3"
"processed_data/series_397_nodule_3/slice_1.png","1","train","LIDC-IDRI-0433","397","3"
"processed_data/series_397_nodule_3/slice_2.png","1","train","LIDC-IDRI-0433","397","3"
"processed_data/series_397_nodule_3/slice_3.png","1","train","LIDC-IDRI-0433","397","3"
"processed_data/series_397_nodule_3/slice_4.png","1","train","LIDC-IDRI-0433","397","3"
"processed_data/series_397_nodule_3/slice_5.png","1","train","LIDC-IDRI-0433","397","3"
"processed_data/series_398_nodule_0/slice_0.png","1","train","LIDC-IDRI-0434","398","0"
"processed_data/series_398_nodule_0/slice_1.png","1","train","LIDC-IDRI-0434","398","0"
"processed_data/series_398_nodule_0/slice_2.png","1","train","LIDC-IDRI-0434","398","0"
"processed_data/series_398_nodule_0/slice_3.png","1","train","LIDC-IDRI-0434","398","0"
"processed_data/series_398_nodule_0/slice_4.png","1","train","LIDC-IDRI-0434","398","0"
"processed_data/series_398_nodule_0/slice_5.png","1","train","LIDC-IDRI-0434","398","0"
"processed_data/series_398_nodule_1/slice_0.png","1","train","LIDC-IDRI-0434","398","1"
"processed_data/series_398_nodule_1/slice_1.png","1","train","LIDC-IDRI-0434","398","1"
"processed_data/series_398_nodule_1/slice_2.png","1","train","LIDC-IDRI-0434","398","1"
"processed_data/series_398_nodule_1/slice_3.png","1","train","LIDC-IDRI-0434","398","1"
"processed_data/series_398_nodule_1/slice_4.png","1","train","LIDC-IDRI-0434","398","1"
"processed_data/series_398_nodule_1/slice_5.png","1","train","LIDC-IDRI-0434","398","1"
"processed_data/series_398_nodule_1/slice_6.png","1","train","LIDC-IDRI-0434","398","1"
"processed_data/series_399_nodule_0/slice_0.png","0","test","LIDC-IDRI-0437","399","0"
"processed_data/series_399_nodule_0/slice_1.png","0","test","LIDC-IDRI-0437","399","0"
"processed_data/series_399_nodule_0/slice_2.png","0","test","LIDC-IDRI-0437","399","0"
"processed_data/series_399_nodule_0/slice_3.png","0","test","LIDC-IDRI-0437","399","0"
"processed_data/series_399_nodule_0/slice_4.png","0","test","LIDC-IDRI-0437","399","0"
"processed_data/series_399_nodule_0/slice_5.png","0","test","LIDC-IDRI-0437","399","0"
"processed_data/series_399_nodule_0/slice_6.png","0","test","LIDC-IDRI-0437","399","0"
"processed_data/series_399_nodule_0/slice_7.png","0","test","LIDC-IDRI-0437","399","0"
"processed_data/series_399_nodule_0/slice_8.png","0","test","LIDC-IDRI-0437","399","0"
"processed_data/series_399_nodule_1/slice_0.png","0","test","LIDC-IDRI-0437","399","1"
"processed_data/series_399_nodule_1/slice_1.png","0","test","LIDC-IDRI-0437","399","1"
"processed_data/series_399_nodule_1/slice_10.png","0","test","LIDC-IDRI-0437","399","1"
"processed_data/series_399_nodule_1/slice_2.png","0","test","LIDC-IDRI-0437","399","1"
"processed_data/series_399_nodule_1/slice_3.png","0","test","LIDC-IDRI-0437","399","1"
"processed_data/series_399_nodule_1/slice_4.png","0","test","LIDC-IDRI-0437","399","1"
"processed_data/series_399_nodule_1/slice_5.png","0","test","LIDC-IDRI-0437","399","1"
"processed_data/series_399_nodule_1/slice_6.png","0","test","LIDC-IDRI-0437","399","1"
"processed_data/series_399_nodule_1/slice_7.png","0","test","LIDC-IDRI-0437","399","1"
"processed_data/series_399_nodule_1/slice_8.png","0","test","LIDC-IDRI-0437","399","1"
"processed_data/series_399_nodule_1/slice_9.png","0","test","LIDC-IDRI-0437","399","1"
"processed_data/series_399_nodule_2/slice_0.png","0","test","LIDC-IDRI-0437","399","2"
"processed_data/series_399_nodule_2/slice_1.png","0","test","LIDC-IDRI-0437","399","2"
"processed_data/series_399_nodule_2/slice_10.png","0","test","LIDC-IDRI-0437","399","2"
"processed_data/series_399_nodule_2/slice_2.png","0","test","LIDC-IDRI-0437","399","2"
"processed_data/series_399_nodule_2/slice_3.png","0","test","LIDC-IDRI-0437","399","2"
"processed_data/series_399_nodule_2/slice_4.png","0","test","LIDC-IDRI-0437","399","2"
"processed_data/series_399_nodule_2/slice_5.png","0","test","LIDC-IDRI-0437","399","2"
"processed_data/series_399_nodule_2/slice_6.png","0","test","LIDC-IDRI-0437","399","2"
"processed_data/series_399_nodule_2/slice_7.png","0","test","LIDC-IDRI-0437","399","2"
"processed_data/series_399_nodule_2/slice_8.png","0","test","LIDC-IDRI-0437","399","2"
"processed_data/series_399_nodule_2/slice_9.png","0","test","LIDC-IDRI-0437","399","2"
"processed_data/series_400_nodule_0/slice_0.png","1","train","LIDC-IDRI-0438","400","0"
"processed_data/series_400_nodule_0/slice_1.png","1","train","LIDC-IDRI-0438","400","0"
"processed_data/series_400_nodule_0/slice_10.png","1","train","LIDC-IDRI-0438","400","0"
"processed_data/series_400_nodule_0/slice_11.png","1","train","LIDC-IDRI-0438","400","0"
"processed_data/series_400_nodule_0/slice_12.png","1","train","LIDC-IDRI-0438","400","0"
"processed_data/series_400_nodule_0/slice_2.png","1","train","LIDC-IDRI-0438","400","0"
"processed_data/series_400_nodule_0/slice_3.png","1","train","LIDC-IDRI-0438","400","0"
"processed_data/series_400_nodule_0/slice_4.png","1","train","LIDC-IDRI-0438","400","0"
"processed_data/series_400_nodule_0/slice_5.png","1","train","LIDC-IDRI-0438","400","0"
"processed_data/series_400_nodule_0/slice_6.png","1","train","LIDC-IDRI-0438","400","0"
"processed_data/series_400_nodule_0/slice_7.png","1","train","LIDC-IDRI-0438","400","0"
"processed_data/series_400_nodule_0/slice_8.png","1","train","LIDC-IDRI-0438","400","0"
"processed_data/series_400_nodule_0/slice_9.png","1","train","LIDC-IDRI-0438","400","0"
"processed_data/series_401_nodule_0/slice_0.png","1","train","LIDC-IDRI-0439","401","0"
"processed_data/series_401_nodule_0/slice_1.png","1","train","LIDC-IDRI-0439","401","0"
"processed_data/series_401_nodule_0/slice_2.png","1","train","LIDC-IDRI-0439","401","0"
"processed_data/series_401_nodule_0/slice_3.png","1","train","LIDC-IDRI-0439","401","0"
"processed_data/series_401_nodule_0/slice_4.png","1","train","LIDC-IDRI-0439","401","0"
"processed_data/series_401_nodule_0/slice_5.png","1","train","LIDC-IDRI-0439","401","0"
"processed_data/series_401_nodule_0/slice_6.png","1","train","LIDC-IDRI-0439","401","0"
"processed_data/series_401_nodule_1/slice_0.png","0","train","LIDC-IDRI-0439","401","1"
"processed_data/series_401_nodule_1/slice_1.png","0","train","LIDC-IDRI-0439","401","1"
"processed_data/series_401_nodule_1/slice_2.png","0","train","LIDC-IDRI-0439","401","1"
"processed_data/series_404_nodule_0/slice_0.png","1","test","LIDC-IDRI-0442","404","0"
"processed_data/series_404_nodule_0/slice_1.png","1","test","LIDC-IDRI-0442","404","0"
"processed_data/series_404_nodule_1/slice_0.png","0","test","LIDC-IDRI-0442","404","1"
"processed_data/series_404_nodule_1/slice_1.png","0","test","LIDC-IDRI-0442","404","1"
"processed_data/series_404_nodule_2/slice_0.png","0","test","LIDC-IDRI-0442","404","2"
"processed_data/series_404_nodule_2/slice_1.png","0","test","LIDC-IDRI-0442","404","2"
"processed_data/series_405_nodule_0/slice_0.png","1","test","LIDC-IDRI-0442","405","0"
"processed_data/series_405_nodule_0/slice_1.png","1","test","LIDC-IDRI-0442","405","0"
"processed_data/series_405_nodule_1/slice_0.png","0","test","LIDC-IDRI-0442","405","1"
"processed_data/series_405_nodule_2/slice_0.png","1","test","LIDC-IDRI-0442","405","2"
"processed_data/series_405_nodule_2/slice_1.png","1","test","LIDC-IDRI-0442","405","2"
"processed_data/series_406_nodule_0/slice_0.png","0","train","LIDC-IDRI-0443","406","0"
"processed_data/series_406_nodule_0/slice_1.png","0","train","LIDC-IDRI-0443","406","0"
"processed_data/series_406_nodule_0/slice_2.png","0","train","LIDC-IDRI-0443","406","0"
"processed_data/series_406_nodule_0/slice_3.png","0","train","LIDC-IDRI-0443","406","0"
"processed_data/series_406_nodule_0/slice_4.png","0","train","LIDC-IDRI-0443","406","0"
"processed_data/series_406_nodule_0/slice_5.png","0","train","LIDC-IDRI-0443","406","0"
"processed_data/series_406_nodule_0/slice_6.png","0","train","LIDC-IDRI-0443","406","0"
"processed_data/series_406_nodule_0/slice_7.png","0","train","LIDC-IDRI-0443","406","0"
"processed_data/series_406_nodule_0/slice_8.png","0","train","LIDC-IDRI-0443","406","0"
"processed_data/series_408_nodule_0/slice_0.png","2","train","LIDC-IDRI-0445","408","0"
"processed_data/series_408_nodule_0/slice_1.png","2","train","LIDC-IDRI-0445","408","0"
"processed_data/series_408_nodule_0/slice_2.png","2","train","LIDC-IDRI-0445","408","0"
"processed_data/series_408_nodule_0/slice_3.png","2","train","LIDC-IDRI-0445","408","0"
"processed_data/series_410_nodule_0/slice_0.png","1","train","LIDC-IDRI-0448","410","0"
"processed_data/series_410_nodule_0/slice_1.png","1","train","LIDC-IDRI-0448","410","0"
"processed_data/series_410_nodule_0/slice_2.png","1","train","LIDC-IDRI-0448","410","0"
"processed_data/series_410_nodule_0/slice_3.png","1","train","LIDC-IDRI-0448","410","0"
"processed_data/series_410_nodule_0/slice_4.png","1","train","LIDC-IDRI-0448","410","0"
"processed_data/series_410_nodule_0/slice_5.png","1","train","LIDC-IDRI-0448","410","0"
"processed_data/series_410_nodule_1/slice_0.png","1","train","LIDC-IDRI-0448","410","1"
"processed_data/series_410_nodule_1/slice_1.png","1","train","LIDC-IDRI-0448","410","1"
"processed_data/series_410_nodule_1/slice_2.png","1","train","LIDC-IDRI-0448","410","1"
"processed_data/series_410_nodule_1/slice_3.png","1","train","LIDC-IDRI-0448","410","1"
"processed_data/series_410_nodule_1/slice_4.png","1","train","LIDC-IDRI-0448","410","1"
"processed_data/series_410_nodule_2/slice_0.png","1","train","LIDC-IDRI-0448","410","2"
"processed_data/series_410_nodule_2/slice_1.png","1","train","LIDC-IDRI-0448","410","2"
"processed_data/series_410_nodule_2/slice_2.png","1","train","LIDC-IDRI-0448","410","2"
"processed_data/series_410_nodule_2/slice_3.png","1","train","LIDC-IDRI-0448","410","2"
"processed_data/series_410_nodule_3/slice_0.png","1","train","LIDC-IDRI-0448","410","3"
"processed_data/series_410_nodule_3/slice_1.png","1","train","LIDC-IDRI-0448","410","3"
"processed_data/series_410_nodule_3/slice_2.png","1","train","LIDC-IDRI-0448","410","3"
"processed_data/series_410_nodule_3/slice_3.png","1","train","LIDC-IDRI-0448","410","3"
"processed_data/series_410_nodule_3/slice_4.png","1","train","LIDC-IDRI-0448","410","3"
"processed_data/series_411_nodule_0/slice_0.png","1","train","LIDC-IDRI-0449","411","0"
"processed_data/series_411_nodule_0/slice_1.png","1","train","LIDC-IDRI-0449","411","0"
"processed_data/series_411_nodule_0/slice_2.png","1","train","LIDC-IDRI-0449","411","0"
"processed_data/series_411_nodule_1/slice_0.png","1","train","LIDC-IDRI-0449","411","1"
"processed_data/series_411_nodule_1/slice_1.png","1","train","LIDC-IDRI-0449","411","1"
"processed_data/series_411_nodule_1/slice_2.png","1","train","LIDC-IDRI-0449","411","1"
"processed_data/series_412_nodule_0/slice_0.png","1","train","LIDC-IDRI-0450","412","0"
"processed_data/series_412_nodule_0/slice_1.png","1","train","LIDC-IDRI-0450","412","0"
"processed_data/series_412_nodule_0/slice_2.png","1","train","LIDC-IDRI-0450","412","0"
"processed_data/series_412_nodule_0/slice_3.png","1","train","LIDC-IDRI-0450","412","0"
"processed_data/series_412_nodule_1/slice_0.png","1","train","LIDC-IDRI-0450","412","1"
"processed_data/series_412_nodule_1/slice_1.png","1","train","LIDC-IDRI-0450","412","1"
"processed_data/series_412_nodule_1/slice_2.png","1","train","LIDC-IDRI-0450","412","1"
"processed_data/series_412_nodule_1/slice_3.png","1","train","LIDC-IDRI-0450","412","1"
"processed_data/series_412_nodule_1/slice_4.png","1","train","LIDC-IDRI-0450","412","1"
"processed_data/series_412_nodule_1/slice_5.png","1","train","LIDC-IDRI-0450","412","1"
"processed_data/series_412_nodule_2/slice_0.png","1","train","LIDC-IDRI-0450","412","2"
"processed_data/series_412_nodule_2/slice_1.png","1","train","LIDC-IDRI-0450","412","2"
"processed_data/series_412_nodule_2/slice_2.png","1","train","LIDC-IDRI-0450","412","2"
"processed_data/series_412_nodule_2/slice_3.png","1","train","LIDC-IDRI-0450","412","2"
"processed_data/series_412_nodule_2/slice_4.png","1","train","LIDC-IDRI-0450","412","2"
"processed_data/series_412_nodule_3/slice_0.png","1","train","LIDC-IDRI-0450","412","3"
"processed_data/series_412_nodule_3/slice_1.png","1","train","LIDC-IDRI-0450","412","3"
"processed_data/series_412_nodule_3/slice_2.png","1","train","LIDC-IDRI-0450","412","3"
"processed_data/series_412_nodule_4/slice_0.png","1","train","LIDC-IDRI-0450","412","4"
"processed_data/series_412_nodule_4/slice_1.png","1","train","LIDC-IDRI-0450","412","4"
"processed_data/series_412_nodule_4/slice_2.png","1","train","LIDC-IDRI-0450","412","4"
"processed_data/series_412_nodule_4/slice_3.png","1","train","LIDC-IDRI-0450","412","4"
"processed_data/series_412_nodule_5/slice_0.png","2","train","LIDC-IDRI-0450","412","5"
"processed_data/series_412_nodule_5/slice_1.png","2","train","LIDC-IDRI-0450","412","5"
"processed_data/series_412_nodule_5/slice_2.png","2","train","LIDC-IDRI-0450","412","5"
"processed_data/series_412_nodule_5/slice_3.png","2","train","LIDC-IDRI-0450","412","5"
"processed_data/series_412_nodule_5/slice_4.png","2","train","LIDC-IDRI-0450","412","5"
"processed_data/series_412_nodule_5/slice_5.png","2","train","LIDC-IDRI-0450","412","5"
"processed_data/series_412_nodule_5/slice_6.png","2","train","LIDC-IDRI-0450","412","5"
"processed_data/series_412_nodule_6/slice_0.png","1","train","LIDC-IDRI-0450","412","6"
"processed_data/series_412_nodule_6/slice_1.png","1","train","LIDC-IDRI-0450","412","6"
"processed_data/series_413_nodule_0/slice_0.png","1","train","LIDC-IDRI-0451","413","0"
"processed_data/series_413_nodule_0/slice_1.png","1","train","LIDC-IDRI-0451","413","0"
"processed_data/series_413_nodule_0/slice_2.png","1","train","LIDC-IDRI-0451","413","0"
"processed_data/series_413_nodule_0/slice_3.png","1","train","LIDC-IDRI-0451","413","0"
"processed_data/series_413_nodule_0/slice_4.png","1","train","LIDC-IDRI-0451","413","0"
"processed_data/series_413_nodule_0/slice_5.png","1","train","LIDC-IDRI-0451","413","0"
"processed_data/series_414_nodule_0/slice_0.png","1","train","LIDC-IDRI-0452","414","0"
"processed_data/series_414_nodule_0/slice_1.png","1","train","LIDC-IDRI-0452","414","0"
"processed_data/series_414_nodule_0/slice_2.png","1","train","LIDC-IDRI-0452","414","0"
"processed_data/series_414_nodule_0/slice_3.png","1","train","LIDC-IDRI-0452","414","0"
"processed_data/series_415_nodule_0/slice_0.png","1","train","LIDC-IDRI-0453","415","0"
"processed_data/series_415_nodule_0/slice_1.png","1","train","LIDC-IDRI-0453","415","0"
"processed_data/series_415_nodule_0/slice_2.png","1","train","LIDC-IDRI-0453","415","0"
"processed_data/series_415_nodule_0/slice_3.png","1","train","LIDC-IDRI-0453","415","0"
"processed_data/series_416_nodule_0/slice_0.png","2","train","LIDC-IDRI-0454","416","0"
"processed_data/series_416_nodule_0/slice_1.png","2","train","LIDC-IDRI-0454","416","0"
"processed_data/series_416_nodule_0/slice_10.png","2","train","LIDC-IDRI-0454","416","0"
"processed_data/series_416_nodule_0/slice_11.png","2","train","LIDC-IDRI-0454","416","0"
"processed_data/series_416_nodule_0/slice_12.png","2","train","LIDC-IDRI-0454","416","0"
"processed_data/series_416_nodule_0/slice_13.png","2","train","LIDC-IDRI-0454","416","0"
"processed_data/series_416_nodule_0/slice_14.png","2","train","LIDC-IDRI-0454","416","0"
"processed_data/series_416_nodule_0/slice_15.png","2","train","LIDC-IDRI-0454","416","0"
"processed_data/series_416_nodule_0/slice_16.png","2","train","LIDC-IDRI-0454","416","0"
"processed_data/series_416_nodule_0/slice_17.png","2","train","LIDC-IDRI-0454","416","0"
"processed_data/series_416_nodule_0/slice_2.png","2","train","LIDC-IDRI-0454","416","0"
"processed_data/series_416_nodule_0/slice_3.png","2","train","LIDC-IDRI-0454","416","0"
"processed_data/series_416_nodule_0/slice_4.png","2","train","LIDC-IDRI-0454","416","0"
"processed_data/series_416_nodule_0/slice_5.png","2","train","LIDC-IDRI-0454","416","0"
"processed_data/series_416_nodule_0/slice_6.png","2","train","LIDC-IDRI-0454","416","0"
"processed_data/series_416_nodule_0/slice_7.png","2","train","LIDC-IDRI-0454","416","0"
"processed_data/series_416_nodule_0/slice_8.png","2","train","LIDC-IDRI-0454","416","0"
"processed_data/series_416_nodule_0/slice_9.png","2","train","LIDC-IDRI-0454","416","0"
"processed_data/series_416_nodule_1/slice_0.png","1","train","LIDC-IDRI-0454","416","1"
"processed_data/series_416_nodule_1/slice_1.png","1","train","LIDC-IDRI-0454","416","1"
"processed_data/series_416_nodule_1/slice_2.png","1","train","LIDC-IDRI-0454","416","1"
"processed_data/series_416_nodule_1/slice_3.png","1","train","LIDC-IDRI-0454","416","1"
"processed_data/series_416_nodule_2/slice_0.png","2","train","LIDC-IDRI-0454","416","2"
"processed_data/series_416_nodule_2/slice_1.png","2","train","LIDC-IDRI-0454","416","2"
"processed_data/series_416_nodule_2/slice_2.png","2","train","LIDC-IDRI-0454","416","2"
"processed_data/series_416_nodule_2/slice_3.png","2","train","LIDC-IDRI-0454","416","2"
"processed_data/series_416_nodule_2/slice_4.png","2","train","LIDC-IDRI-0454","416","2"
"processed_data/series_416_nodule_3/slice_0.png","1","train","LIDC-IDRI-0454","416","3"
"processed_data/series_416_nodule_3/slice_1.png","1","train","LIDC-IDRI-0454","416","3"
"processed_data/series_416_nodule_3/slice_2.png","1","train","LIDC-IDRI-0454","416","3"
"processed_data/series_416_nodule_3/slice_3.png","1","train","LIDC-IDRI-0454","416","3"
"processed_data/series_416_nodule_3/slice_4.png","1","train","LIDC-IDRI-0454","416","3"
"processed_data/series_417_nodule_0/slice_0.png","0","val","LIDC-IDRI-0456","417","0"
"processed_data/series_417_nodule_0/slice_1.png","0","val","LIDC-IDRI-0456","417","0"
"processed_data/series_417_nodule_0/slice_2.png","0","val","LIDC-IDRI-0456","417","0"
"processed_data/series_417_nodule_0/slice_3.png","0","val","LIDC-IDRI-0456","417","0"
"processed_data/series_417_nodule_1/slice_0.png","0","val","LIDC-IDRI-0456","417","1"
"processed_data/series_417_nodule_1/slice_1.png","0","val","LIDC-IDRI-0456","417","1"
"processed_data/series_417_nodule_1/slice_10.png","0","val","LIDC-IDRI-0456","417","1"
"processed_data/series_417_nodule_1/slice_11.png","0","val","LIDC-IDRI-0456","417","1"
"processed_data/series_417_nodule_1/slice_2.png","0","val","LIDC-IDRI-0456","417","1"
"processed_data/series_417_nodule_1/slice_3.png","0","val","LIDC-IDRI-0456","417","1"
"processed_data/series_417_nodule_1/slice_4.png","0","val","LIDC-IDRI-0456","417","1"
"processed_data/series_417_nodule_1/slice_5.png","0","val","LIDC-IDRI-0456","417","1"
"processed_data/series_417_nodule_1/slice_6.png","0","val","LIDC-IDRI-0456","417","1"
"processed_data/series_417_nodule_1/slice_7.png","0","val","LIDC-IDRI-0456","417","1"
"processed_data/series_417_nodule_1/slice_8.png","0","val","LIDC-IDRI-0456","417","1"
"processed_data/series_417_nodule_1/slice_9.png","0","val","LIDC-IDRI-0456","417","1"
"processed_data/series_417_nodule_2/slice_0.png","0","val","LIDC-IDRI-0456","417","2"
"processed_data/series_417_nodule_2/slice_1.png","0","val","LIDC-IDRI-0456","417","2"
"processed_data/series_417_nodule_2/slice_2.png","0","val","LIDC-IDRI-0456","417","2"
"processed_data/series_417_nodule_2/slice_3.png","0","val","LIDC-IDRI-0456","417","2"
"processed_data/series_417_nodule_2/slice_4.png","0","val","LIDC-IDRI-0456","417","2"
"processed_data/series_419_nodule_0/slice_0.png","1","train","LIDC-IDRI-0458","419","0"
"processed_data/series_419_nodule_0/slice_1.png","1","train","LIDC-IDRI-0458","419","0"
"processed_data/series_419_nodule_0/slice_2.png","1","train","LIDC-IDRI-0458","419","0"
"processed_data/series_419_nodule_0/slice_3.png","1","train","LIDC-IDRI-0458","419","0"
"processed_data/series_419_nodule_1/slice_0.png","1","train","LIDC-IDRI-0458","419","1"
"processed_data/series_419_nodule_1/slice_1.png","1","train","LIDC-IDRI-0458","419","1"
"processed_data/series_419_nodule_1/slice_2.png","1","train","LIDC-IDRI-0458","419","1"
"processed_data/series_423_nodule_0/slice_0.png","0","train","LIDC-IDRI-0463","423","0"
"processed_data/series_423_nodule_0/slice_1.png","0","train","LIDC-IDRI-0463","423","0"
"processed_data/series_423_nodule_0/slice_2.png","0","train","LIDC-IDRI-0463","423","0"
"processed_data/series_423_nodule_0/slice_3.png","0","train","LIDC-IDRI-0463","423","0"
"processed_data/series_423_nodule_0/slice_4.png","0","train","LIDC-IDRI-0463","423","0"
"processed_data/series_423_nodule_0/slice_5.png","0","train","LIDC-IDRI-0463","423","0"
"processed_data/series_423_nodule_0/slice_6.png","0","train","LIDC-IDRI-0463","423","0"
"processed_data/series_423_nodule_0/slice_7.png","0","train","LIDC-IDRI-0463","423","0"
"processed_data/series_423_nodule_1/slice_0.png","1","train","LIDC-IDRI-0463","423","1"
"processed_data/series_423_nodule_1/slice_1.png","1","train","LIDC-IDRI-0463","423","1"
"processed_data/series_423_nodule_1/slice_10.png","1","train","LIDC-IDRI-0463","423","1"
"processed_data/series_423_nodule_1/slice_11.png","1","train","LIDC-IDRI-0463","423","1"
"processed_data/series_423_nodule_1/slice_12.png","1","train","LIDC-IDRI-0463","423","1"
"processed_data/series_423_nodule_1/slice_13.png","1","train","LIDC-IDRI-0463","423","1"
"processed_data/series_423_nodule_1/slice_2.png","1","train","LIDC-IDRI-0463","423","1"
"processed_data/series_423_nodule_1/slice_3.png","1","train","LIDC-IDRI-0463","423","1"
"processed_data/series_423_nodule_1/slice_4.png","1","train","LIDC-IDRI-0463","423","1"
"processed_data/series_423_nodule_1/slice_5.png","1","train","LIDC-IDRI-0463","423","1"
"processed_data/series_423_nodule_1/slice_6.png","1","train","LIDC-IDRI-0463","423","1"
"processed_data/series_423_nodule_1/slice_7.png","1","train","LIDC-IDRI-0463","423","1"
"processed_data/series_423_nodule_1/slice_8.png","1","train","LIDC-IDRI-0463","423","1"
"processed_data/series_423_nodule_1/slice_9.png","1","train","LIDC-IDRI-0463","423","1"
"processed_data/series_425_nodule_0/slice_0.png","0","train","LIDC-IDRI-0466","425","0"
"processed_data/series_425_nodule_0/slice_1.png","0","train","LIDC-IDRI-0466","425","0"
"processed_data/series_425_nodule_0/slice_2.png","0","train","LIDC-IDRI-0466","425","0"
"processed_data/series_425_nodule_0/slice_3.png","0","train","LIDC-IDRI-0466","425","0"
"processed_data/series_426_nodule_0/slice_0.png","1","train","LIDC-IDRI-0467","426","0"
"processed_data/series_426_nodule_0/slice_1.png","1","train","LIDC-IDRI-0467","426","0"
"processed_data/series_426_nodule_0/slice_2.png","1","train","LIDC-IDRI-0467","426","0"
"processed_data/series_426_nodule_0/slice_3.png","1","train","LIDC-IDRI-0467","426","0"
"processed_data/series_427_nodule_0/slice_0.png","1","train","LIDC-IDRI-0468","427","0"
"processed_data/series_427_nodule_0/slice_1.png","1","train","LIDC-IDRI-0468","427","0"
"processed_data/series_427_nodule_0/slice_2.png","1","train","LIDC-IDRI-0468","427","0"
"processed_data/series_427_nodule_0/slice_3.png","1","train","LIDC-IDRI-0468","427","0"
"processed_data/series_427_nodule_0/slice_4.png","1","train","LIDC-IDRI-0468","427","0"
"processed_data/series_427_nodule_0/slice_5.png","1","train","LIDC-IDRI-0468","427","0"
"processed_data/series_427_nodule_0/slice_6.png","1","train","LIDC-IDRI-0468","427","0"
"processed_data/series_428_nodule_0/slice_0.png","1","val","LIDC-IDRI-0469","428","0"
"processed_data/series_428_nodule_0/slice_1.png","1","val","LIDC-IDRI-0469","428","0"
"processed_data/series_428_nodule_0/slice_10.png","1","val","LIDC-IDRI-0469","428","0"
"processed_data/series_428_nodule_0/slice_11.png","1","val","LIDC-IDRI-0469","428","0"
"processed_data/series_428_nodule_0/slice_12.png","1","val","LIDC-IDRI-0469","428","0"
"processed_data/series_428_nodule_0/slice_13.png","1","val","LIDC-IDRI-0469","428","0"
"processed_data/series_428_nodule_0/slice_14.png","1","val","LIDC-IDRI-0469","428","0"
"processed_data/series_428_nodule_0/slice_15.png","1","val","LIDC-IDRI-0469","428","0"
"processed_data/series_428_nodule_0/slice_16.png","1","val","LIDC-IDRI-0469","428","0"
"processed_data/series_428_nodule_0/slice_17.png","1","val","LIDC-IDRI-0469","428","0"
"processed_data/series_428_nodule_0/slice_18.png","1","val","LIDC-IDRI-0469","428","0"
"processed_data/series_428_nodule_0/slice_19.png","1","val","LIDC-IDRI-0469","428","0"
"processed_data/series_428_nodule_0/slice_2.png","1","val","LIDC-IDRI-0469","428","0"
"processed_data/series_428_nodule_0/slice_20.png","1","val","LIDC-IDRI-0469","428","0"
"processed_data/series_428_nodule_0/slice_3.png","1","val","LIDC-IDRI-0469","428","0"
"processed_data/series_428_nodule_0/slice_4.png","1","val","LIDC-IDRI-0469","428","0"
"processed_data/series_428_nodule_0/slice_5.png","1","val","LIDC-IDRI-0469","428","0"
"processed_data/series_428_nodule_0/slice_6.png","1","val","LIDC-IDRI-0469","428","0"
"processed_data/series_428_nodule_0/slice_7.png","1","val","LIDC-IDRI-0469","428","0"
"processed_data/series_428_nodule_0/slice_8.png","1","val","LIDC-IDRI-0469","428","0"
"processed_data/series_428_nodule_0/slice_9.png","1","val","LIDC-IDRI-0469","428","0"
"processed_data/series_428_nodule_1/slice_0.png","1","val","LIDC-IDRI-0469","428","1"
"processed_data/series_428_nodule_1/slice_1.png","1","val","LIDC-IDRI-0469","428","1"
"processed_data/series_428_nodule_1/slice_2.png","1","val","LIDC-IDRI-0469","428","1"
"processed_data/series_428_nodule_1/slice_3.png","1","val","LIDC-IDRI-0469","428","1"
"processed_data/series_428_nodule_1/slice_4.png","1","val","LIDC-IDRI-0469","428","1"
"processed_data/series_428_nodule_2/slice_0.png","1","val","LIDC-IDRI-0469","428","2"
"processed_data/series_428_nodule_2/slice_1.png","1","val","LIDC-IDRI-0469","428","2"
"processed_data/series_428_nodule_2/slice_2.png","1","val","LIDC-IDRI-0469","428","2"
"processed_data/series_428_nodule_2/slice_3.png","1","val","LIDC-IDRI-0469","428","2"
"processed_data/series_428_nodule_2/slice_4.png","1","val","LIDC-IDRI-0469","428","2"
"processed_data/series_428_nodule_2/slice_5.png","1","val","LIDC-IDRI-0469","428","2"
"processed_data/series_428_nodule_2/slice_6.png","1","val","LIDC-IDRI-0469","428","2"
"processed_data/series_428_nodule_2/slice_7.png","1","val","LIDC-IDRI-0469","428","2"
"processed_data/series_429_nodule_0/slice_0.png","2","train","LIDC-IDRI-0470","429","0"
"processed_data/series_429_nodule_0/slice_1.png","2","train","LIDC-IDRI-0470","429","0"
"processed_data/series_429_nodule_0/slice_10.png","2","train","LIDC-IDRI-0470","429","0"
"processed_data/series_429_nodule_0/slice_11.png","2","train","LIDC-IDRI-0470","429","0"
"processed_data/series_429_nodule_0/slice_12.png","2","train","LIDC-IDRI-0470","429","0"
"processed_data/series_429_nodule_0/slice_13.png","2","train","LIDC-IDRI-0470","429","0"
"processed_data/series_429_nodule_0/slice_14.png","2","train","LIDC-IDRI-0470","429","0"
"processed_data/series_429_nodule_0/slice_15.png","2","train","LIDC-IDRI-0470","429","0"
"processed_data/series_429_nodule_0/slice_16.png","2","train","LIDC-IDRI-0470","429","0"
"processed_data/series_429_nodule_0/slice_17.png","2","train","LIDC-IDRI-0470","429","0"
"processed_data/series_429_nodule_0/slice_2.png","2","train","LIDC-IDRI-0470","429","0"
"processed_data/series_429_nodule_0/slice_3.png","2","train","LIDC-IDRI-0470","429","0"
"processed_data/series_429_nodule_0/slice_4.png","2","train","LIDC-IDRI-0470","429","0"
"processed_data/series_429_nodule_0/slice_5.png","2","train","LIDC-IDRI-0470","429","0"
"processed_data/series_429_nodule_0/slice_6.png","2","train","LIDC-IDRI-0470","429","0"
"processed_data/series_429_nodule_0/slice_7.png","2","train","LIDC-IDRI-0470","429","0"
"processed_data/series_429_nodule_0/slice_8.png","2","train","LIDC-IDRI-0470","429","0"
"processed_data/series_429_nodule_0/slice_9.png","2","train","LIDC-IDRI-0470","429","0"
"processed_data/series_432_nodule_0/slice_0.png","0","train","LIDC-IDRI-0473","432","0"
"processed_data/series_432_nodule_0/slice_1.png","0","train","LIDC-IDRI-0473","432","0"
"processed_data/series_432_nodule_0/slice_2.png","0","train","LIDC-IDRI-0473","432","0"
"processed_data/series_432_nodule_0/slice_3.png","0","train","LIDC-IDRI-0473","432","0"
"processed_data/series_432_nodule_0/slice_4.png","0","train","LIDC-IDRI-0473","432","0"
"processed_data/series_432_nodule_1/slice_0.png","0","train","LIDC-IDRI-0473","432","1"
"processed_data/series_432_nodule_1/slice_1.png","0","train","LIDC-IDRI-0473","432","1"
"processed_data/series_432_nodule_1/slice_2.png","0","train","LIDC-IDRI-0473","432","1"
"processed_data/series_432_nodule_1/slice_3.png","0","train","LIDC-IDRI-0473","432","1"
"processed_data/series_432_nodule_1/slice_4.png","0","train","LIDC-IDRI-0473","432","1"
"processed_data/series_432_nodule_2/slice_0.png","0","train","LIDC-IDRI-0473","432","2"
"processed_data/series_432_nodule_2/slice_1.png","0","train","LIDC-IDRI-0473","432","2"
"processed_data/series_432_nodule_3/slice_0.png","1","train","LIDC-IDRI-0473","432","3"
"processed_data/series_432_nodule_3/slice_1.png","1","train","LIDC-IDRI-0473","432","3"
"processed_data/series_432_nodule_3/slice_2.png","1","train","LIDC-IDRI-0473","432","3"
"processed_data/series_433_nodule_0/slice_0.png","0","train","LIDC-IDRI-0474","433","0"
"processed_data/series_433_nodule_0/slice_1.png","0","train","LIDC-IDRI-0474","433","0"
"processed_data/series_433_nodule_0/slice_2.png","0","train","LIDC-IDRI-0474","433","0"
"processed_data/series_433_nodule_0/slice_3.png","0","train","LIDC-IDRI-0474","433","0"
"processed_data/series_433_nodule_1/slice_0.png","1","train","LIDC-IDRI-0474","433","1"
"processed_data/series_433_nodule_1/slice_1.png","1","train","LIDC-IDRI-0474","433","1"
"processed_data/series_433_nodule_1/slice_2.png","1","train","LIDC-IDRI-0474","433","1"
"processed_data/series_433_nodule_1/slice_3.png","1","train","LIDC-IDRI-0474","433","1"
"processed_data/series_433_nodule_1/slice_4.png","1","train","LIDC-IDRI-0474","433","1"
"processed_data/series_433_nodule_1/slice_5.png","1","train","LIDC-IDRI-0474","433","1"
"processed_data/series_434_nodule_0/slice_0.png","1","val","LIDC-IDRI-0475","434","0"
"processed_data/series_434_nodule_0/slice_1.png","1","val","LIDC-IDRI-0475","434","0"
"processed_data/series_435_nodule_0/slice_0.png","1","train","LIDC-IDRI-0476","435","0"
"processed_data/series_435_nodule_0/slice_1.png","1","train","LIDC-IDRI-0476","435","0"
"processed_data/series_435_nodule_0/slice_2.png","1","train","LIDC-IDRI-0476","435","0"
"processed_data/series_435_nodule_0/slice_3.png","1","train","LIDC-IDRI-0476","435","0"
"processed_data/series_435_nodule_0/slice_4.png","1","train","LIDC-IDRI-0476","435","0"
"processed_data/series_435_nodule_0/slice_5.png","1","train","LIDC-IDRI-0476","435","0"
"processed_data/series_435_nodule_0/slice_6.png","1","train","LIDC-IDRI-0476","435","0"
"processed_data/series_435_nodule_1/slice_0.png","1","train","LIDC-IDRI-0476","435","1"
"processed_data/series_435_nodule_1/slice_1.png","1","train","LIDC-IDRI-0476","435","1"
"processed_data/series_435_nodule_1/slice_2.png","1","train","LIDC-IDRI-0476","435","1"
"processed_data/series_435_nodule_1/slice_3.png","1","train","LIDC-IDRI-0476","435","1"
"processed_data/series_435_nodule_1/slice_4.png","1","train","LIDC-IDRI-0476","435","1"
"processed_data/series_435_nodule_1/slice_5.png","1","train","LIDC-IDRI-0476","435","1"
"processed_data/series_435_nodule_1/slice_6.png","1","train","LIDC-IDRI-0476","435","1"
"processed_data/series_435_nodule_2/slice_0.png","1","train","LIDC-IDRI-0476","435","2"
"processed_data/series_435_nodule_2/slice_1.png","1","train","LIDC-IDRI-0476","435","2"
"processed_data/series_435_nodule_2/slice_2.png","1","train","LIDC-IDRI-0476","435","2"
"processed_data/series_435_nodule_2/slice_3.png","1","train","LIDC-IDRI-0476","435","2"
"processed_data/series_435_nodule_3/slice_0.png","1","train","LIDC-IDRI-0476","435","3"
"processed_data/series_435_nodule_3/slice_1.png","1","train","LIDC-IDRI-0476","435","3"
"processed_data/series_435_nodule_3/slice_2.png","1","train","LIDC-IDRI-0476","435","3"
"processed_data/series_435_nodule_3/slice_3.png","1","train","LIDC-IDRI-0476","435","3"
"processed_data/series_435_nodule_3/slice_4.png","1","train","LIDC-IDRI-0476","435","3"
"processed_data/series_435_nodule_3/slice_5.png","1","train","LIDC-IDRI-0476","435","3"
"processed_data/series_435_nodule_3/slice_6.png","1","train","LIDC-IDRI-0476","435","3"
"processed_data/series_435_nodule_4/slice_0.png","1","train","LIDC-IDRI-0476","435","4"
"processed_data/series_435_nodule_4/slice_1.png","1","train","LIDC-IDRI-0476","435","4"
"processed_data/series_435_nodule_4/slice_2.png","1","train","LIDC-IDRI-0476","435","4"
"processed_data/series_435_nodule_4/slice_3.png","1","train","LIDC-IDRI-0476","435","4"
"processed_data/series_435_nodule_4/slice_4.png","1","train","LIDC-IDRI-0476","435","4"
"processed_data/series_435_nodule_4/slice_5.png","1","train","LIDC-IDRI-0476","435","4"
"processed_data/series_435_nodule_4/slice_6.png","1","train","LIDC-IDRI-0476","435","4"
"processed_data/series_435_nodule_4/slice_7.png","1","train","LIDC-IDRI-0476","435","4"
"processed_data/series_435_nodule_5/slice_0.png","1","train","LIDC-IDRI-0476","435","5"
"processed_data/series_435_nodule_5/slice_1.png","1","train","LIDC-IDRI-0476","435","5"
"processed_data/series_435_nodule_5/slice_2.png","1","train","LIDC-IDRI-0476","435","5"
"processed_data/series_435_nodule_5/slice_3.png","1","train","LIDC-IDRI-0476","435","5"
"processed_data/series_435_nodule_5/slice_4.png","1","train","LIDC-IDRI-0476","435","5"
"processed_data/series_435_nodule_5/slice_5.png","1","train","LIDC-IDRI-0476","435","5"
"processed_data/series_435_nodule_5/slice_6.png","1","train","LIDC-IDRI-0476","435","5"
"processed_data/series_435_nodule_5/slice_7.png","1","train","LIDC-IDRI-0476","435","5"
"processed_data/series_436_nodule_0/slice_0.png","0","train","LIDC-IDRI-0478","436","0"
"processed_data/series_436_nodule_0/slice_1.png","0","train","LIDC-IDRI-0478","436","0"
"processed_data/series_436_nodule_0/slice_2.png","0","train","LIDC-IDRI-0478","436","0"
"processed_data/series_436_nodule_0/slice_3.png","0","train","LIDC-IDRI-0478","436","0"
"processed_data/series_436_nodule_0/slice_4.png","0","train","LIDC-IDRI-0478","436","0"
"processed_data/series_438_nodule_0/slice_0.png","1","test","LIDC-IDRI-0480","438","0"
"processed_data/series_438_nodule_0/slice_1.png","1","test","LIDC-IDRI-0480","438","0"
"processed_data/series_439_nodule_0/slice_0.png","0","train","LIDC-IDRI-0481","439","0"
"processed_data/series_439_nodule_0/slice_1.png","0","train","LIDC-IDRI-0481","439","0"
"processed_data/series_439_nodule_0/slice_2.png","0","train","LIDC-IDRI-0481","439","0"
"processed_data/series_439_nodule_0/slice_3.png","0","train","LIDC-IDRI-0481","439","0"
"processed_data/series_439_nodule_1/slice_0.png","1","train","LIDC-IDRI-0481","439","1"
"processed_data/series_439_nodule_1/slice_1.png","1","train","LIDC-IDRI-0481","439","1"
"processed_data/series_439_nodule_1/slice_2.png","1","train","LIDC-IDRI-0481","439","1"
"processed_data/series_439_nodule_2/slice_0.png","1","train","LIDC-IDRI-0481","439","2"
"processed_data/series_439_nodule_2/slice_1.png","1","train","LIDC-IDRI-0481","439","2"
"processed_data/series_439_nodule_2/slice_2.png","1","train","LIDC-IDRI-0481","439","2"
"processed_data/series_439_nodule_2/slice_3.png","1","train","LIDC-IDRI-0481","439","2"
"processed_data/series_439_nodule_2/slice_4.png","1","train","LIDC-IDRI-0481","439","2"
"processed_data/series_439_nodule_2/slice_5.png","1","train","LIDC-IDRI-0481","439","2"
"processed_data/series_439_nodule_2/slice_6.png","1","train","LIDC-IDRI-0481","439","2"
"processed_data/series_439_nodule_2/slice_7.png","1","train","LIDC-IDRI-0481","439","2"
"processed_data/series_439_nodule_3/slice_0.png","0","train","LIDC-IDRI-0481","439","3"
"processed_data/series_439_nodule_3/slice_1.png","0","train","LIDC-IDRI-0481","439","3"
"processed_data/series_439_nodule_3/slice_2.png","0","train","LIDC-IDRI-0481","439","3"
"processed_data/series_441_nodule_0/slice_0.png","2","train","LIDC-IDRI-0484","441","0"
"processed_data/series_441_nodule_0/slice_1.png","2","train","LIDC-IDRI-0484","441","0"
"processed_data/series_441_nodule_0/slice_2.png","2","train","LIDC-IDRI-0484","441","0"
"processed_data/series_441_nodule_0/slice_3.png","2","train","LIDC-IDRI-0484","441","0"
"processed_data/series_441_nodule_0/slice_4.png","2","train","LIDC-IDRI-0484","441","0"
"processed_data/series_441_nodule_0/slice_5.png","2","train","LIDC-IDRI-0484","441","0"
"processed_data/series_442_nodule_0/slice_0.png","2","train","LIDC-IDRI-0484","442","0"
"processed_data/series_442_nodule_0/slice_1.png","2","train","LIDC-IDRI-0484","442","0"
"processed_data/series_442_nodule_0/slice_2.png","2","train","LIDC-IDRI-0484","442","0"
"processed_data/series_442_nodule_0/slice_3.png","2","train","LIDC-IDRI-0484","442","0"
"processed_data/series_442_nodule_0/slice_4.png","2","train","LIDC-IDRI-0484","442","0"
"processed_data/series_442_nodule_0/slice_5.png","2","train","LIDC-IDRI-0484","442","0"
"processed_data/series_443_nodule_0/slice_0.png","0","val","LIDC-IDRI-0485","443","0"
"processed_data/series_443_nodule_0/slice_1.png","0","val","LIDC-IDRI-0485","443","0"
"processed_data/series_443_nodule_0/slice_2.png","0","val","LIDC-IDRI-0485","443","0"
"processed_data/series_443_nodule_1/slice_0.png","1","val","LIDC-IDRI-0485","443","1"
"processed_data/series_443_nodule_1/slice_1.png","1","val","LIDC-IDRI-0485","443","1"
"processed_data/series_443_nodule_1/slice_2.png","1","val","LIDC-IDRI-0485","443","1"
"processed_data/series_443_nodule_1/slice_3.png","1","val","LIDC-IDRI-0485","443","1"
"processed_data/series_443_nodule_1/slice_4.png","1","val","LIDC-IDRI-0485","443","1"
"processed_data/series_443_nodule_2/slice_0.png","1","val","LIDC-IDRI-0485","443","2"
"processed_data/series_443_nodule_2/slice_1.png","1","val","LIDC-IDRI-0485","443","2"
"processed_data/series_443_nodule_2/slice_2.png","1","val","LIDC-IDRI-0485","443","2"
"processed_data/series_443_nodule_3/slice_0.png","0","val","LIDC-IDRI-0485","443","3"
"processed_data/series_443_nodule_3/slice_1.png","0","val","LIDC-IDRI-0485","443","3"
"processed_data/series_444_nodule_0/slice_0.png","1","train","LIDC-IDRI-0486","444","0"
"processed_data/series_444_nodule_0/slice_1.png","1","train","LIDC-IDRI-0486","444","0"
"processed_data/series_444_nodule_0/slice_2.png","1","train","LIDC-IDRI-0486","444","0"
"processed_data/series_444_nodule_0/slice_3.png","1","train","LIDC-IDRI-0486","444","0"
"processed_data/series_446_nodule_0/slice_0.png","0","train","LIDC-IDRI-0488","446","0"
"processed_data/series_446_nodule_0/slice_1.png","0","train","LIDC-IDRI-0488","446","0"
"processed_data/series_446_nodule_0/slice_2.png","0","train","LIDC-IDRI-0488","446","0"
"processed_data/series_446_nodule_0/slice_3.png","0","train","LIDC-IDRI-0488","446","0"
"processed_data/series_446_nodule_0/slice_4.png","0","train","LIDC-IDRI-0488","446","0"
"processed_data/series_446_nodule_0/slice_5.png","0","train","LIDC-IDRI-0488","446","0"
"processed_data/series_446_nodule_0/slice_6.png","0","train","LIDC-IDRI-0488","446","0"
"processed_data/series_446_nodule_1/slice_0.png","1","train","LIDC-IDRI-0488","446","1"
"processed_data/series_446_nodule_1/slice_1.png","1","train","LIDC-IDRI-0488","446","1"
"processed_data/series_446_nodule_1/slice_2.png","1","train","LIDC-IDRI-0488","446","1"
"processed_data/series_446_nodule_1/slice_3.png","1","train","LIDC-IDRI-0488","446","1"
"processed_data/series_446_nodule_1/slice_4.png","1","train","LIDC-IDRI-0488","446","1"
"processed_data/series_446_nodule_1/slice_5.png","1","train","LIDC-IDRI-0488","446","1"
"processed_data/series_447_nodule_0/slice_0.png","2","test","LIDC-IDRI-0489","447","0"
"processed_data/series_447_nodule_0/slice_1.png","2","test","LIDC-IDRI-0489","447","0"
"processed_data/series_447_nodule_0/slice_2.png","2","test","LIDC-IDRI-0489","447","0"
"processed_data/series_447_nodule_0/slice_3.png","2","test","LIDC-IDRI-0489","447","0"
"processed_data/series_447_nodule_0/slice_4.png","2","test","LIDC-IDRI-0489","447","0"
"processed_data/series_447_nodule_0/slice_5.png","2","test","LIDC-IDRI-0489","447","0"
"processed_data/series_447_nodule_0/slice_6.png","2","test","LIDC-IDRI-0489","447","0"
"processed_data/series_447_nodule_0/slice_7.png","2","test","LIDC-IDRI-0489","447","0"
"processed_data/series_447_nodule_0/slice_8.png","2","test","LIDC-IDRI-0489","447","0"
"processed_data/series_447_nodule_1/slice_0.png","2","test","LIDC-IDRI-0489","447","1"
"processed_data/series_447_nodule_1/slice_1.png","2","test","LIDC-IDRI-0489","447","1"
"processed_data/series_447_nodule_1/slice_2.png","2","test","LIDC-IDRI-0489","447","1"
"processed_data/series_447_nodule_1/slice_3.png","2","test","LIDC-IDRI-0489","447","1"
"processed_data/series_447_nodule_1/slice_4.png","2","test","LIDC-IDRI-0489","447","1"
"processed_data/series_447_nodule_2/slice_0.png","2","test","LIDC-IDRI-0489","447","2"
"processed_data/series_447_nodule_2/slice_1.png","2","test","LIDC-IDRI-0489","447","2"
"processed_data/series_447_nodule_2/slice_2.png","2","test","LIDC-IDRI-0489","447","2"
"processed_data/series_447_nodule_2/slice_3.png","2","test","LIDC-IDRI-0489","447","2"
"processed_data/series_447_nodule_2/slice_4.png","2","test","LIDC-IDRI-0489","447","2"
"processed_data/series_447_nodule_2/slice_5.png","2","test","LIDC-IDRI-0489","447","2"
"processed_data/series_447_nodule_3/slice_0.png","1","test","LIDC-IDRI-0489","447","3"
"processed_data/series_447_nodule_3/slice_1.png","1","test","LIDC-IDRI-0489","447","3"
"processed_data/series_447_nodule_3/slice_2.png","1","test","LIDC-IDRI-0489","447","3"
"processed_data/series_447_nodule_4/slice_0.png","1","test","LIDC-IDRI-0489","447","4"
"processed_data/series_447_nodule_4/slice_1.png","1","test","LIDC-IDRI-0489","447","4"
"processed_data/series_447_nodule_4/slice_2.png","1","test","LIDC-IDRI-0489","447","4"
"processed_data/series_447_nodule_5/slice_0.png","1","test","LIDC-IDRI-0489","447","5"
"processed_data/series_447_nodule_5/slice_1.png","1","test","LIDC-IDRI-0489","447","5"
"processed_data/series_447_nodule_6/slice_0.png","1","test","LIDC-IDRI-0489","447","6"
"processed_data/series_447_nodule_6/slice_1.png","1","test","LIDC-IDRI-0489","447","6"
"processed_data/series_447_nodule_6/slice_2.png","1","test","LIDC-IDRI-0489","447","6"
"processed_data/series_447_nodule_6/slice_3.png","1","test","LIDC-IDRI-0489","447","6"
"processed_data/series_447_nodule_7/slice_0.png","2","test","LIDC-IDRI-0489","447","7"
"processed_data/series_447_nodule_7/slice_1.png","2","test","LIDC-IDRI-0489","447","7"
"processed_data/series_447_nodule_7/slice_2.png","2","test","LIDC-IDRI-0489","447","7"
"processed_data/series_447_nodule_7/slice_3.png","2","test","LIDC-IDRI-0489","447","7"
"processed_data/series_447_nodule_7/slice_4.png","2","test","LIDC-IDRI-0489","447","7"
"processed_data/series_447_nodule_7/slice_5.png","2","test","LIDC-IDRI-0489","447","7"
"processed_data/series_447_nodule_7/slice_6.png","2","test","LIDC-IDRI-0489","447","7"
"processed_data/series_447_nodule_7/slice_7.png","2","test","LIDC-IDRI-0489","447","7"
"processed_data/series_448_nodule_0/slice_0.png","2","train","LIDC-IDRI-0490","448","0"
"processed_data/series_448_nodule_0/slice_1.png","2","train","LIDC-IDRI-0490","448","0"
"processed_data/series_448_nodule_0/slice_10.png","2","train","LIDC-IDRI-0490","448","0"
"processed_data/series_448_nodule_0/slice_11.png","2","train","LIDC-IDRI-0490","448","0"
"processed_data/series_448_nodule_0/slice_12.png","2","train","LIDC-IDRI-0490","448","0"
"processed_data/series_448_nodule_0/slice_13.png","2","train","LIDC-IDRI-0490","448","0"
"processed_data/series_448_nodule_0/slice_14.png","2","train","LIDC-IDRI-0490","448","0"
"processed_data/series_448_nodule_0/slice_15.png","2","train","LIDC-IDRI-0490","448","0"
"processed_data/series_448_nodule_0/slice_16.png","2","train","LIDC-IDRI-0490","448","0"
"processed_data/series_448_nodule_0/slice_17.png","2","train","LIDC-IDRI-0490","448","0"
"processed_data/series_448_nodule_0/slice_18.png","2","train","LIDC-IDRI-0490","448","0"
"processed_data/series_448_nodule_0/slice_19.png","2","train","LIDC-IDRI-0490","448","0"
"processed_data/series_448_nodule_0/slice_2.png","2","train","LIDC-IDRI-0490","448","0"
"processed_data/series_448_nodule_0/slice_20.png","2","train","LIDC-IDRI-0490","448","0"
"processed_data/series_448_nodule_0/slice_21.png","2","train","LIDC-IDRI-0490","448","0"
"processed_data/series_448_nodule_0/slice_22.png","2","train","LIDC-IDRI-0490","448","0"
"processed_data/series_448_nodule_0/slice_23.png","2","train","LIDC-IDRI-0490","448","0"
"processed_data/series_448_nodule_0/slice_24.png","2","train","LIDC-IDRI-0490","448","0"
"processed_data/series_448_nodule_0/slice_25.png","2","train","LIDC-IDRI-0490","448","0"
"processed_data/series_448_nodule_0/slice_26.png","2","train","LIDC-IDRI-0490","448","0"
"processed_data/series_448_nodule_0/slice_27.png","2","train","LIDC-IDRI-0490","448","0"
"processed_data/series_448_nodule_0/slice_28.png","2","train","LIDC-IDRI-0490","448","0"
"processed_data/series_448_nodule_0/slice_29.png","2","train","LIDC-IDRI-0490","448","0"
"processed_data/series_448_nodule_0/slice_3.png","2","train","LIDC-IDRI-0490","448","0"
"processed_data/series_448_nodule_0/slice_30.png","2","train","LIDC-IDRI-0490","448","0"
"processed_data/series_448_nodule_0/slice_4.png","2","train","LIDC-IDRI-0490","448","0"
"processed_data/series_448_nodule_0/slice_5.png","2","train","LIDC-IDRI-0490","448","0"
"processed_data/series_448_nodule_0/slice_6.png","2","train","LIDC-IDRI-0490","448","0"
"processed_data/series_448_nodule_0/slice_7.png","2","train","LIDC-IDRI-0490","448","0"
"processed_data/series_448_nodule_0/slice_8.png","2","train","LIDC-IDRI-0490","448","0"
"processed_data/series_448_nodule_0/slice_9.png","2","train","LIDC-IDRI-0490","448","0"
"processed_data/series_449_nodule_0/slice_0.png","0","val","LIDC-IDRI-0491","449","0"
"processed_data/series_449_nodule_0/slice_1.png","0","val","LIDC-IDRI-0491","449","0"
"processed_data/series_449_nodule_0/slice_2.png","0","val","LIDC-IDRI-0491","449","0"
"processed_data/series_449_nodule_0/slice_3.png","0","val","LIDC-IDRI-0491","449","0"
"processed_data/series_449_nodule_0/slice_4.png","0","val","LIDC-IDRI-0491","449","0"
"processed_data/series_449_nodule_1/slice_0.png","0","val","LIDC-IDRI-0491","449","1"
"processed_data/series_449_nodule_1/slice_1.png","0","val","LIDC-IDRI-0491","449","1"
"processed_data/series_449_nodule_1/slice_2.png","0","val","LIDC-IDRI-0491","449","1"
"processed_data/series_449_nodule_1/slice_3.png","0","val","LIDC-IDRI-0491","449","1"
"processed_data/series_449_nodule_1/slice_4.png","0","val","LIDC-IDRI-0491","449","1"
"processed_data/series_449_nodule_2/slice_0.png","0","val","LIDC-IDRI-0491","449","2"
"processed_data/series_449_nodule_2/slice_1.png","0","val","LIDC-IDRI-0491","449","2"
"processed_data/series_449_nodule_2/slice_2.png","0","val","LIDC-IDRI-0491","449","2"
"processed_data/series_449_nodule_2/slice_3.png","0","val","LIDC-IDRI-0491","449","2"
"processed_data/series_449_nodule_2/slice_4.png","0","val","LIDC-IDRI-0491","449","2"
"processed_data/series_449_nodule_2/slice_5.png","0","val","LIDC-IDRI-0491","449","2"
"processed_data/series_449_nodule_3/slice_0.png","0","val","LIDC-IDRI-0491","449","3"
"processed_data/series_449_nodule_3/slice_1.png","0","val","LIDC-IDRI-0491","449","3"
"processed_data/series_449_nodule_3/slice_2.png","0","val","LIDC-IDRI-0491","449","3"
"processed_data/series_449_nodule_3/slice_3.png","0","val","LIDC-IDRI-0491","449","3"
"processed_data/series_449_nodule_3/slice_4.png","0","val","LIDC-IDRI-0491","449","3"
"processed_data/series_449_nodule_3/slice_5.png","0","val","LIDC-IDRI-0491","449","3"
"processed_data/series_449_nodule_4/slice_0.png","1","val","LIDC-IDRI-0491","449","4"
"processed_data/series_449_nodule_4/slice_1.png","1","val","LIDC-IDRI-0491","449","4"
"processed_data/series_449_nodule_4/slice_10.png","1","val","LIDC-IDRI-0491","449","4"
"processed_data/series_449_nodule_4/slice_11.png","1","val","LIDC-IDRI-0491","449","4"
"processed_data/series_449_nodule_4/slice_12.png","1","val","LIDC-IDRI-0491","449","4"
"processed_data/series_449_nodule_4/slice_13.png","1","val","LIDC-IDRI-0491","449","4"
"processed_data/series_449_nodule_4/slice_14.png","1","val","LIDC-IDRI-0491","449","4"
"processed_data/series_449_nodule_4/slice_15.png","1","val","LIDC-IDRI-0491","449","4"
"processed_data/series_449_nodule_4/slice_16.png","1","val","LIDC-IDRI-0491","449","4"
"processed_data/series_449_nodule_4/slice_17.png","1","val","LIDC-IDRI-0491","449","4"
"processed_data/series_449_nodule_4/slice_2.png","1","val","LIDC-IDRI-0491","449","4"
"processed_data/series_449_nodule_4/slice_3.png","1","val","LIDC-IDRI-0491","449","4"
"processed_data/series_449_nodule_4/slice_4.png","1","val","LIDC-IDRI-0491","449","4"
"processed_data/series_449_nodule_4/slice_5.png","1","val","LIDC-IDRI-0491","449","4"
"processed_data/series_449_nodule_4/slice_6.png","1","val","LIDC-IDRI-0491","449","4"
"processed_data/series_449_nodule_4/slice_7.png","1","val","LIDC-IDRI-0491","449","4"
"processed_data/series_449_nodule_4/slice_8.png","1","val","LIDC-IDRI-0491","449","4"
"processed_data/series_449_nodule_4/slice_9.png","1","val","LIDC-IDRI-0491","449","4"
"processed_data/series_449_nodule_5/slice_0.png","0","val","LIDC-IDRI-0491","449","5"
"processed_data/series_449_nodule_5/slice_1.png","0","val","LIDC-IDRI-0491","449","5"
"processed_data/series_449_nodule_5/slice_2.png","0","val","LIDC-IDRI-0491","449","5"
"processed_data/series_449_nodule_5/slice_3.png","0","val","LIDC-IDRI-0491","449","5"
"processed_data/series_449_nodule_5/slice_4.png","0","val","LIDC-IDRI-0491","449","5"
"processed_data/series_449_nodule_5/slice_5.png","0","val","LIDC-IDRI-0491","449","5"
"processed_data/series_449_nodule_5/slice_6.png","0","val","LIDC-IDRI-0491","449","5"
"processed_data/series_449_nodule_5/slice_7.png","0","val","LIDC-IDRI-0491","449","5"
"processed_data/series_449_nodule_5/slice_8.png","0","val","LIDC-IDRI-0491","449","5"
"processed_data/series_450_nodule_0/slice_0.png","0","train","LIDC-IDRI-0492","450","0"
"processed_data/series_450_nodule_0/slice_1.png","0","train","LIDC-IDRI-0492","450","0"
"processed_data/series_450_nodule_0/slice_2.png","0","train","LIDC-IDRI-0492","450","0"
"processed_data/series_450_nodule_0/slice_3.png","0","train","LIDC-IDRI-0492","450","0"
"processed_data/series_450_nodule_1/slice_0.png","0","train","LIDC-IDRI-0492","450","1"
"processed_data/series_450_nodule_1/slice_1.png","0","train","LIDC-IDRI-0492","450","1"
"processed_data/series_450_nodule_1/slice_2.png","0","train","LIDC-IDRI-0492","450","1"
"processed_data/series_450_nodule_2/slice_0.png","1","train","LIDC-IDRI-0492","450","2"
"processed_data/series_450_nodule_2/slice_1.png","1","train","LIDC-IDRI-0492","450","2"
"processed_data/series_450_nodule_2/slice_2.png","1","train","LIDC-IDRI-0492","450","2"
"processed_data/series_450_nodule_2/slice_3.png","1","train","LIDC-IDRI-0492","450","2"
"processed_data/series_450_nodule_3/slice_0.png","0","train","LIDC-IDRI-0492","450","3"
"processed_data/series_450_nodule_3/slice_1.png","0","train","LIDC-IDRI-0492","450","3"
"processed_data/series_450_nodule_3/slice_2.png","0","train","LIDC-IDRI-0492","450","3"
"processed_data/series_451_nodule_0/slice_0.png","0","train","LIDC-IDRI-0493","451","0"
"processed_data/series_451_nodule_0/slice_1.png","0","train","LIDC-IDRI-0493","451","0"
"processed_data/series_451_nodule_0/slice_2.png","0","train","LIDC-IDRI-0493","451","0"
"processed_data/series_455_nodule_0/slice_0.png","1","train","LIDC-IDRI-0499","455","0"
"processed_data/series_455_nodule_0/slice_1.png","1","train","LIDC-IDRI-0499","455","0"
"processed_data/series_455_nodule_1/slice_0.png","1","train","LIDC-IDRI-0499","455","1"
"processed_data/series_455_nodule_1/slice_1.png","1","train","LIDC-IDRI-0499","455","1"
"processed_data/series_455_nodule_2/slice_0.png","0","train","LIDC-IDRI-0499","455","2"
"processed_data/series_455_nodule_2/slice_1.png","0","train","LIDC-IDRI-0499","455","2"
"processed_data/series_455_nodule_3/slice_0.png","1","train","LIDC-IDRI-0499","455","3"
"processed_data/series_456_nodule_0/slice_0.png","1","train","LIDC-IDRI-0500","456","0"
"processed_data/series_456_nodule_0/slice_1.png","1","train","LIDC-IDRI-0500","456","0"
"processed_data/series_456_nodule_0/slice_2.png","1","train","LIDC-IDRI-0500","456","0"
"processed_data/series_456_nodule_0/slice_3.png","1","train","LIDC-IDRI-0500","456","0"
"processed_data/series_458_nodule_0/slice_0.png","1","val","LIDC-IDRI-0503","458","0"
"processed_data/series_458_nodule_0/slice_1.png","1","val","LIDC-IDRI-0503","458","0"
"processed_data/series_458_nodule_0/slice_2.png","1","val","LIDC-IDRI-0503","458","0"
"processed_data/series_458_nodule_0/slice_3.png","1","val","LIDC-IDRI-0503","458","0"
"processed_data/series_459_nodule_0/slice_0.png","1","train","LIDC-IDRI-0504","459","0"
"processed_data/series_459_nodule_0/slice_1.png","1","train","LIDC-IDRI-0504","459","0"
"processed_data/series_459_nodule_0/slice_2.png","1","train","LIDC-IDRI-0504","459","0"
"processed_data/series_459_nodule_0/slice_3.png","1","train","LIDC-IDRI-0504","459","0"
"processed_data/series_459_nodule_0/slice_4.png","1","train","LIDC-IDRI-0504","459","0"
"processed_data/series_460_nodule_0/slice_0.png","1","val","LIDC-IDRI-0505","460","0"
"processed_data/series_460_nodule_0/slice_1.png","1","val","LIDC-IDRI-0505","460","0"
"processed_data/series_460_nodule_0/slice_2.png","1","val","LIDC-IDRI-0505","460","0"
"processed_data/series_460_nodule_0/slice_3.png","1","val","LIDC-IDRI-0505","460","0"
"processed_data/series_462_nodule_0/slice_0.png","2","train","LIDC-IDRI-0507","462","0"
"processed_data/series_462_nodule_0/slice_1.png","2","train","LIDC-IDRI-0507","462","0"
"processed_data/series_462_nodule_0/slice_2.png","2","train","LIDC-IDRI-0507","462","0"
"processed_data/series_462_nodule_0/slice_3.png","2","train","LIDC-IDRI-0507","462","0"
"processed_data/series_462_nodule_0/slice_4.png","2","train","LIDC-IDRI-0507","462","0"
"processed_data/series_462_nodule_0/slice_5.png","2","train","LIDC-IDRI-0507","462","0"
"processed_data/series_462_nodule_0/slice_6.png","2","train","LIDC-IDRI-0507","462","0"
"processed_data/series_462_nodule_0/slice_7.png","2","train","LIDC-IDRI-0507","462","0"
"processed_data/series_462_nodule_0/slice_8.png","2","train","LIDC-IDRI-0507","462","0"
"processed_data/series_462_nodule_0/slice_9.png","2","train","LIDC-IDRI-0507","462","0"
"processed_data/series_462_nodule_1/slice_0.png","1","train","LIDC-IDRI-0507","462","1"
"processed_data/series_462_nodule_1/slice_1.png","1","train","LIDC-IDRI-0507","462","1"
"processed_data/series_462_nodule_1/slice_10.png","1","train","LIDC-IDRI-0507","462","1"
"processed_data/series_462_nodule_1/slice_11.png","1","train","LIDC-IDRI-0507","462","1"
"processed_data/series_462_nodule_1/slice_2.png","1","train","LIDC-IDRI-0507","462","1"
"processed_data/series_462_nodule_1/slice_3.png","1","train","LIDC-IDRI-0507","462","1"
"processed_data/series_462_nodule_1/slice_4.png","1","train","LIDC-IDRI-0507","462","1"
"processed_data/series_462_nodule_1/slice_5.png","1","train","LIDC-IDRI-0507","462","1"
"processed_data/series_462_nodule_1/slice_6.png","1","train","LIDC-IDRI-0507","462","1"
"processed_data/series_462_nodule_1/slice_7.png","1","train","LIDC-IDRI-0507","462","1"
"processed_data/series_462_nodule_1/slice_8.png","1","train","LIDC-IDRI-0507","462","1"
"processed_data/series_462_nodule_1/slice_9.png","1","train","LIDC-IDRI-0507","462","1"
"processed_data/series_462_nodule_2/slice_0.png","1","train","LIDC-IDRI-0507","462","2"
"processed_data/series_462_nodule_2/slice_1.png","1","train","LIDC-IDRI-0507","462","2"
"processed_data/series_462_nodule_2/slice_10.png","1","train","LIDC-IDRI-0507","462","2"
"processed_data/series_462_nodule_2/slice_11.png","1","train","LIDC-IDRI-0507","462","2"
"processed_data/series_462_nodule_2/slice_2.png","1","train","LIDC-IDRI-0507","462","2"
"processed_data/series_462_nodule_2/slice_3.png","1","train","LIDC-IDRI-0507","462","2"
"processed_data/series_462_nodule_2/slice_4.png","1","train","LIDC-IDRI-0507","462","2"
"processed_data/series_462_nodule_2/slice_5.png","1","train","LIDC-IDRI-0507","462","2"
"processed_data/series_462_nodule_2/slice_6.png","1","train","LIDC-IDRI-0507","462","2"
"processed_data/series_462_nodule_2/slice_7.png","1","train","LIDC-IDRI-0507","462","2"
"processed_data/series_462_nodule_2/slice_8.png","1","train","LIDC-IDRI-0507","462","2"
"processed_data/series_462_nodule_2/slice_9.png","1","train","LIDC-IDRI-0507","462","2"
"processed_data/series_463_nodule_0/slice_0.png","2","test","LIDC-IDRI-0508","463","0"
"processed_data/series_463_nodule_0/slice_1.png","2","test","LIDC-IDRI-0508","463","0"
"processed_data/series_463_nodule_0/slice_10.png","2","test","LIDC-IDRI-0508","463","0"
"processed_data/series_463_nodule_0/slice_11.png","2","test","LIDC-IDRI-0508","463","0"
"processed_data/series_463_nodule_0/slice_12.png","2","test","LIDC-IDRI-0508","463","0"
"processed_data/series_463_nodule_0/slice_13.png","2","test","LIDC-IDRI-0508","463","0"
"processed_data/series_463_nodule_0/slice_14.png","2","test","LIDC-IDRI-0508","463","0"
"processed_data/series_463_nodule_0/slice_15.png","2","test","LIDC-IDRI-0508","463","0"
"processed_data/series_463_nodule_0/slice_16.png","2","test","LIDC-IDRI-0508","463","0"
"processed_data/series_463_nodule_0/slice_2.png","2","test","LIDC-IDRI-0508","463","0"
"processed_data/series_463_nodule_0/slice_3.png","2","test","LIDC-IDRI-0508","463","0"
"processed_data/series_463_nodule_0/slice_4.png","2","test","LIDC-IDRI-0508","463","0"
"processed_data/series_463_nodule_0/slice_5.png","2","test","LIDC-IDRI-0508","463","0"
"processed_data/series_463_nodule_0/slice_6.png","2","test","LIDC-IDRI-0508","463","0"
"processed_data/series_463_nodule_0/slice_7.png","2","test","LIDC-IDRI-0508","463","0"
"processed_data/series_463_nodule_0/slice_8.png","2","test","LIDC-IDRI-0508","463","0"
"processed_data/series_463_nodule_0/slice_9.png","2","test","LIDC-IDRI-0508","463","0"
"processed_data/series_464_nodule_0/slice_0.png","1","val","LIDC-IDRI-0509","464","0"
"processed_data/series_464_nodule_0/slice_1.png","1","val","LIDC-IDRI-0509","464","0"
"processed_data/series_464_nodule_1/slice_0.png","1","val","LIDC-IDRI-0509","464","1"
"processed_data/series_464_nodule_2/slice_0.png","1","val","LIDC-IDRI-0509","464","2"
"processed_data/series_464_nodule_2/slice_1.png","1","val","LIDC-IDRI-0509","464","2"
"processed_data/series_464_nodule_2/slice_2.png","1","val","LIDC-IDRI-0509","464","2"
"processed_data/series_464_nodule_3/slice_0.png","1","val","LIDC-IDRI-0509","464","3"
"processed_data/series_464_nodule_3/slice_1.png","1","val","LIDC-IDRI-0509","464","3"
"processed_data/series_465_nodule_0/slice_0.png","1","test","LIDC-IDRI-0510","465","0"
"processed_data/series_465_nodule_0/slice_1.png","1","test","LIDC-IDRI-0510","465","0"
"processed_data/series_465_nodule_0/slice_2.png","1","test","LIDC-IDRI-0510","465","0"
"processed_data/series_465_nodule_0/slice_3.png","1","test","LIDC-IDRI-0510","465","0"
"processed_data/series_465_nodule_0/slice_4.png","1","test","LIDC-IDRI-0510","465","0"
"processed_data/series_465_nodule_0/slice_5.png","1","test","LIDC-IDRI-0510","465","0"
"processed_data/series_465_nodule_0/slice_6.png","1","test","LIDC-IDRI-0510","465","0"
"processed_data/series_465_nodule_0/slice_7.png","1","test","LIDC-IDRI-0510","465","0"
"processed_data/series_465_nodule_1/slice_0.png","1","test","LIDC-IDRI-0510","465","1"
"processed_data/series_465_nodule_1/slice_1.png","1","test","LIDC-IDRI-0510","465","1"
"processed_data/series_465_nodule_1/slice_2.png","1","test","LIDC-IDRI-0510","465","1"
"processed_data/series_465_nodule_1/slice_3.png","1","test","LIDC-IDRI-0510","465","1"
"processed_data/series_465_nodule_1/slice_4.png","1","test","LIDC-IDRI-0510","465","1"
"processed_data/series_465_nodule_1/slice_5.png","1","test","LIDC-IDRI-0510","465","1"
"processed_data/series_465_nodule_1/slice_6.png","1","test","LIDC-IDRI-0510","465","1"
"processed_data/series_465_nodule_1/slice_7.png","1","test","LIDC-IDRI-0510","465","1"
"processed_data/series_465_nodule_1/slice_8.png","1","test","LIDC-IDRI-0510","465","1"
"processed_data/series_465_nodule_2/slice_0.png","1","test","LIDC-IDRI-0510","465","2"
"processed_data/series_465_nodule_2/slice_1.png","1","test","LIDC-IDRI-0510","465","2"
"processed_data/series_465_nodule_2/slice_2.png","1","test","LIDC-IDRI-0510","465","2"
"processed_data/series_465_nodule_2/slice_3.png","1","test","LIDC-IDRI-0510","465","2"
"processed_data/series_465_nodule_2/slice_4.png","1","test","LIDC-IDRI-0510","465","2"
"processed_data/series_470_nodule_0/slice_0.png","2","test","LIDC-IDRI-0515","470","0"
"processed_data/series_470_nodule_0/slice_1.png","2","test","LIDC-IDRI-0515","470","0"
"processed_data/series_470_nodule_0/slice_10.png","2","test","LIDC-IDRI-0515","470","0"
"processed_data/series_470_nodule_0/slice_11.png","2","test","LIDC-IDRI-0515","470","0"
"processed_data/series_470_nodule_0/slice_12.png","2","test","LIDC-IDRI-0515","470","0"
"processed_data/series_470_nodule_0/slice_13.png","2","test","LIDC-IDRI-0515","470","0"
"processed_data/series_470_nodule_0/slice_2.png","2","test","LIDC-IDRI-0515","470","0"
"processed_data/series_470_nodule_0/slice_3.png","2","test","LIDC-IDRI-0515","470","0"
"processed_data/series_470_nodule_0/slice_4.png","2","test","LIDC-IDRI-0515","470","0"
"processed_data/series_470_nodule_0/slice_5.png","2","test","LIDC-IDRI-0515","470","0"
"processed_data/series_470_nodule_0/slice_6.png","2","test","LIDC-IDRI-0515","470","0"
"processed_data/series_470_nodule_0/slice_7.png","2","test","LIDC-IDRI-0515","470","0"
"processed_data/series_470_nodule_0/slice_8.png","2","test","LIDC-IDRI-0515","470","0"
"processed_data/series_470_nodule_0/slice_9.png","2","test","LIDC-IDRI-0515","470","0"
"processed_data/series_473_nodule_0/slice_0.png","1","val","LIDC-IDRI-0518","473","0"
"processed_data/series_473_nodule_0/slice_1.png","1","val","LIDC-IDRI-0518","473","0"
"processed_data/series_473_nodule_0/slice_2.png","1","val","LIDC-IDRI-0518","473","0"
"processed_data/series_473_nodule_1/slice_0.png","0","val","LIDC-IDRI-0518","473","1"
"processed_data/series_473_nodule_1/slice_1.png","0","val","LIDC-IDRI-0518","473","1"
"processed_data/series_476_nodule_0/slice_0.png","1","train","LIDC-IDRI-0521","476","0"
"processed_data/series_476_nodule_0/slice_1.png","1","train","LIDC-IDRI-0521","476","0"
"processed_data/series_476_nodule_0/slice_10.png","1","train","LIDC-IDRI-0521","476","0"
"processed_data/series_476_nodule_0/slice_11.png","1","train","LIDC-IDRI-0521","476","0"
"processed_data/series_476_nodule_0/slice_12.png","1","train","LIDC-IDRI-0521","476","0"
"processed_data/series_476_nodule_0/slice_2.png","1","train","LIDC-IDRI-0521","476","0"
"processed_data/series_476_nodule_0/slice_3.png","1","train","LIDC-IDRI-0521","476","0"
"processed_data/series_476_nodule_0/slice_4.png","1","train","LIDC-IDRI-0521","476","0"
"processed_data/series_476_nodule_0/slice_5.png","1","train","LIDC-IDRI-0521","476","0"
"processed_data/series_476_nodule_0/slice_6.png","1","train","LIDC-IDRI-0521","476","0"
"processed_data/series_476_nodule_0/slice_7.png","1","train","LIDC-IDRI-0521","476","0"
"processed_data/series_476_nodule_0/slice_8.png","1","train","LIDC-IDRI-0521","476","0"
"processed_data/series_476_nodule_0/slice_9.png","1","train","LIDC-IDRI-0521","476","0"
"processed_data/series_478_nodule_0/slice_0.png","1","train","LIDC-IDRI-0525","478","0"
"processed_data/series_478_nodule_0/slice_1.png","1","train","LIDC-IDRI-0525","478","0"
"processed_data/series_478_nodule_0/slice_10.png","1","train","LIDC-IDRI-0525","478","0"
"processed_data/series_478_nodule_0/slice_11.png","1","train","LIDC-IDRI-0525","478","0"
"processed_data/series_478_nodule_0/slice_12.png","1","train","LIDC-IDRI-0525","478","0"
"processed_data/series_478_nodule_0/slice_2.png","1","train","LIDC-IDRI-0525","478","0"
"processed_data/series_478_nodule_0/slice_3.png","1","train","LIDC-IDRI-0525","478","0"
"processed_data/series_478_nodule_0/slice_4.png","1","train","LIDC-IDRI-0525","478","0"
"processed_data/series_478_nodule_0/slice_5.png","1","train","LIDC-IDRI-0525","478","0"
"processed_data/series_478_nodule_0/slice_6.png","1","train","LIDC-IDRI-0525","478","0"
"processed_data/series_478_nodule_0/slice_7.png","1","train","LIDC-IDRI-0525","478","0"
"processed_data/series_478_nodule_0/slice_8.png","1","train","LIDC-IDRI-0525","478","0"
"processed_data/series_478_nodule_0/slice_9.png","1","train","LIDC-IDRI-0525","478","0"
"processed_data/series_479_nodule_0/slice_0.png","2","train","LIDC-IDRI-0526","479","0"
"processed_data/series_479_nodule_0/slice_1.png","2","train","LIDC-IDRI-0526","479","0"
"processed_data/series_479_nodule_0/slice_2.png","2","train","LIDC-IDRI-0526","479","0"
"processed_data/series_479_nodule_0/slice_3.png","2","train","LIDC-IDRI-0526","479","0"
"processed_data/series_479_nodule_0/slice_4.png","2","train","LIDC-IDRI-0526","479","0"
"processed_data/series_479_nodule_0/slice_5.png","2","train","LIDC-IDRI-0526","479","0"
"processed_data/series_479_nodule_0/slice_6.png","2","train","LIDC-IDRI-0526","479","0"
"processed_data/series_479_nodule_1/slice_0.png","1","train","LIDC-IDRI-0526","479","1"
"processed_data/series_479_nodule_1/slice_1.png","1","train","LIDC-IDRI-0526","479","1"
"processed_data/series_479_nodule_1/slice_2.png","1","train","LIDC-IDRI-0526","479","1"
"processed_data/series_479_nodule_1/slice_3.png","1","train","LIDC-IDRI-0526","479","1"
"processed_data/series_479_nodule_2/slice_0.png","2","train","LIDC-IDRI-0526","479","2"
"processed_data/series_479_nodule_2/slice_1.png","2","train","LIDC-IDRI-0526","479","2"
"processed_data/series_479_nodule_2/slice_2.png","2","train","LIDC-IDRI-0526","479","2"
"processed_data/series_479_nodule_2/slice_3.png","2","train","LIDC-IDRI-0526","479","2"
"processed_data/series_479_nodule_2/slice_4.png","2","train","LIDC-IDRI-0526","479","2"
"processed_data/series_479_nodule_2/slice_5.png","2","train","LIDC-IDRI-0526","479","2"
"processed_data/series_480_nodule_0/slice_0.png","1","train","LIDC-IDRI-0527","480","0"
"processed_data/series_480_nodule_0/slice_1.png","1","train","LIDC-IDRI-0527","480","0"
"processed_data/series_480_nodule_0/slice_2.png","1","train","LIDC-IDRI-0527","480","0"
"processed_data/series_482_nodule_0/slice_0.png","0","val","LIDC-IDRI-0529","482","0"
"processed_data/series_482_nodule_0/slice_1.png","0","val","LIDC-IDRI-0529","482","0"
"processed_data/series_482_nodule_0/slice_2.png","0","val","LIDC-IDRI-0529","482","0"
"processed_data/series_482_nodule_0/slice_3.png","0","val","LIDC-IDRI-0529","482","0"
"processed_data/series_482_nodule_0/slice_4.png","0","val","LIDC-IDRI-0529","482","0"
"processed_data/series_482_nodule_0/slice_5.png","0","val","LIDC-IDRI-0529","482","0"
"processed_data/series_483_nodule_0/slice_0.png","1","val","LIDC-IDRI-0530","483","0"
"processed_data/series_483_nodule_0/slice_1.png","1","val","LIDC-IDRI-0530","483","0"
"processed_data/series_483_nodule_0/slice_2.png","1","val","LIDC-IDRI-0530","483","0"
"processed_data/series_483_nodule_0/slice_3.png","1","val","LIDC-IDRI-0530","483","0"
"processed_data/series_483_nodule_0/slice_4.png","1","val","LIDC-IDRI-0530","483","0"
"processed_data/series_483_nodule_1/slice_0.png","0","val","LIDC-IDRI-0530","483","1"
"processed_data/series_483_nodule_1/slice_1.png","0","val","LIDC-IDRI-0530","483","1"
"processed_data/series_483_nodule_1/slice_2.png","0","val","LIDC-IDRI-0530","483","1"
"processed_data/series_483_nodule_1/slice_3.png","0","val","LIDC-IDRI-0530","483","1"
"processed_data/series_483_nodule_1/slice_4.png","0","val","LIDC-IDRI-0530","483","1"
"processed_data/series_483_nodule_1/slice_5.png","0","val","LIDC-IDRI-0530","483","1"
"processed_data/series_483_nodule_1/slice_6.png","0","val","LIDC-IDRI-0530","483","1"
"processed_data/series_486_nodule_0/slice_0.png","1","train","LIDC-IDRI-0533","486","0"
"processed_data/series_486_nodule_0/slice_1.png","1","train","LIDC-IDRI-0533","486","0"
"processed_data/series_486_nodule_0/slice_2.png","1","train","LIDC-IDRI-0533","486","0"
"processed_data/series_486_nodule_0/slice_3.png","1","train","LIDC-IDRI-0533","486","0"
"processed_data/series_487_nodule_0/slice_0.png","0","train","LIDC-IDRI-0534","487","0"
"processed_data/series_487_nodule_0/slice_1.png","0","train","LIDC-IDRI-0534","487","0"
"processed_data/series_487_nodule_0/slice_2.png","0","train","LIDC-IDRI-0534","487","0"
"processed_data/series_488_nodule_0/slice_0.png","1","train","LIDC-IDRI-0535","488","0"
"processed_data/series_488_nodule_0/slice_1.png","1","train","LIDC-IDRI-0535","488","0"
"processed_data/series_488_nodule_0/slice_2.png","1","train","LIDC-IDRI-0535","488","0"
"processed_data/series_488_nodule_0/slice_3.png","1","train","LIDC-IDRI-0535","488","0"
"processed_data/series_488_nodule_0/slice_4.png","1","train","LIDC-IDRI-0535","488","0"
"processed_data/series_488_nodule_0/slice_5.png","1","train","LIDC-IDRI-0535","488","0"
"processed_data/series_488_nodule_1/slice_0.png","1","train","LIDC-IDRI-0535","488","1"
"processed_data/series_488_nodule_1/slice_1.png","1","train","LIDC-IDRI-0535","488","1"
"processed_data/series_488_nodule_1/slice_2.png","1","train","LIDC-IDRI-0535","488","1"
"processed_data/series_488_nodule_1/slice_3.png","1","train","LIDC-IDRI-0535","488","1"
"processed_data/series_488_nodule_2/slice_0.png","1","train","LIDC-IDRI-0535","488","2"
"processed_data/series_488_nodule_2/slice_1.png","1","train","LIDC-IDRI-0535","488","2"
"processed_data/series_488_nodule_2/slice_2.png","1","train","LIDC-IDRI-0535","488","2"
"processed_data/series_493_nodule_0/slice_0.png","0","train","LIDC-IDRI-0541","493","0"
"processed_data/series_493_nodule_0/slice_1.png","0","train","LIDC-IDRI-0541","493","0"
"processed_data/series_494_nodule_0/slice_0.png","0","train","LIDC-IDRI-0542","494","0"
"processed_data/series_494_nodule_0/slice_1.png","0","train","LIDC-IDRI-0542","494","0"
"processed_data/series_494_nodule_0/slice_2.png","0","train","LIDC-IDRI-0542","494","0"
"processed_data/series_494_nodule_0/slice_3.png","0","train","LIDC-IDRI-0542","494","0"
"processed_data/series_494_nodule_0/slice_4.png","0","train","LIDC-IDRI-0542","494","0"
"processed_data/series_494_nodule_0/slice_5.png","0","train","LIDC-IDRI-0542","494","0"
"processed_data/series_494_nodule_0/slice_6.png","0","train","LIDC-IDRI-0542","494","0"
"processed_data/series_495_nodule_0/slice_0.png","2","train","LIDC-IDRI-0543","495","0"
"processed_data/series_495_nodule_0/slice_1.png","2","train","LIDC-IDRI-0543","495","0"
"processed_data/series_495_nodule_0/slice_10.png","2","train","LIDC-IDRI-0543","495","0"
"processed_data/series_495_nodule_0/slice_11.png","2","train","LIDC-IDRI-0543","495","0"
"processed_data/series_495_nodule_0/slice_12.png","2","train","LIDC-IDRI-0543","495","0"
"processed_data/series_495_nodule_0/slice_13.png","2","train","LIDC-IDRI-0543","495","0"
"processed_data/series_495_nodule_0/slice_14.png","2","train","LIDC-IDRI-0543","495","0"
"processed_data/series_495_nodule_0/slice_15.png","2","train","LIDC-IDRI-0543","495","0"
"processed_data/series_495_nodule_0/slice_16.png","2","train","LIDC-IDRI-0543","495","0"
"processed_data/series_495_nodule_0/slice_17.png","2","train","LIDC-IDRI-0543","495","0"
"processed_data/series_495_nodule_0/slice_18.png","2","train","LIDC-IDRI-0543","495","0"
"processed_data/series_495_nodule_0/slice_19.png","2","train","LIDC-IDRI-0543","495","0"
"processed_data/series_495_nodule_0/slice_2.png","2","train","LIDC-IDRI-0543","495","0"
"processed_data/series_495_nodule_0/slice_20.png","2","train","LIDC-IDRI-0543","495","0"
"processed_data/series_495_nodule_0/slice_21.png","2","train","LIDC-IDRI-0543","495","0"
"processed_data/series_495_nodule_0/slice_22.png","2","train","LIDC-IDRI-0543","495","0"
"processed_data/series_495_nodule_0/slice_3.png","2","train","LIDC-IDRI-0543","495","0"
"processed_data/series_495_nodule_0/slice_4.png","2","train","LIDC-IDRI-0543","495","0"
"processed_data/series_495_nodule_0/slice_5.png","2","train","LIDC-IDRI-0543","495","0"
"processed_data/series_495_nodule_0/slice_6.png","2","train","LIDC-IDRI-0543","495","0"
"processed_data/series_495_nodule_0/slice_7.png","2","train","LIDC-IDRI-0543","495","0"
"processed_data/series_495_nodule_0/slice_8.png","2","train","LIDC-IDRI-0543","495","0"
"processed_data/series_495_nodule_0/slice_9.png","2","train","LIDC-IDRI-0543","495","0"
"processed_data/series_495_nodule_1/slice_0.png","1","train","LIDC-IDRI-0543","495","1"
"processed_data/series_495_nodule_1/slice_1.png","1","train","LIDC-IDRI-0543","495","1"
"processed_data/series_495_nodule_1/slice_2.png","1","train","LIDC-IDRI-0543","495","1"
"processed_data/series_495_nodule_1/slice_3.png","1","train","LIDC-IDRI-0543","495","1"
"processed_data/series_495_nodule_1/slice_4.png","1","train","LIDC-IDRI-0543","495","1"
"processed_data/series_495_nodule_1/slice_5.png","1","train","LIDC-IDRI-0543","495","1"
"processed_data/series_495_nodule_1/slice_6.png","1","train","LIDC-IDRI-0543","495","1"
"processed_data/series_495_nodule_1/slice_7.png","1","train","LIDC-IDRI-0543","495","1"
"processed_data/series_495_nodule_1/slice_8.png","1","train","LIDC-IDRI-0543","495","1"
"processed_data/series_495_nodule_1/slice_9.png","1","train","LIDC-IDRI-0543","495","1"
"processed_data/series_498_nodule_0/slice_0.png","2","train","LIDC-IDRI-0546","498","0"
"processed_data/series_498_nodule_0/slice_1.png","2","train","LIDC-IDRI-0546","498","0"
"processed_data/series_498_nodule_0/slice_10.png","2","train","LIDC-IDRI-0546","498","0"
"processed_data/series_498_nodule_0/slice_11.png","2","train","LIDC-IDRI-0546","498","0"
"processed_data/series_498_nodule_0/slice_12.png","2","train","LIDC-IDRI-0546","498","0"
"processed_data/series_498_nodule_0/slice_13.png","2","train","LIDC-IDRI-0546","498","0"
"processed_data/series_498_nodule_0/slice_14.png","2","train","LIDC-IDRI-0546","498","0"
"processed_data/series_498_nodule_0/slice_15.png","2","train","LIDC-IDRI-0546","498","0"
"processed_data/series_498_nodule_0/slice_16.png","2","train","LIDC-IDRI-0546","498","0"
"processed_data/series_498_nodule_0/slice_17.png","2","train","LIDC-IDRI-0546","498","0"
"processed_data/series_498_nodule_0/slice_2.png","2","train","LIDC-IDRI-0546","498","0"
"processed_data/series_498_nodule_0/slice_3.png","2","train","LIDC-IDRI-0546","498","0"
"processed_data/series_498_nodule_0/slice_4.png","2","train","LIDC-IDRI-0546","498","0"
"processed_data/series_498_nodule_0/slice_5.png","2","train","LIDC-IDRI-0546","498","0"
"processed_data/series_498_nodule_0/slice_6.png","2","train","LIDC-IDRI-0546","498","0"
"processed_data/series_498_nodule_0/slice_7.png","2","train","LIDC-IDRI-0546","498","0"
"processed_data/series_498_nodule_0/slice_8.png","2","train","LIDC-IDRI-0546","498","0"
"processed_data/series_498_nodule_0/slice_9.png","2","train","LIDC-IDRI-0546","498","0"
"processed_data/series_499_nodule_0/slice_0.png","1","test","LIDC-IDRI-0547","499","0"
"processed_data/series_499_nodule_0/slice_1.png","1","test","LIDC-IDRI-0547","499","0"
"processed_data/series_499_nodule_0/slice_2.png","1","test","LIDC-IDRI-0547","499","0"
"processed_data/series_499_nodule_0/slice_3.png","1","test","LIDC-IDRI-0547","499","0"
"processed_data/series_499_nodule_0/slice_4.png","1","test","LIDC-IDRI-0547","499","0"
"processed_data/series_499_nodule_0/slice_5.png","1","test","LIDC-IDRI-0547","499","0"
"processed_data/series_499_nodule_0/slice_6.png","1","test","LIDC-IDRI-0547","499","0"
"processed_data/series_499_nodule_1/slice_0.png","0","test","LIDC-IDRI-0547","499","1"
"processed_data/series_499_nodule_1/slice_1.png","0","test","LIDC-IDRI-0547","499","1"
"processed_data/series_499_nodule_1/slice_2.png","0","test","LIDC-IDRI-0547","499","1"
"processed_data/series_499_nodule_1/slice_3.png","0","test","LIDC-IDRI-0547","499","1"
"processed_data/series_499_nodule_1/slice_4.png","0","test","LIDC-IDRI-0547","499","1"
"processed_data/series_499_nodule_1/slice_5.png","0","test","LIDC-IDRI-0547","499","1"
"processed_data/series_501_nodule_0/slice_0.png","1","train","LIDC-IDRI-0549","501","0"
"processed_data/series_501_nodule_0/slice_1.png","1","train","LIDC-IDRI-0549","501","0"
"processed_data/series_501_nodule_0/slice_2.png","1","train","LIDC-IDRI-0549","501","0"
"processed_data/series_501_nodule_0/slice_3.png","1","train","LIDC-IDRI-0549","501","0"
"processed_data/series_501_nodule_1/slice_0.png","1","train","LIDC-IDRI-0549","501","1"
"processed_data/series_501_nodule_1/slice_1.png","1","train","LIDC-IDRI-0549","501","1"
"processed_data/series_501_nodule_1/slice_2.png","1","train","LIDC-IDRI-0549","501","1"
"processed_data/series_501_nodule_1/slice_3.png","1","train","LIDC-IDRI-0549","501","1"
"processed_data/series_501_nodule_1/slice_4.png","1","train","LIDC-IDRI-0549","501","1"
"processed_data/series_501_nodule_1/slice_5.png","1","train","LIDC-IDRI-0549","501","1"
"processed_data/series_501_nodule_2/slice_0.png","1","train","LIDC-IDRI-0549","501","2"
"processed_data/series_501_nodule_2/slice_1.png","1","train","LIDC-IDRI-0549","501","2"
"processed_data/series_501_nodule_2/slice_2.png","1","train","LIDC-IDRI-0549","501","2"
"processed_data/series_501_nodule_2/slice_3.png","1","train","LIDC-IDRI-0549","501","2"
"processed_data/series_501_nodule_2/slice_4.png","1","train","LIDC-IDRI-0549","501","2"
"processed_data/series_501_nodule_3/slice_0.png","1","train","LIDC-IDRI-0549","501","3"
"processed_data/series_501_nodule_3/slice_1.png","1","train","LIDC-IDRI-0549","501","3"
"processed_data/series_501_nodule_3/slice_2.png","1","train","LIDC-IDRI-0549","501","3"
"processed_data/series_501_nodule_3/slice_3.png","1","train","LIDC-IDRI-0549","501","3"
"processed_data/series_501_nodule_4/slice_0.png","1","train","LIDC-IDRI-0549","501","4"
"processed_data/series_501_nodule_4/slice_1.png","1","train","LIDC-IDRI-0549","501","4"
"processed_data/series_501_nodule_4/slice_2.png","1","train","LIDC-IDRI-0549","501","4"
"processed_data/series_501_nodule_4/slice_3.png","1","train","LIDC-IDRI-0549","501","4"
"processed_data/series_501_nodule_5/slice_0.png","1","train","LIDC-IDRI-0549","501","5"
"processed_data/series_501_nodule_5/slice_1.png","1","train","LIDC-IDRI-0549","501","5"
"processed_data/series_501_nodule_5/slice_2.png","1","train","LIDC-IDRI-0549","501","5"
"processed_data/series_501_nodule_5/slice_3.png","1","train","LIDC-IDRI-0549","501","5"
"processed_data/series_501_nodule_5/slice_4.png","1","train","LIDC-IDRI-0549","501","5"
"processed_data/series_501_nodule_5/slice_5.png","1","train","LIDC-IDRI-0549","501","5"
"processed_data/series_503_nodule_0/slice_0.png","2","val","LIDC-IDRI-0552","503","0"
"processed_data/series_503_nodule_0/slice_1.png","2","val","LIDC-IDRI-0552","503","0"
"processed_data/series_503_nodule_0/slice_2.png","2","val","LIDC-IDRI-0552","503","0"
"processed_data/series_505_nodule_0/slice_0.png","1","train","LIDC-IDRI-0554","505","0"
"processed_data/series_505_nodule_0/slice_1.png","1","train","LIDC-IDRI-0554","505","0"
"processed_data/series_505_nodule_0/slice_2.png","1","train","LIDC-IDRI-0554","505","0"
"processed_data/series_505_nodule_0/slice_3.png","1","train","LIDC-IDRI-0554","505","0"
"processed_data/series_506_nodule_0/slice_0.png","1","test","LIDC-IDRI-0555","506","0"
"processed_data/series_506_nodule_0/slice_1.png","1","test","LIDC-IDRI-0555","506","0"
"processed_data/series_506_nodule_0/slice_2.png","1","test","LIDC-IDRI-0555","506","0"
"processed_data/series_506_nodule_0/slice_3.png","1","test","LIDC-IDRI-0555","506","0"
"processed_data/series_507_nodule_0/slice_0.png","1","train","LIDC-IDRI-0556","507","0"
"processed_data/series_507_nodule_0/slice_1.png","1","train","LIDC-IDRI-0556","507","0"
"processed_data/series_507_nodule_0/slice_2.png","1","train","LIDC-IDRI-0556","507","0"
"processed_data/series_507_nodule_0/slice_3.png","1","train","LIDC-IDRI-0556","507","0"
"processed_data/series_507_nodule_0/slice_4.png","1","train","LIDC-IDRI-0556","507","0"
"processed_data/series_507_nodule_0/slice_5.png","1","train","LIDC-IDRI-0556","507","0"
"processed_data/series_507_nodule_0/slice_6.png","1","train","LIDC-IDRI-0556","507","0"
"processed_data/series_507_nodule_0/slice_7.png","1","train","LIDC-IDRI-0556","507","0"
"processed_data/series_507_nodule_0/slice_8.png","1","train","LIDC-IDRI-0556","507","0"
"processed_data/series_508_nodule_0/slice_0.png","1","val","LIDC-IDRI-0557","508","0"
"processed_data/series_508_nodule_0/slice_1.png","1","val","LIDC-IDRI-0557","508","0"
"processed_data/series_508_nodule_0/slice_2.png","1","val","LIDC-IDRI-0557","508","0"
"processed_data/series_508_nodule_0/slice_3.png","1","val","LIDC-IDRI-0557","508","0"
"processed_data/series_508_nodule_0/slice_4.png","1","val","LIDC-IDRI-0557","508","0"
"processed_data/series_508_nodule_0/slice_5.png","1","val","LIDC-IDRI-0557","508","0"
"processed_data/series_508_nodule_0/slice_6.png","1","val","LIDC-IDRI-0557","508","0"
"processed_data/series_508_nodule_0/slice_7.png","1","val","LIDC-IDRI-0557","508","0"
"processed_data/series_510_nodule_0/slice_0.png","0","train","LIDC-IDRI-0559","510","0"
"processed_data/series_510_nodule_0/slice_1.png","0","train","LIDC-IDRI-0559","510","0"
"processed_data/series_510_nodule_1/slice_0.png","0","train","LIDC-IDRI-0559","510","1"
"processed_data/series_510_nodule_1/slice_1.png","0","train","LIDC-IDRI-0559","510","1"
"processed_data/series_513_nodule_0/slice_0.png","1","train","LIDC-IDRI-0562","513","0"
"processed_data/series_513_nodule_0/slice_1.png","1","train","LIDC-IDRI-0562","513","0"
"processed_data/series_513_nodule_0/slice_10.png","1","train","LIDC-IDRI-0562","513","0"
"processed_data/series_513_nodule_0/slice_11.png","1","train","LIDC-IDRI-0562","513","0"
"processed_data/series_513_nodule_0/slice_12.png","1","train","LIDC-IDRI-0562","513","0"
"processed_data/series_513_nodule_0/slice_13.png","1","train","LIDC-IDRI-0562","513","0"
"processed_data/series_513_nodule_0/slice_14.png","1","train","LIDC-IDRI-0562","513","0"
"processed_data/series_513_nodule_0/slice_15.png","1","train","LIDC-IDRI-0562","513","0"
"processed_data/series_513_nodule_0/slice_2.png","1","train","LIDC-IDRI-0562","513","0"
"processed_data/series_513_nodule_0/slice_3.png","1","train","LIDC-IDRI-0562","513","0"
"processed_data/series_513_nodule_0/slice_4.png","1","train","LIDC-IDRI-0562","513","0"
"processed_data/series_513_nodule_0/slice_5.png","1","train","LIDC-IDRI-0562","513","0"
"processed_data/series_513_nodule_0/slice_6.png","1","train","LIDC-IDRI-0562","513","0"
"processed_data/series_513_nodule_0/slice_7.png","1","train","LIDC-IDRI-0562","513","0"
"processed_data/series_513_nodule_0/slice_8.png","1","train","LIDC-IDRI-0562","513","0"
"processed_data/series_513_nodule_0/slice_9.png","1","train","LIDC-IDRI-0562","513","0"
"processed_data/series_513_nodule_1/slice_0.png","1","train","LIDC-IDRI-0562","513","1"
"processed_data/series_513_nodule_1/slice_1.png","1","train","LIDC-IDRI-0562","513","1"
"processed_data/series_513_nodule_1/slice_2.png","1","train","LIDC-IDRI-0562","513","1"
"processed_data/series_513_nodule_1/slice_3.png","1","train","LIDC-IDRI-0562","513","1"
"processed_data/series_513_nodule_1/slice_4.png","1","train","LIDC-IDRI-0562","513","1"
"processed_data/series_516_nodule_0/slice_0.png","1","test","LIDC-IDRI-0565","516","0"
"processed_data/series_516_nodule_0/slice_1.png","1","test","LIDC-IDRI-0565","516","0"
"processed_data/series_516_nodule_0/slice_2.png","1","test","LIDC-IDRI-0565","516","0"
"processed_data/series_516_nodule_1/slice_0.png","1","test","LIDC-IDRI-0565","516","1"
"processed_data/series_516_nodule_1/slice_1.png","1","test","LIDC-IDRI-0565","516","1"
"processed_data/series_516_nodule_1/slice_2.png","1","test","LIDC-IDRI-0565","516","1"
"processed_data/series_516_nodule_2/slice_0.png","2","test","LIDC-IDRI-0565","516","2"
"processed_data/series_516_nodule_2/slice_1.png","2","test","LIDC-IDRI-0565","516","2"
"processed_data/series_516_nodule_2/slice_2.png","2","test","LIDC-IDRI-0565","516","2"
"processed_data/series_516_nodule_2/slice_3.png","2","test","LIDC-IDRI-0565","516","2"
"processed_data/series_516_nodule_2/slice_4.png","2","test","LIDC-IDRI-0565","516","2"
"processed_data/series_516_nodule_2/slice_5.png","2","test","LIDC-IDRI-0565","516","2"
"processed_data/series_516_nodule_2/slice_6.png","2","test","LIDC-IDRI-0565","516","2"
"processed_data/series_516_nodule_2/slice_7.png","2","test","LIDC-IDRI-0565","516","2"
"processed_data/series_516_nodule_2/slice_8.png","2","test","LIDC-IDRI-0565","516","2"
"processed_data/series_516_nodule_3/slice_0.png","0","test","LIDC-IDRI-0565","516","3"
"processed_data/series_516_nodule_3/slice_1.png","0","test","LIDC-IDRI-0565","516","3"
"processed_data/series_516_nodule_4/slice_0.png","0","test","LIDC-IDRI-0565","516","4"
"processed_data/series_516_nodule_4/slice_1.png","0","test","LIDC-IDRI-0565","516","4"
"processed_data/series_516_nodule_4/slice_2.png","0","test","LIDC-IDRI-0565","516","4"
"processed_data/series_516_nodule_4/slice_3.png","0","test","LIDC-IDRI-0565","516","4"
"processed_data/series_516_nodule_5/slice_0.png","0","test","LIDC-IDRI-0565","516","5"
"processed_data/series_516_nodule_5/slice_1.png","0","test","LIDC-IDRI-0565","516","5"
"processed_data/series_516_nodule_5/slice_2.png","0","test","LIDC-IDRI-0565","516","5"
"processed_data/series_517_nodule_0/slice_0.png","0","train","LIDC-IDRI-0567","517","0"
"processed_data/series_517_nodule_0/slice_1.png","0","train","LIDC-IDRI-0567","517","0"
"processed_data/series_517_nodule_0/slice_2.png","0","train","LIDC-IDRI-0567","517","0"
"processed_data/series_518_nodule_0/slice_0.png","0","val","LIDC-IDRI-0568","518","0"
"processed_data/series_518_nodule_0/slice_1.png","0","val","LIDC-IDRI-0568","518","0"
"processed_data/series_518_nodule_0/slice_2.png","0","val","LIDC-IDRI-0568","518","0"
"processed_data/series_518_nodule_0/slice_3.png","0","val","LIDC-IDRI-0568","518","0"
"processed_data/series_518_nodule_1/slice_0.png","1","val","LIDC-IDRI-0568","518","1"
"processed_data/series_518_nodule_1/slice_1.png","1","val","LIDC-IDRI-0568","518","1"
"processed_data/series_518_nodule_1/slice_2.png","1","val","LIDC-IDRI-0568","518","1"
"processed_data/series_518_nodule_1/slice_3.png","1","val","LIDC-IDRI-0568","518","1"
"processed_data/series_518_nodule_2/slice_0.png","0","val","LIDC-IDRI-0568","518","2"
"processed_data/series_518_nodule_2/slice_1.png","0","val","LIDC-IDRI-0568","518","2"
"processed_data/series_518_nodule_2/slice_2.png","0","val","LIDC-IDRI-0568","518","2"
"processed_data/series_518_nodule_2/slice_3.png","0","val","LIDC-IDRI-0568","518","2"
"processed_data/series_518_nodule_2/slice_4.png","0","val","LIDC-IDRI-0568","518","2"
"processed_data/series_519_nodule_0/slice_0.png","1","val","LIDC-IDRI-0569","519","0"
"processed_data/series_519_nodule_0/slice_1.png","1","val","LIDC-IDRI-0569","519","0"
"processed_data/series_519_nodule_1/slice_0.png","0","val","LIDC-IDRI-0569","519","1"
"processed_data/series_519_nodule_1/slice_1.png","0","val","LIDC-IDRI-0569","519","1"
"processed_data/series_519_nodule_1/slice_2.png","0","val","LIDC-IDRI-0569","519","1"
"processed_data/series_519_nodule_2/slice_0.png","1","val","LIDC-IDRI-0569","519","2"
"processed_data/series_519_nodule_2/slice_1.png","1","val","LIDC-IDRI-0569","519","2"
"processed_data/series_519_nodule_2/slice_2.png","1","val","LIDC-IDRI-0569","519","2"
"processed_data/series_519_nodule_3/slice_0.png","0","val","LIDC-IDRI-0569","519","3"
"processed_data/series_519_nodule_3/slice_1.png","0","val","LIDC-IDRI-0569","519","3"
"processed_data/series_522_nodule_0/slice_0.png","0","test","LIDC-IDRI-0572","522","0"
"processed_data/series_522_nodule_0/slice_1.png","0","test","LIDC-IDRI-0572","522","0"
"processed_data/series_522_nodule_0/slice_10.png","0","test","LIDC-IDRI-0572","522","0"
"processed_data/series_522_nodule_0/slice_11.png","0","test","LIDC-IDRI-0572","522","0"
"processed_data/series_522_nodule_0/slice_2.png","0","test","LIDC-IDRI-0572","522","0"
"processed_data/series_522_nodule_0/slice_3.png","0","test","LIDC-IDRI-0572","522","0"
"processed_data/series_522_nodule_0/slice_4.png","0","test","LIDC-IDRI-0572","522","0"
"processed_data/series_522_nodule_0/slice_5.png","0","test","LIDC-IDRI-0572","522","0"
"processed_data/series_522_nodule_0/slice_6.png","0","test","LIDC-IDRI-0572","522","0"
"processed_data/series_522_nodule_0/slice_7.png","0","test","LIDC-IDRI-0572","522","0"
"processed_data/series_522_nodule_0/slice_8.png","0","test","LIDC-IDRI-0572","522","0"
"processed_data/series_522_nodule_0/slice_9.png","0","test","LIDC-IDRI-0572","522","0"
"processed_data/series_526_nodule_0/slice_0.png","1","train","LIDC-IDRI-0576","526","0"
"processed_data/series_526_nodule_0/slice_1.png","1","train","LIDC-IDRI-0576","526","0"
"processed_data/series_526_nodule_0/slice_10.png","1","train","LIDC-IDRI-0576","526","0"
"processed_data/series_526_nodule_0/slice_11.png","1","train","LIDC-IDRI-0576","526","0"
"processed_data/series_526_nodule_0/slice_2.png","1","train","LIDC-IDRI-0576","526","0"
"processed_data/series_526_nodule_0/slice_3.png","1","train","LIDC-IDRI-0576","526","0"
"processed_data/series_526_nodule_0/slice_4.png","1","train","LIDC-IDRI-0576","526","0"
"processed_data/series_526_nodule_0/slice_5.png","1","train","LIDC-IDRI-0576","526","0"
"processed_data/series_526_nodule_0/slice_6.png","1","train","LIDC-IDRI-0576","526","0"
"processed_data/series_526_nodule_0/slice_7.png","1","train","LIDC-IDRI-0576","526","0"
"processed_data/series_526_nodule_0/slice_8.png","1","train","LIDC-IDRI-0576","526","0"
"processed_data/series_526_nodule_0/slice_9.png","1","train","LIDC-IDRI-0576","526","0"
"processed_data/series_526_nodule_1/slice_0.png","1","train","LIDC-IDRI-0576","526","1"
"processed_data/series_526_nodule_1/slice_1.png","1","train","LIDC-IDRI-0576","526","1"
"processed_data/series_526_nodule_1/slice_2.png","1","train","LIDC-IDRI-0576","526","1"
"processed_data/series_526_nodule_1/slice_3.png","1","train","LIDC-IDRI-0576","526","1"
"processed_data/series_526_nodule_2/slice_0.png","2","train","LIDC-IDRI-0576","526","2"
"processed_data/series_526_nodule_2/slice_1.png","2","train","LIDC-IDRI-0576","526","2"
"processed_data/series_526_nodule_2/slice_10.png","2","train","LIDC-IDRI-0576","526","2"
"processed_data/series_526_nodule_2/slice_11.png","2","train","LIDC-IDRI-0576","526","2"
"processed_data/series_526_nodule_2/slice_2.png","2","train","LIDC-IDRI-0576","526","2"
"processed_data/series_526_nodule_2/slice_3.png","2","train","LIDC-IDRI-0576","526","2"
"processed_data/series_526_nodule_2/slice_4.png","2","train","LIDC-IDRI-0576","526","2"
"processed_data/series_526_nodule_2/slice_5.png","2","train","LIDC-IDRI-0576","526","2"
"processed_data/series_526_nodule_2/slice_6.png","2","train","LIDC-IDRI-0576","526","2"
"processed_data/series_526_nodule_2/slice_7.png","2","train","LIDC-IDRI-0576","526","2"
"processed_data/series_526_nodule_2/slice_8.png","2","train","LIDC-IDRI-0576","526","2"
"processed_data/series_526_nodule_2/slice_9.png","2","train","LIDC-IDRI-0576","526","2"
"processed_data/series_526_nodule_3/slice_0.png","0","train","LIDC-IDRI-0576","526","3"
"processed_data/series_526_nodule_3/slice_1.png","0","train","LIDC-IDRI-0576","526","3"
"processed_data/series_526_nodule_3/slice_2.png","0","train","LIDC-IDRI-0576","526","3"
"processed_data/series_527_nodule_0/slice_0.png","0","train","LIDC-IDRI-0577","527","0"
"processed_data/series_527_nodule_0/slice_1.png","0","train","LIDC-IDRI-0577","527","0"
"processed_data/series_527_nodule_0/slice_2.png","0","train","LIDC-IDRI-0577","527","0"
"processed_data/series_527_nodule_1/slice_0.png","1","train","LIDC-IDRI-0577","527","1"
"processed_data/series_527_nodule_1/slice_1.png","1","train","LIDC-IDRI-0577","527","1"
"processed_data/series_528_nodule_0/slice_0.png","1","val","LIDC-IDRI-0578","528","0"
"processed_data/series_528_nodule_0/slice_1.png","1","val","LIDC-IDRI-0578","528","0"
"processed_data/series_529_nodule_0/slice_0.png","1","val","LIDC-IDRI-0579","529","0"
"processed_data/series_529_nodule_0/slice_1.png","1","val","LIDC-IDRI-0579","529","0"
"processed_data/series_529_nodule_0/slice_2.png","1","val","LIDC-IDRI-0579","529","0"
"processed_data/series_529_nodule_0/slice_3.png","1","val","LIDC-IDRI-0579","529","0"
"processed_data/series_529_nodule_0/slice_4.png","1","val","LIDC-IDRI-0579","529","0"
"processed_data/series_529_nodule_0/slice_5.png","1","val","LIDC-IDRI-0579","529","0"
"processed_data/series_529_nodule_0/slice_6.png","1","val","LIDC-IDRI-0579","529","0"
"processed_data/series_530_nodule_0/slice_0.png","1","val","LIDC-IDRI-0580","530","0"
"processed_data/series_530_nodule_0/slice_1.png","1","val","LIDC-IDRI-0580","530","0"
"processed_data/series_530_nodule_0/slice_2.png","1","val","LIDC-IDRI-0580","530","0"
"processed_data/series_530_nodule_0/slice_3.png","1","val","LIDC-IDRI-0580","530","0"
"processed_data/series_530_nodule_0/slice_4.png","1","val","LIDC-IDRI-0580","530","0"
"processed_data/series_532_nodule_0/slice_0.png","0","val","LIDC-IDRI-0582","532","0"
"processed_data/series_532_nodule_0/slice_1.png","0","val","LIDC-IDRI-0582","532","0"
"processed_data/series_532_nodule_0/slice_2.png","0","val","LIDC-IDRI-0582","532","0"
"processed_data/series_532_nodule_0/slice_3.png","0","val","LIDC-IDRI-0582","532","0"
"processed_data/series_532_nodule_0/slice_4.png","0","val","LIDC-IDRI-0582","532","0"
"processed_data/series_532_nodule_0/slice_5.png","0","val","LIDC-IDRI-0582","532","0"
"processed_data/series_532_nodule_1/slice_0.png","1","val","LIDC-IDRI-0582","532","1"
"processed_data/series_532_nodule_1/slice_1.png","1","val","LIDC-IDRI-0582","532","1"
"processed_data/series_532_nodule_1/slice_2.png","1","val","LIDC-IDRI-0582","532","1"
"processed_data/series_532_nodule_1/slice_3.png","1","val","LIDC-IDRI-0582","532","1"
"processed_data/series_532_nodule_1/slice_4.png","1","val","LIDC-IDRI-0582","532","1"
"processed_data/series_532_nodule_1/slice_5.png","1","val","LIDC-IDRI-0582","532","1"
"processed_data/series_532_nodule_1/slice_6.png","1","val","LIDC-IDRI-0582","532","1"
"processed_data/series_532_nodule_2/slice_0.png","1","val","LIDC-IDRI-0582","532","2"
"processed_data/series_532_nodule_2/slice_1.png","1","val","LIDC-IDRI-0582","532","2"
"processed_data/series_532_nodule_2/slice_2.png","1","val","LIDC-IDRI-0582","532","2"
"processed_data/series_532_nodule_3/slice_0.png","1","val","LIDC-IDRI-0582","532","3"
"processed_data/series_532_nodule_3/slice_1.png","1","val","LIDC-IDRI-0582","532","3"
"processed_data/series_532_nodule_3/slice_2.png","1","val","LIDC-IDRI-0582","532","3"
"processed_data/series_532_nodule_3/slice_3.png","1","val","LIDC-IDRI-0582","532","3"
"processed_data/series_532_nodule_4/slice_0.png","1","val","LIDC-IDRI-0582","532","4"
"processed_data/series_532_nodule_4/slice_1.png","1","val","LIDC-IDRI-0582","532","4"
"processed_data/series_532_nodule_4/slice_2.png","1","val","LIDC-IDRI-0582","532","4"
"processed_data/series_532_nodule_4/slice_3.png","1","val","LIDC-IDRI-0582","532","4"
"processed_data/series_532_nodule_4/slice_4.png","1","val","LIDC-IDRI-0582","532","4"
"processed_data/series_532_nodule_4/slice_5.png","1","val","LIDC-IDRI-0582","532","4"
"processed_data/series_532_nodule_5/slice_0.png","0","val","LIDC-IDRI-0582","532","5"
"processed_data/series_532_nodule_5/slice_1.png","0","val","LIDC-IDRI-0582","532","5"
"processed_data/series_533_nodule_0/slice_0.png","0","train","LIDC-IDRI-0583","533","0"
"processed_data/series_533_nodule_0/slice_1.png","0","train","LIDC-IDRI-0583","533","0"
"processed_data/series_533_nodule_0/slice_2.png","0","train","LIDC-IDRI-0583","533","0"
"processed_data/series_533_nodule_0/slice_3.png","0","train","LIDC-IDRI-0583","533","0"
"processed_data/series_533_nodule_0/slice_4.png","0","train","LIDC-IDRI-0583","533","0"
"processed_data/series_533_nodule_0/slice_5.png","0","train","LIDC-IDRI-0583","533","0"
"processed_data/series_533_nodule_1/slice_0.png","1","train","LIDC-IDRI-0583","533","1"
"processed_data/series_533_nodule_1/slice_1.png","1","train","LIDC-IDRI-0583","533","1"
"processed_data/series_533_nodule_1/slice_2.png","1","train","LIDC-IDRI-0583","533","1"
"processed_data/series_533_nodule_1/slice_3.png","1","train","LIDC-IDRI-0583","533","1"
"processed_data/series_533_nodule_1/slice_4.png","1","train","LIDC-IDRI-0583","533","1"
"processed_data/series_533_nodule_1/slice_5.png","1","train","LIDC-IDRI-0583","533","1"
"processed_data/series_533_nodule_2/slice_0.png","1","train","LIDC-IDRI-0583","533","2"
"processed_data/series_533_nodule_2/slice_1.png","1","train","LIDC-IDRI-0583","533","2"
"processed_data/series_533_nodule_2/slice_2.png","1","train","LIDC-IDRI-0583","533","2"
"processed_data/series_533_nodule_2/slice_3.png","1","train","LIDC-IDRI-0583","533","2"
"processed_data/series_533_nodule_2/slice_4.png","1","train","LIDC-IDRI-0583","533","2"
"processed_data/series_533_nodule_2/slice_5.png","1","train","LIDC-IDRI-0583","533","2"
"processed_data/series_533_nodule_3/slice_0.png","1","train","LIDC-IDRI-0583","533","3"
"processed_data/series_533_nodule_3/slice_1.png","1","train","LIDC-IDRI-0583","533","3"
"processed_data/series_533_nodule_3/slice_2.png","1","train","LIDC-IDRI-0583","533","3"
"processed_data/series_533_nodule_3/slice_3.png","1","train","LIDC-IDRI-0583","533","3"
"processed_data/series_533_nodule_4/slice_0.png","0","train","LIDC-IDRI-0583","533","4"
"processed_data/series_533_nodule_4/slice_1.png","0","train","LIDC-IDRI-0583","533","4"
"processed_data/series_533_nodule_4/slice_2.png","0","train","LIDC-IDRI-0583","533","4"
"processed_data/series_533_nodule_5/slice_0.png","1","train","LIDC-IDRI-0583","533","5"
"processed_data/series_533_nodule_5/slice_1.png","1","train","LIDC-IDRI-0583","533","5"
"processed_data/series_533_nodule_5/slice_2.png","1","train","LIDC-IDRI-0583","533","5"
"processed_data/series_533_nodule_6/slice_0.png","1","train","LIDC-IDRI-0583","533","6"
"processed_data/series_533_nodule_6/slice_1.png","1","train","LIDC-IDRI-0583","533","6"
"processed_data/series_533_nodule_6/slice_2.png","1","train","LIDC-IDRI-0583","533","6"
"processed_data/series_533_nodule_6/slice_3.png","1","train","LIDC-IDRI-0583","533","6"
"processed_data/series_533_nodule_6/slice_4.png","1","train","LIDC-IDRI-0583","533","6"
"processed_data/series_533_nodule_7/slice_0.png","1","train","LIDC-IDRI-0583","533","7"
"processed_data/series_533_nodule_7/slice_1.png","1","train","LIDC-IDRI-0583","533","7"
"processed_data/series_533_nodule_7/slice_2.png","1","train","LIDC-IDRI-0583","533","7"
"processed_data/series_533_nodule_7/slice_3.png","1","train","LIDC-IDRI-0583","533","7"
"processed_data/series_533_nodule_7/slice_4.png","1","train","LIDC-IDRI-0583","533","7"
"processed_data/series_533_nodule_8/slice_0.png","1","train","LIDC-IDRI-0583","533","8"
"processed_data/series_533_nodule_8/slice_1.png","1","train","LIDC-IDRI-0583","533","8"
"processed_data/series_533_nodule_8/slice_2.png","1","train","LIDC-IDRI-0583","533","8"
"processed_data/series_533_nodule_8/slice_3.png","1","train","LIDC-IDRI-0583","533","8"
"processed_data/series_533_nodule_9/slice_0.png","1","train","LIDC-IDRI-0583","533","9"
"processed_data/series_533_nodule_9/slice_1.png","1","train","LIDC-IDRI-0583","533","9"
"processed_data/series_533_nodule_9/slice_2.png","1","train","LIDC-IDRI-0583","533","9"
"processed_data/series_533_nodule_9/slice_3.png","1","train","LIDC-IDRI-0583","533","9"
"processed_data/series_535_nodule_0/slice_0.png","1","test","LIDC-IDRI-0586","535","0"
"processed_data/series_535_nodule_0/slice_1.png","1","test","LIDC-IDRI-0586","535","0"
"processed_data/series_535_nodule_1/slice_0.png","1","test","LIDC-IDRI-0586","535","1"
"processed_data/series_535_nodule_1/slice_1.png","1","test","LIDC-IDRI-0586","535","1"
"processed_data/series_536_nodule_0/slice_0.png","1","train","LIDC-IDRI-0587","536","0"
"processed_data/series_536_nodule_0/slice_1.png","1","train","LIDC-IDRI-0587","536","0"
"processed_data/series_536_nodule_0/slice_2.png","1","train","LIDC-IDRI-0587","536","0"
"processed_data/series_536_nodule_0/slice_3.png","1","train","LIDC-IDRI-0587","536","0"
"processed_data/series_536_nodule_0/slice_4.png","1","train","LIDC-IDRI-0587","536","0"
"processed_data/series_539_nodule_0/slice_0.png","2","train","LIDC-IDRI-0590","539","0"
"processed_data/series_539_nodule_0/slice_1.png","2","train","LIDC-IDRI-0590","539","0"
"processed_data/series_539_nodule_0/slice_2.png","2","train","LIDC-IDRI-0590","539","0"
"processed_data/series_539_nodule_0/slice_3.png","2","train","LIDC-IDRI-0590","539","0"
"processed_data/series_539_nodule_0/slice_4.png","2","train","LIDC-IDRI-0590","539","0"
"processed_data/series_539_nodule_0/slice_5.png","2","train","LIDC-IDRI-0590","539","0"
"processed_data/series_539_nodule_0/slice_6.png","2","train","LIDC-IDRI-0590","539","0"
"processed_data/series_539_nodule_0/slice_7.png","2","train","LIDC-IDRI-0590","539","0"
"processed_data/series_539_nodule_0/slice_8.png","2","train","LIDC-IDRI-0590","539","0"
"processed_data/series_539_nodule_0/slice_9.png","2","train","LIDC-IDRI-0590","539","0"
"processed_data/series_540_nodule_0/slice_0.png","1","train","LIDC-IDRI-0591","540","0"
"processed_data/series_540_nodule_0/slice_1.png","1","train","LIDC-IDRI-0591","540","0"
"processed_data/series_540_nodule_0/slice_2.png","1","train","LIDC-IDRI-0591","540","0"
"processed_data/series_541_nodule_0/slice_0.png","1","train","LIDC-IDRI-0592","541","0"
"processed_data/series_541_nodule_0/slice_1.png","1","train","LIDC-IDRI-0592","541","0"
"processed_data/series_541_nodule_0/slice_2.png","1","train","LIDC-IDRI-0592","541","0"
"processed_data/series_541_nodule_0/slice_3.png","1","train","LIDC-IDRI-0592","541","0"
"processed_data/series_544_nodule_0/slice_0.png","1","val","LIDC-IDRI-0595","544","0"
"processed_data/series_544_nodule_0/slice_1.png","1","val","LIDC-IDRI-0595","544","0"
"processed_data/series_544_nodule_0/slice_2.png","1","val","LIDC-IDRI-0595","544","0"
"processed_data/series_544_nodule_0/slice_3.png","1","val","LIDC-IDRI-0595","544","0"
"processed_data/series_544_nodule_0/slice_4.png","1","val","LIDC-IDRI-0595","544","0"
"processed_data/series_544_nodule_0/slice_5.png","1","val","LIDC-IDRI-0595","544","0"
"processed_data/series_544_nodule_0/slice_6.png","1","val","LIDC-IDRI-0595","544","0"
"processed_data/series_544_nodule_0/slice_7.png","1","val","LIDC-IDRI-0595","544","0"
"processed_data/series_545_nodule_0/slice_0.png","1","train","LIDC-IDRI-0596","545","0"
"processed_data/series_545_nodule_0/slice_1.png","1","train","LIDC-IDRI-0596","545","0"
"processed_data/series_545_nodule_0/slice_2.png","1","train","LIDC-IDRI-0596","545","0"
"processed_data/series_545_nodule_0/slice_3.png","1","train","LIDC-IDRI-0596","545","0"
"processed_data/series_545_nodule_0/slice_4.png","1","train","LIDC-IDRI-0596","545","0"
"processed_data/series_545_nodule_0/slice_5.png","1","train","LIDC-IDRI-0596","545","0"
"processed_data/series_545_nodule_1/slice_0.png","1","train","LIDC-IDRI-0596","545","1"
"processed_data/series_545_nodule_1/slice_1.png","1","train","LIDC-IDRI-0596","545","1"
"processed_data/series_545_nodule_1/slice_2.png","1","train","LIDC-IDRI-0596","545","1"
"processed_data/series_545_nodule_1/slice_3.png","1","train","LIDC-IDRI-0596","545","1"
"processed_data/series_545_nodule_1/slice_4.png","1","train","LIDC-IDRI-0596","545","1"
"processed_data/series_546_nodule_0/slice_0.png","1","train","LIDC-IDRI-0597","546","0"
"processed_data/series_546_nodule_0/slice_1.png","1","train","LIDC-IDRI-0597","546","0"
"processed_data/series_546_nodule_0/slice_2.png","1","train","LIDC-IDRI-0597","546","0"
"processed_data/series_546_nodule_0/slice_3.png","1","train","LIDC-IDRI-0597","546","0"
"processed_data/series_547_nodule_0/slice_0.png","1","train","LIDC-IDRI-0598","547","0"
"processed_data/series_547_nodule_0/slice_1.png","1","train","LIDC-IDRI-0598","547","0"
"processed_data/series_547_nodule_0/slice_2.png","1","train","LIDC-IDRI-0598","547","0"
