"image_path","label","split","patient_id","series_id","nodule_id"
"processed_data/series_0_nodule_0/slice_2.png","1","val","LIDC-IDRI-0001","0","0"
"processed_data/series_0_nodule_0/slice_3.png","1","val","LIDC-IDRI-0001","0","0"
"processed_data/series_0_nodule_0/slice_4.png","1","val","LIDC-IDRI-0001","0","0"
"processed_data/series_0_nodule_0/slice_5.png","1","val","LIDC-IDRI-0001","0","0"
"processed_data/series_2_nodule_0/slice_1.png","1","train","LIDC-IDRI-0003","2","0"
"processed_data/series_2_nodule_0/slice_2.png","1","train","LIDC-IDRI-0003","2","0"
"processed_data/series_2_nodule_0/slice_3.png","1","train","LIDC-IDRI-0003","2","0"
"processed_data/series_2_nodule_0/slice_4.png","1","train","LIDC-IDRI-0003","2","0"
"processed_data/series_2_nodule_0/slice_5.png","1","train","LIDC-IDRI-0003","2","0"
"processed_data/series_2_nodule_2/slice_1.png","1","train","LIDC-IDRI-0003","2","2"
"processed_data/series_2_nodule_2/slice_2.png","1","train","LIDC-IDRI-0003","2","2"
"processed_data/series_2_nodule_2/slice_3.png","1","train","LIDC-IDRI-0003","2","2"
"processed_data/series_3_nodule_0/slice_1.png","0","train","LIDC-IDRI-0004","3","0"
"processed_data/series_3_nodule_0/slice_2.png","0","train","LIDC-IDRI-0004","3","0"
"processed_data/series_10_nodule_1/slice_0.png","0","val","LIDC-IDRI-0011","10","1"
"processed_data/series_10_nodule_1/slice_1.png","0","val","LIDC-IDRI-0011","10","1"
"processed_data/series_10_nodule_2/slice_0.png","0","val","LIDC-IDRI-0011","10","2"
"processed_data/series_10_nodule_2/slice_1.png","0","val","LIDC-IDRI-0011","10","2"
"processed_data/series_10_nodule_2/slice_2.png","0","val","LIDC-IDRI-0011","10","2"
"processed_data/series_10_nodule_3/slice_0.png","0","val","LIDC-IDRI-0011","10","3"
"processed_data/series_10_nodule_3/slice_1.png","0","val","LIDC-IDRI-0011","10","3"
"processed_data/series_10_nodule_3/slice_2.png","0","val","LIDC-IDRI-0011","10","3"
"processed_data/series_11_nodule_4/slice_1.png","0","train","LIDC-IDRI-0012","11","4"
"processed_data/series_11_nodule_4/slice_2.png","0","train","LIDC-IDRI-0012","11","4"
"processed_data/series_12_nodule_1/slice_2.png","1","test","LIDC-IDRI-0013","12","1"
"processed_data/series_12_nodule_1/slice_3.png","1","test","LIDC-IDRI-0013","12","1"
"processed_data/series_12_nodule_1/slice_4.png","1","test","LIDC-IDRI-0013","12","1"
"processed_data/series_12_nodule_1/slice_5.png","1","test","LIDC-IDRI-0013","12","1"
"processed_data/series_12_nodule_1/slice_6.png","1","test","LIDC-IDRI-0013","12","1"
"processed_data/series_13_nodule_0/slice_1.png","1","train","LIDC-IDRI-0014","13","0"
"processed_data/series_13_nodule_0/slice_2.png","1","train","LIDC-IDRI-0014","13","0"
"processed_data/series_13_nodule_0/slice_3.png","1","train","LIDC-IDRI-0014","13","0"
"processed_data/series_15_nodule_0/slice_1.png","1","train","LIDC-IDRI-0016","15","0"
"processed_data/series_15_nodule_0/slice_2.png","1","train","LIDC-IDRI-0016","15","0"
"processed_data/series_15_nodule_0/slice_3.png","1","train","LIDC-IDRI-0016","15","0"
"processed_data/series_15_nodule_4/slice_1.png","1","train","LIDC-IDRI-0016","15","4"
"processed_data/series_15_nodule_4/slice_2.png","1","train","LIDC-IDRI-0016","15","4"
"processed_data/series_15_nodule_4/slice_3.png","1","train","LIDC-IDRI-0016","15","4"
"processed_data/series_15_nodule_4/slice_4.png","1","train","LIDC-IDRI-0016","15","4"
"processed_data/series_17_nodule_3/slice_1.png","1","train","LIDC-IDRI-0018","17","3"
"processed_data/series_17_nodule_3/slice_2.png","1","train","LIDC-IDRI-0018","17","3"
"processed_data/series_17_nodule_3/slice_3.png","1","train","LIDC-IDRI-0018","17","3"
"processed_data/series_17_nodule_3/slice_4.png","1","train","LIDC-IDRI-0018","17","3"
"processed_data/series_20_nodule_0/slice_1.png","0","val","LIDC-IDRI-0021","20","0"
"processed_data/series_20_nodule_0/slice_2.png","0","val","LIDC-IDRI-0021","20","0"
"processed_data/series_20_nodule_0/slice_3.png","0","val","LIDC-IDRI-0021","20","0"
"processed_data/series_23_nodule_3/slice_0.png","0","val","LIDC-IDRI-0024","23","3"
"processed_data/series_23_nodule_3/slice_1.png","0","val","LIDC-IDRI-0024","23","3"
"processed_data/series_25_nodule_0/slice_0.png","0","test","LIDC-IDRI-0026","25","0"
"processed_data/series_25_nodule_0/slice_1.png","0","test","LIDC-IDRI-0026","25","0"
"processed_data/series_30_nodule_0/slice_0.png","1","train","LIDC-IDRI-0031","30","0"
"processed_data/series_30_nodule_0/slice_1.png","1","train","LIDC-IDRI-0031","30","0"
"processed_data/series_30_nodule_0/slice_2.png","1","train","LIDC-IDRI-0031","30","0"
"processed_data/series_30_nodule_1/slice_2.png","1","train","LIDC-IDRI-0031","30","1"
"processed_data/series_30_nodule_1/slice_3.png","1","train","LIDC-IDRI-0031","30","1"
"processed_data/series_30_nodule_1/slice_4.png","1","train","LIDC-IDRI-0031","30","1"
"processed_data/series_30_nodule_1/slice_5.png","1","train","LIDC-IDRI-0031","30","1"
"processed_data/series_33_nodule_0/slice_1.png","0","val","LIDC-IDRI-0034","33","0"
"processed_data/series_33_nodule_0/slice_2.png","0","val","LIDC-IDRI-0034","33","0"
"processed_data/series_36_nodule_0/slice_1.png","1","val","LIDC-IDRI-0037","36","0"
"processed_data/series_36_nodule_0/slice_2.png","1","val","LIDC-IDRI-0037","36","0"
"processed_data/series_36_nodule_0/slice_3.png","1","val","LIDC-IDRI-0037","36","0"
"processed_data/series_36_nodule_0/slice_4.png","1","val","LIDC-IDRI-0037","36","0"
"processed_data/series_38_nodule_0/slice_1.png","0","test","LIDC-IDRI-0039","38","0"
"processed_data/series_38_nodule_0/slice_2.png","0","test","LIDC-IDRI-0039","38","0"
"processed_data/series_38_nodule_0/slice_3.png","0","test","LIDC-IDRI-0039","38","0"
"processed_data/series_38_nodule_1/slice_0.png","0","test","LIDC-IDRI-0039","38","1"
"processed_data/series_38_nodule_1/slice_1.png","0","test","LIDC-IDRI-0039","38","1"
"processed_data/series_38_nodule_1/slice_2.png","0","test","LIDC-IDRI-0039","38","1"
"processed_data/series_38_nodule_3/slice_0.png","0","test","LIDC-IDRI-0039","38","3"
"processed_data/series_38_nodule_3/slice_1.png","0","test","LIDC-IDRI-0039","38","3"
"processed_data/series_38_nodule_3/slice_2.png","0","test","LIDC-IDRI-0039","38","3"
"processed_data/series_38_nodule_4/slice_0.png","0","test","LIDC-IDRI-0039","38","4"
"processed_data/series_38_nodule_4/slice_1.png","0","test","LIDC-IDRI-0039","38","4"
"processed_data/series_38_nodule_4/slice_2.png","0","test","LIDC-IDRI-0039","38","4"
"processed_data/series_40_nodule_0/slice_1.png","1","train","LIDC-IDRI-0041","40","0"
"processed_data/series_40_nodule_0/slice_2.png","1","train","LIDC-IDRI-0041","40","0"
"processed_data/series_40_nodule_0/slice_3.png","1","train","LIDC-IDRI-0041","40","0"
"processed_data/series_40_nodule_0/slice_4.png","1","train","LIDC-IDRI-0041","40","0"
"processed_data/series_40_nodule_1/slice_0.png","0","train","LIDC-IDRI-0041","40","1"
"processed_data/series_40_nodule_1/slice_1.png","0","train","LIDC-IDRI-0041","40","1"
"processed_data/series_40_nodule_1/slice_2.png","0","train","LIDC-IDRI-0041","40","1"
"processed_data/series_42_nodule_1/slice_1.png","1","train","LIDC-IDRI-0043","42","1"
"processed_data/series_42_nodule_1/slice_2.png","1","train","LIDC-IDRI-0043","42","1"
"processed_data/series_42_nodule_1/slice_3.png","1","train","LIDC-IDRI-0043","42","1"
"processed_data/series_42_nodule_1/slice_4.png","1","train","LIDC-IDRI-0043","42","1"
"processed_data/series_42_nodule_2/slice_1.png","1","train","LIDC-IDRI-0043","42","2"
"processed_data/series_42_nodule_2/slice_2.png","1","train","LIDC-IDRI-0043","42","2"
"processed_data/series_42_nodule_2/slice_3.png","1","train","LIDC-IDRI-0043","42","2"
"processed_data/series_42_nodule_2/slice_4.png","1","train","LIDC-IDRI-0043","42","2"
"processed_data/series_42_nodule_2/slice_5.png","1","train","LIDC-IDRI-0043","42","2"
"processed_data/series_43_nodule_0/slice_10.png","1","val","LIDC-IDRI-0044","43","0"
"processed_data/series_43_nodule_0/slice_2.png","1","val","LIDC-IDRI-0044","43","0"
"processed_data/series_43_nodule_0/slice_3.png","1","val","LIDC-IDRI-0044","43","0"
"processed_data/series_43_nodule_0/slice_4.png","1","val","LIDC-IDRI-0044","43","0"
"processed_data/series_43_nodule_0/slice_5.png","1","val","LIDC-IDRI-0044","43","0"
"processed_data/series_43_nodule_0/slice_6.png","1","val","LIDC-IDRI-0044","43","0"
"processed_data/series_43_nodule_0/slice_7.png","1","val","LIDC-IDRI-0044","43","0"
"processed_data/series_43_nodule_1/slice_1.png","0","val","LIDC-IDRI-0044","43","1"
"processed_data/series_43_nodule_1/slice_2.png","0","val","LIDC-IDRI-0044","43","1"
"processed_data/series_43_nodule_1/slice_3.png","0","val","LIDC-IDRI-0044","43","1"
"processed_data/series_44_nodule_1/slice_0.png","1","test","LIDC-IDRI-0045","44","1"
"processed_data/series_44_nodule_1/slice_1.png","1","test","LIDC-IDRI-0045","44","1"
"processed_data/series_44_nodule_1/slice_2.png","1","test","LIDC-IDRI-0045","44","1"
"processed_data/series_44_nodule_3/slice_0.png","0","test","LIDC-IDRI-0045","44","3"
"processed_data/series_44_nodule_3/slice_1.png","0","test","LIDC-IDRI-0045","44","3"
"processed_data/series_44_nodule_3/slice_2.png","0","test","LIDC-IDRI-0045","44","3"
"processed_data/series_44_nodule_4/slice_1.png","1","test","LIDC-IDRI-0045","44","4"
"processed_data/series_44_nodule_4/slice_2.png","1","test","LIDC-IDRI-0045","44","4"
"processed_data/series_44_nodule_4/slice_3.png","1","test","LIDC-IDRI-0045","44","4"
"processed_data/series_44_nodule_4/slice_4.png","1","test","LIDC-IDRI-0045","44","4"
"processed_data/series_44_nodule_4/slice_5.png","1","test","LIDC-IDRI-0045","44","4"
"processed_data/series_44_nodule_5/slice_1.png","0","test","LIDC-IDRI-0045","44","5"
"processed_data/series_44_nodule_5/slice_2.png","0","test","LIDC-IDRI-0045","44","5"
"processed_data/series_44_nodule_5/slice_3.png","0","test","LIDC-IDRI-0045","44","5"
"processed_data/series_46_nodule_0/slice_1.png","1","test","LIDC-IDRI-0047","46","0"
"processed_data/series_46_nodule_0/slice_2.png","1","test","LIDC-IDRI-0047","46","0"
"processed_data/series_48_nodule_0/slice_0.png","0","train","LIDC-IDRI-0049","48","0"
"processed_data/series_48_nodule_0/slice_1.png","0","train","LIDC-IDRI-0049","48","0"
"processed_data/series_48_nodule_4/slice_0.png","0","train","LIDC-IDRI-0049","48","4"
"processed_data/series_48_nodule_4/slice_1.png","0","train","LIDC-IDRI-0049","48","4"
"processed_data/series_48_nodule_6/slice_0.png","0","train","LIDC-IDRI-0049","48","6"
"processed_data/series_48_nodule_6/slice_1.png","0","train","LIDC-IDRI-0049","48","6"
"processed_data/series_48_nodule_7/slice_0.png","0","train","LIDC-IDRI-0049","48","7"
"processed_data/series_48_nodule_7/slice_1.png","0","train","LIDC-IDRI-0049","48","7"
"processed_data/series_48_nodule_7/slice_2.png","0","train","LIDC-IDRI-0049","48","7"
"processed_data/series_49_nodule_0/slice_2.png","1","train","LIDC-IDRI-0050","49","0"
"processed_data/series_49_nodule_0/slice_3.png","1","train","LIDC-IDRI-0050","49","0"
"processed_data/series_49_nodule_0/slice_4.png","1","train","LIDC-IDRI-0050","49","0"
"processed_data/series_49_nodule_0/slice_5.png","1","train","LIDC-IDRI-0050","49","0"
"processed_data/series_49_nodule_0/slice_6.png","1","train","LIDC-IDRI-0050","49","0"
"processed_data/series_50_nodule_0/slice_1.png","1","train","LIDC-IDRI-0051","50","0"
"processed_data/series_50_nodule_0/slice_2.png","1","train","LIDC-IDRI-0051","50","0"
"processed_data/series_50_nodule_0/slice_3.png","1","train","LIDC-IDRI-0051","50","0"
"processed_data/series_52_nodule_0/slice_2.png","1","test","LIDC-IDRI-0053","52","0"
"processed_data/series_52_nodule_0/slice_3.png","1","test","LIDC-IDRI-0053","52","0"
"processed_data/series_52_nodule_0/slice_4.png","1","test","LIDC-IDRI-0053","52","0"
"processed_data/series_52_nodule_0/slice_5.png","1","test","LIDC-IDRI-0053","52","0"
"processed_data/series_52_nodule_0/slice_6.png","1","test","LIDC-IDRI-0053","52","0"
"processed_data/series_53_nodule_0/slice_1.png","1","train","LIDC-IDRI-0054","53","0"
"processed_data/series_53_nodule_0/slice_2.png","1","train","LIDC-IDRI-0054","53","0"
"processed_data/series_53_nodule_0/slice_3.png","1","train","LIDC-IDRI-0054","53","0"
"processed_data/series_53_nodule_0/slice_4.png","1","train","LIDC-IDRI-0054","53","0"
"processed_data/series_54_nodule_2/slice_1.png","1","train","LIDC-IDRI-0055","54","2"
"processed_data/series_54_nodule_2/slice_2.png","1","train","LIDC-IDRI-0055","54","2"
"processed_data/series_56_nodule_0/slice_13.png","1","train","LIDC-IDRI-0057","56","0"
"processed_data/series_56_nodule_0/slice_14.png","1","train","LIDC-IDRI-0057","56","0"
"processed_data/series_56_nodule_0/slice_15.png","1","train","LIDC-IDRI-0057","56","0"
"processed_data/series_56_nodule_0/slice_16.png","1","train","LIDC-IDRI-0057","56","0"
"processed_data/series_56_nodule_0/slice_17.png","1","train","LIDC-IDRI-0057","56","0"
"processed_data/series_56_nodule_0/slice_18.png","1","train","LIDC-IDRI-0057","56","0"
"processed_data/series_56_nodule_0/slice_19.png","1","train","LIDC-IDRI-0057","56","0"
"processed_data/series_56_nodule_0/slice_2.png","1","train","LIDC-IDRI-0057","56","0"
"processed_data/series_56_nodule_0/slice_20.png","1","train","LIDC-IDRI-0057","56","0"
"processed_data/series_56_nodule_0/slice_21.png","1","train","LIDC-IDRI-0057","56","0"
"processed_data/series_56_nodule_0/slice_3.png","1","train","LIDC-IDRI-0057","56","0"
"processed_data/series_56_nodule_0/slice_4.png","1","train","LIDC-IDRI-0057","56","0"
"processed_data/series_58_nodule_0/slice_1.png","1","test","LIDC-IDRI-0059","58","0"
"processed_data/series_58_nodule_0/slice_2.png","1","test","LIDC-IDRI-0059","58","0"
"processed_data/series_59_nodule_0/slice_1.png","1","test","LIDC-IDRI-0060","59","0"
"processed_data/series_59_nodule_0/slice_2.png","1","test","LIDC-IDRI-0060","59","0"
"processed_data/series_59_nodule_0/slice_3.png","1","test","LIDC-IDRI-0060","59","0"
"processed_data/series_60_nodule_0/slice_1.png","1","train","LIDC-IDRI-0061","60","0"
"processed_data/series_60_nodule_0/slice_2.png","1","train","LIDC-IDRI-0061","60","0"
"processed_data/series_60_nodule_0/slice_3.png","1","train","LIDC-IDRI-0061","60","0"
"processed_data/series_62_nodule_1/slice_1.png","1","train","LIDC-IDRI-0063","62","1"
"processed_data/series_62_nodule_1/slice_2.png","1","train","LIDC-IDRI-0063","62","1"
"processed_data/series_62_nodule_1/slice_3.png","1","train","LIDC-IDRI-0063","62","1"
"processed_data/series_62_nodule_1/slice_4.png","1","train","LIDC-IDRI-0063","62","1"
"processed_data/series_63_nodule_1/slice_2.png","1","train","LIDC-IDRI-0064","63","1"
"processed_data/series_63_nodule_1/slice_3.png","1","train","LIDC-IDRI-0064","63","1"
"processed_data/series_63_nodule_1/slice_4.png","1","train","LIDC-IDRI-0064","63","1"
"processed_data/series_63_nodule_1/slice_5.png","1","train","LIDC-IDRI-0064","63","1"
"processed_data/series_63_nodule_1/slice_6.png","1","train","LIDC-IDRI-0064","63","1"
"processed_data/series_66_nodule_2/slice_0.png","0","train","LIDC-IDRI-0067","66","2"
"processed_data/series_66_nodule_2/slice_1.png","0","train","LIDC-IDRI-0067","66","2"
"processed_data/series_66_nodule_2/slice_2.png","0","train","LIDC-IDRI-0067","66","2"
"processed_data/series_66_nodule_3/slice_2.png","1","train","LIDC-IDRI-0067","66","3"
"processed_data/series_66_nodule_3/slice_3.png","1","train","LIDC-IDRI-0067","66","3"
"processed_data/series_66_nodule_3/slice_4.png","1","train","LIDC-IDRI-0067","66","3"
"processed_data/series_66_nodule_3/slice_5.png","1","train","LIDC-IDRI-0067","66","3"
"processed_data/series_66_nodule_3/slice_6.png","1","train","LIDC-IDRI-0067","66","3"
"processed_data/series_67_nodule_2/slice_2.png","1","train","LIDC-IDRI-0068","67","2"
"processed_data/series_67_nodule_2/slice_3.png","1","train","LIDC-IDRI-0068","67","2"
"processed_data/series_67_nodule_2/slice_4.png","1","train","LIDC-IDRI-0068","67","2"
"processed_data/series_67_nodule_2/slice_5.png","1","train","LIDC-IDRI-0068","67","2"
"processed_data/series_67_nodule_4/slice_1.png","1","train","LIDC-IDRI-0068","67","4"
"processed_data/series_67_nodule_4/slice_2.png","1","train","LIDC-IDRI-0068","67","4"
"processed_data/series_67_nodule_4/slice_3.png","1","train","LIDC-IDRI-0068","67","4"
"processed_data/series_67_nodule_4/slice_4.png","1","train","LIDC-IDRI-0068","67","4"
"processed_data/series_67_nodule_5/slice_1.png","1","train","LIDC-IDRI-0068","67","5"
"processed_data/series_67_nodule_5/slice_2.png","1","train","LIDC-IDRI-0068","67","5"
"processed_data/series_67_nodule_5/slice_3.png","1","train","LIDC-IDRI-0068","67","5"
"processed_data/series_67_nodule_5/slice_4.png","1","train","LIDC-IDRI-0068","67","5"
"processed_data/series_67_nodule_5/slice_5.png","1","train","LIDC-IDRI-0068","67","5"
"processed_data/series_68_nodule_2/slice_0.png","0","train","LIDC-IDRI-0070","68","2"
"processed_data/series_75_nodule_0/slice_2.png","1","train","LIDC-IDRI-0077","75","0"
"processed_data/series_75_nodule_0/slice_3.png","1","train","LIDC-IDRI-0077","75","0"
"processed_data/series_75_nodule_0/slice_4.png","1","train","LIDC-IDRI-0077","75","0"
"processed_data/series_75_nodule_0/slice_5.png","1","train","LIDC-IDRI-0077","75","0"
"processed_data/series_75_nodule_0/slice_6.png","1","train","LIDC-IDRI-0077","75","0"
"processed_data/series_75_nodule_0/slice_7.png","1","train","LIDC-IDRI-0077","75","0"
"processed_data/series_76_nodule_0/slice_12.png","1","test","LIDC-IDRI-0080","76","0"
"processed_data/series_76_nodule_0/slice_13.png","1","test","LIDC-IDRI-0080","76","0"
"processed_data/series_76_nodule_0/slice_14.png","1","test","LIDC-IDRI-0080","76","0"
"processed_data/series_76_nodule_0/slice_15.png","1","test","LIDC-IDRI-0080","76","0"
"processed_data/series_76_nodule_0/slice_2.png","1","test","LIDC-IDRI-0080","76","0"
"processed_data/series_76_nodule_0/slice_3.png","1","test","LIDC-IDRI-0080","76","0"
"processed_data/series_76_nodule_0/slice_4.png","1","test","LIDC-IDRI-0080","76","0"
"processed_data/series_76_nodule_0/slice_5.png","1","test","LIDC-IDRI-0080","76","0"
"processed_data/series_80_nodule_0/slice_0.png","0","test","LIDC-IDRI-0085","80","0"
"processed_data/series_80_nodule_0/slice_1.png","0","test","LIDC-IDRI-0085","80","0"
"processed_data/series_82_nodule_0/slice_2.png","1","train","LIDC-IDRI-0087","82","0"
"processed_data/series_82_nodule_0/slice_3.png","1","train","LIDC-IDRI-0087","82","0"
"processed_data/series_82_nodule_0/slice_4.png","1","train","LIDC-IDRI-0087","82","0"
"processed_data/series_82_nodule_0/slice_5.png","1","train","LIDC-IDRI-0087","82","0"
"processed_data/series_83_nodule_1/slice_1.png","0","train","LIDC-IDRI-0088","83","1"
"processed_data/series_83_nodule_1/slice_2.png","0","train","LIDC-IDRI-0088","83","1"
"processed_data/series_84_nodule_0/slice_2.png","1","val","LIDC-IDRI-0089","84","0"
"processed_data/series_84_nodule_0/slice_3.png","1","val","LIDC-IDRI-0089","84","0"
"processed_data/series_84_nodule_0/slice_4.png","1","val","LIDC-IDRI-0089","84","0"
"processed_data/series_84_nodule_0/slice_5.png","1","val","LIDC-IDRI-0089","84","0"
"processed_data/series_84_nodule_0/slice_6.png","1","val","LIDC-IDRI-0089","84","0"
"processed_data/series_84_nodule_0/slice_7.png","1","val","LIDC-IDRI-0089","84","0"
"processed_data/series_87_nodule_0/slice_0.png","0","train","LIDC-IDRI-0092","87","0"
"processed_data/series_87_nodule_0/slice_1.png","0","train","LIDC-IDRI-0092","87","0"
"processed_data/series_87_nodule_0/slice_2.png","0","train","LIDC-IDRI-0092","87","0"
"processed_data/series_90_nodule_1/slice_2.png","1","train","LIDC-IDRI-0095","90","1"
"processed_data/series_90_nodule_1/slice_3.png","1","train","LIDC-IDRI-0095","90","1"
"processed_data/series_90_nodule_1/slice_4.png","1","train","LIDC-IDRI-0095","90","1"
"processed_data/series_90_nodule_1/slice_5.png","1","train","LIDC-IDRI-0095","90","1"
"processed_data/series_93_nodule_0/slice_1.png","0","train","LIDC-IDRI-0099","93","0"
"processed_data/series_93_nodule_0/slice_2.png","0","train","LIDC-IDRI-0099","93","0"
"processed_data/series_93_nodule_0/slice_3.png","0","train","LIDC-IDRI-0099","93","0"
"processed_data/series_99_nodule_0/slice_1.png","1","train","LIDC-IDRI-0108","99","0"
"processed_data/series_99_nodule_0/slice_2.png","1","train","LIDC-IDRI-0108","99","0"
"processed_data/series_99_nodule_0/slice_3.png","1","train","LIDC-IDRI-0108","99","0"
"processed_data/series_99_nodule_0/slice_4.png","1","train","LIDC-IDRI-0108","99","0"
"processed_data/series_99_nodule_0/slice_5.png","1","train","LIDC-IDRI-0108","99","0"
"processed_data/series_102_nodule_1/slice_1.png","1","test","LIDC-IDRI-0111","102","1"
"processed_data/series_102_nodule_1/slice_2.png","1","test","LIDC-IDRI-0111","102","1"
"processed_data/series_102_nodule_1/slice_3.png","1","test","LIDC-IDRI-0111","102","1"
"processed_data/series_102_nodule_1/slice_4.png","1","test","LIDC-IDRI-0111","102","1"
"processed_data/series_102_nodule_1/slice_5.png","1","test","LIDC-IDRI-0111","102","1"
"processed_data/series_105_nodule_0/slice_1.png","1","train","LIDC-IDRI-0114","105","0"
"processed_data/series_105_nodule_0/slice_2.png","1","train","LIDC-IDRI-0114","105","0"
"processed_data/series_105_nodule_0/slice_3.png","1","train","LIDC-IDRI-0114","105","0"
"processed_data/series_105_nodule_0/slice_4.png","1","train","LIDC-IDRI-0114","105","0"
"processed_data/series_106_nodule_0/slice_1.png","1","train","LIDC-IDRI-0116","106","0"
"processed_data/series_106_nodule_0/slice_2.png","1","train","LIDC-IDRI-0116","106","0"
"processed_data/series_106_nodule_0/slice_3.png","1","train","LIDC-IDRI-0116","106","0"
"processed_data/series_106_nodule_0/slice_4.png","1","train","LIDC-IDRI-0116","106","0"
"processed_data/series_106_nodule_0/slice_5.png","1","train","LIDC-IDRI-0116","106","0"
"processed_data/series_107_nodule_0/slice_1.png","0","train","LIDC-IDRI-0118","107","0"
"processed_data/series_107_nodule_0/slice_2.png","0","train","LIDC-IDRI-0118","107","0"
"processed_data/series_107_nodule_1/slice_1.png","0","train","LIDC-IDRI-0118","107","1"
"processed_data/series_107_nodule_1/slice_2.png","0","train","LIDC-IDRI-0118","107","1"
"processed_data/series_107_nodule_2/slice_1.png","0","train","LIDC-IDRI-0118","107","2"
"processed_data/series_107_nodule_2/slice_2.png","0","train","LIDC-IDRI-0118","107","2"
"processed_data/series_108_nodule_0/slice_11.png","1","train","LIDC-IDRI-0121","108","0"
"processed_data/series_108_nodule_0/slice_2.png","1","train","LIDC-IDRI-0121","108","0"
"processed_data/series_108_nodule_0/slice_3.png","1","train","LIDC-IDRI-0121","108","0"
"processed_data/series_108_nodule_0/slice_4.png","1","train","LIDC-IDRI-0121","108","0"
"processed_data/series_108_nodule_0/slice_5.png","1","train","LIDC-IDRI-0121","108","0"
"processed_data/series_108_nodule_0/slice_6.png","1","train","LIDC-IDRI-0121","108","0"
"processed_data/series_111_nodule_5/slice_0.png","0","train","LIDC-IDRI-0124","111","5"
"processed_data/series_111_nodule_5/slice_1.png","0","train","LIDC-IDRI-0124","111","5"
"processed_data/series_112_nodule_1/slice_0.png","0","train","LIDC-IDRI-0125","112","1"
"processed_data/series_112_nodule_1/slice_1.png","0","train","LIDC-IDRI-0125","112","1"
"processed_data/series_112_nodule_1/slice_2.png","0","train","LIDC-IDRI-0125","112","1"
"processed_data/series_115_nodule_8/slice_2.png","1","train","LIDC-IDRI-0129","115","8"
"processed_data/series_115_nodule_8/slice_3.png","1","train","LIDC-IDRI-0129","115","8"
"processed_data/series_115_nodule_8/slice_4.png","1","train","LIDC-IDRI-0129","115","8"
"processed_data/series_115_nodule_8/slice_5.png","1","train","LIDC-IDRI-0129","115","8"
"processed_data/series_115_nodule_8/slice_6.png","1","train","LIDC-IDRI-0129","115","8"
"processed_data/series_115_nodule_11/slice_2.png","1","train","LIDC-IDRI-0129","115","11"
"processed_data/series_115_nodule_11/slice_3.png","1","train","LIDC-IDRI-0129","115","11"
"processed_data/series_115_nodule_11/slice_4.png","1","train","LIDC-IDRI-0129","115","11"
"processed_data/series_115_nodule_11/slice_5.png","1","train","LIDC-IDRI-0129","115","11"
"processed_data/series_115_nodule_11/slice_6.png","1","train","LIDC-IDRI-0129","115","11"
"processed_data/series_115_nodule_12/slice_0.png","0","train","LIDC-IDRI-0129","115","12"
"processed_data/series_115_nodule_12/slice_1.png","0","train","LIDC-IDRI-0129","115","12"
"processed_data/series_115_nodule_12/slice_2.png","0","train","LIDC-IDRI-0129","115","12"
"processed_data/series_116_nodule_0/slice_0.png","1","train","LIDC-IDRI-0131","116","0"
"processed_data/series_116_nodule_0/slice_1.png","1","train","LIDC-IDRI-0131","116","0"
"processed_data/series_116_nodule_0/slice_2.png","1","train","LIDC-IDRI-0131","116","0"
"processed_data/series_117_nodule_1/slice_1.png","1","train","LIDC-IDRI-0132","117","1"
"processed_data/series_117_nodule_1/slice_2.png","1","train","LIDC-IDRI-0132","117","1"
"processed_data/series_119_nodule_4/slice_0.png","0","train","LIDC-IDRI-0135","119","4"
"processed_data/series_119_nodule_4/slice_1.png","0","train","LIDC-IDRI-0135","119","4"
"processed_data/series_119_nodule_4/slice_2.png","0","train","LIDC-IDRI-0135","119","4"
"processed_data/series_120_nodule_1/slice_0.png","0","train","LIDC-IDRI-0137","120","1"
"processed_data/series_120_nodule_1/slice_1.png","0","train","LIDC-IDRI-0137","120","1"
"processed_data/series_122_nodule_1/slice_2.png","1","val","LIDC-IDRI-0139","122","1"
"processed_data/series_122_nodule_1/slice_3.png","1","val","LIDC-IDRI-0139","122","1"
"processed_data/series_122_nodule_1/slice_4.png","1","val","LIDC-IDRI-0139","122","1"
"processed_data/series_122_nodule_1/slice_5.png","1","val","LIDC-IDRI-0139","122","1"
"processed_data/series_122_nodule_1/slice_6.png","1","val","LIDC-IDRI-0139","122","1"
"processed_data/series_123_nodule_0/slice_1.png","0","train","LIDC-IDRI-0141","123","0"
"processed_data/series_123_nodule_0/slice_2.png","0","train","LIDC-IDRI-0141","123","0"
"processed_data/series_123_nodule_0/slice_3.png","0","train","LIDC-IDRI-0141","123","0"
"processed_data/series_123_nodule_2/slice_1.png","0","train","LIDC-IDRI-0141","123","2"
"processed_data/series_123_nodule_2/slice_2.png","0","train","LIDC-IDRI-0141","123","2"
"processed_data/series_126_nodule_0/slice_0.png","0","train","LIDC-IDRI-0144","126","0"
"processed_data/series_126_nodule_0/slice_1.png","0","train","LIDC-IDRI-0144","126","0"
"processed_data/series_126_nodule_1/slice_0.png","0","train","LIDC-IDRI-0144","126","1"
"processed_data/series_126_nodule_1/slice_1.png","0","train","LIDC-IDRI-0144","126","1"
"processed_data/series_126_nodule_1/slice_2.png","0","train","LIDC-IDRI-0144","126","1"
"processed_data/series_126_nodule_3/slice_0.png","0","train","LIDC-IDRI-0144","126","3"
"processed_data/series_126_nodule_3/slice_1.png","0","train","LIDC-IDRI-0144","126","3"
"processed_data/series_126_nodule_3/slice_2.png","0","train","LIDC-IDRI-0144","126","3"
"processed_data/series_126_nodule_4/slice_0.png","0","train","LIDC-IDRI-0144","126","4"
"processed_data/series_126_nodule_4/slice_1.png","0","train","LIDC-IDRI-0144","126","4"
"processed_data/series_126_nodule_4/slice_2.png","0","train","LIDC-IDRI-0144","126","4"
"processed_data/series_129_nodule_1/slice_1.png","1","train","LIDC-IDRI-0148","129","1"
"processed_data/series_129_nodule_1/slice_2.png","1","train","LIDC-IDRI-0148","129","1"
"processed_data/series_129_nodule_1/slice_3.png","1","train","LIDC-IDRI-0148","129","1"
"processed_data/series_129_nodule_1/slice_4.png","1","train","LIDC-IDRI-0148","129","1"
"processed_data/series_129_nodule_2/slice_1.png","1","train","LIDC-IDRI-0148","129","2"
"processed_data/series_129_nodule_2/slice_2.png","1","train","LIDC-IDRI-0148","129","2"
"processed_data/series_129_nodule_2/slice_3.png","1","train","LIDC-IDRI-0148","129","2"
"processed_data/series_133_nodule_1/slice_1.png","1","val","LIDC-IDRI-0153","133","1"
"processed_data/series_133_nodule_1/slice_2.png","1","val","LIDC-IDRI-0153","133","1"
"processed_data/series_133_nodule_1/slice_3.png","1","val","LIDC-IDRI-0153","133","1"
"processed_data/series_133_nodule_1/slice_4.png","1","val","LIDC-IDRI-0153","133","1"
"processed_data/series_135_nodule_0/slice_1.png","1","train","LIDC-IDRI-0156","135","0"
"processed_data/series_135_nodule_0/slice_2.png","1","train","LIDC-IDRI-0156","135","0"
"processed_data/series_139_nodule_1/slice_1.png","0","val","LIDC-IDRI-0160","139","1"
"processed_data/series_139_nodule_1/slice_2.png","0","val","LIDC-IDRI-0160","139","1"
"processed_data/series_142_nodule_0/slice_2.png","1","train","LIDC-IDRI-0163","142","0"
"processed_data/series_142_nodule_0/slice_3.png","1","train","LIDC-IDRI-0163","142","0"
"processed_data/series_142_nodule_0/slice_4.png","1","train","LIDC-IDRI-0163","142","0"
"processed_data/series_142_nodule_0/slice_5.png","1","train","LIDC-IDRI-0163","142","0"
"processed_data/series_142_nodule_0/slice_6.png","1","train","LIDC-IDRI-0163","142","0"
"processed_data/series_143_nodule_2/slice_2.png","1","val","LIDC-IDRI-0164","143","2"
"processed_data/series_143_nodule_2/slice_3.png","1","val","LIDC-IDRI-0164","143","2"
"processed_data/series_143_nodule_2/slice_4.png","1","val","LIDC-IDRI-0164","143","2"
"processed_data/series_143_nodule_2/slice_5.png","1","val","LIDC-IDRI-0164","143","2"
"processed_data/series_143_nodule_2/slice_6.png","1","val","LIDC-IDRI-0164","143","2"
"processed_data/series_146_nodule_0/slice_0.png","0","train","LIDC-IDRI-0167","146","0"
"processed_data/series_146_nodule_0/slice_1.png","0","train","LIDC-IDRI-0167","146","0"
"processed_data/series_146_nodule_2/slice_0.png","0","train","LIDC-IDRI-0167","146","2"
"processed_data/series_146_nodule_2/slice_1.png","0","train","LIDC-IDRI-0167","146","2"
"processed_data/series_147_nodule_0/slice_1.png","0","train","LIDC-IDRI-0168","147","0"
"processed_data/series_147_nodule_0/slice_2.png","0","train","LIDC-IDRI-0168","147","0"
"processed_data/series_148_nodule_1/slice_1.png","1","train","LIDC-IDRI-0169","148","1"
"processed_data/series_148_nodule_1/slice_2.png","1","train","LIDC-IDRI-0169","148","1"
"processed_data/series_148_nodule_1/slice_3.png","1","train","LIDC-IDRI-0169","148","1"
"processed_data/series_148_nodule_1/slice_4.png","1","train","LIDC-IDRI-0169","148","1"
"processed_data/series_149_nodule_0/slice_11.png","1","train","LIDC-IDRI-0170","149","0"
"processed_data/series_149_nodule_0/slice_12.png","1","train","LIDC-IDRI-0170","149","0"
"processed_data/series_149_nodule_0/slice_13.png","1","train","LIDC-IDRI-0170","149","0"
"processed_data/series_149_nodule_0/slice_2.png","1","train","LIDC-IDRI-0170","149","0"
"processed_data/series_149_nodule_0/slice_3.png","1","train","LIDC-IDRI-0170","149","0"
"processed_data/series_149_nodule_0/slice_4.png","1","train","LIDC-IDRI-0170","149","0"
"processed_data/series_149_nodule_0/slice_5.png","1","train","LIDC-IDRI-0170","149","0"
"processed_data/series_149_nodule_0/slice_6.png","1","train","LIDC-IDRI-0170","149","0"
"processed_data/series_150_nodule_3/slice_1.png","1","train","LIDC-IDRI-0171","150","3"
"processed_data/series_150_nodule_3/slice_2.png","1","train","LIDC-IDRI-0171","150","3"
"processed_data/series_150_nodule_3/slice_3.png","1","train","LIDC-IDRI-0171","150","3"
"processed_data/series_150_nodule_3/slice_4.png","1","train","LIDC-IDRI-0171","150","3"
"processed_data/series_151_nodule_0/slice_2.png","1","test","LIDC-IDRI-0172","151","0"
"processed_data/series_151_nodule_0/slice_3.png","1","test","LIDC-IDRI-0172","151","0"
"processed_data/series_151_nodule_0/slice_4.png","1","test","LIDC-IDRI-0172","151","0"
"processed_data/series_151_nodule_0/slice_5.png","1","test","LIDC-IDRI-0172","151","0"
"processed_data/series_155_nodule_0/slice_0.png","0","test","LIDC-IDRI-0176","155","0"
"processed_data/series_155_nodule_0/slice_1.png","0","test","LIDC-IDRI-0176","155","0"
"processed_data/series_158_nodule_3/slice_1.png","1","train","LIDC-IDRI-0179","158","3"
"processed_data/series_158_nodule_3/slice_2.png","1","train","LIDC-IDRI-0179","158","3"
"processed_data/series_158_nodule_3/slice_3.png","1","train","LIDC-IDRI-0179","158","3"
"processed_data/series_160_nodule_3/slice_1.png","0","train","LIDC-IDRI-0181","160","3"
"processed_data/series_160_nodule_3/slice_2.png","0","train","LIDC-IDRI-0181","160","3"
"processed_data/series_160_nodule_3/slice_3.png","0","train","LIDC-IDRI-0181","160","3"
"processed_data/series_160_nodule_3/slice_4.png","0","train","LIDC-IDRI-0181","160","3"
"processed_data/series_160_nodule_4/slice_1.png","1","train","LIDC-IDRI-0181","160","4"
"processed_data/series_160_nodule_4/slice_2.png","1","train","LIDC-IDRI-0181","160","4"
"processed_data/series_160_nodule_4/slice_3.png","1","train","LIDC-IDRI-0181","160","4"
"processed_data/series_160_nodule_4/slice_4.png","1","train","LIDC-IDRI-0181","160","4"
"processed_data/series_161_nodule_1/slice_0.png","0","train","LIDC-IDRI-0182","161","1"
"processed_data/series_161_nodule_1/slice_1.png","0","train","LIDC-IDRI-0182","161","1"
"processed_data/series_162_nodule_1/slice_2.png","1","train","LIDC-IDRI-0183","162","1"
"processed_data/series_162_nodule_1/slice_3.png","1","train","LIDC-IDRI-0183","162","1"
"processed_data/series_162_nodule_1/slice_4.png","1","train","LIDC-IDRI-0183","162","1"
"processed_data/series_162_nodule_1/slice_5.png","1","train","LIDC-IDRI-0183","162","1"
"processed_data/series_162_nodule_1/slice_6.png","1","train","LIDC-IDRI-0183","162","1"
"processed_data/series_162_nodule_1/slice_7.png","1","train","LIDC-IDRI-0183","162","1"
"processed_data/series_162_nodule_2/slice_2.png","1","train","LIDC-IDRI-0183","162","2"
"processed_data/series_162_nodule_2/slice_3.png","1","train","LIDC-IDRI-0183","162","2"
"processed_data/series_162_nodule_2/slice_4.png","1","train","LIDC-IDRI-0183","162","2"
"processed_data/series_162_nodule_2/slice_5.png","1","train","LIDC-IDRI-0183","162","2"
"processed_data/series_162_nodule_2/slice_6.png","1","train","LIDC-IDRI-0183","162","2"
"processed_data/series_164_nodule_0/slice_0.png","0","train","LIDC-IDRI-0185","164","0"
"processed_data/series_164_nodule_0/slice_1.png","0","train","LIDC-IDRI-0185","164","0"
"processed_data/series_164_nodule_1/slice_0.png","0","train","LIDC-IDRI-0185","164","1"
"processed_data/series_164_nodule_1/slice_1.png","0","train","LIDC-IDRI-0185","164","1"
"processed_data/series_164_nodule_1/slice_2.png","0","train","LIDC-IDRI-0185","164","1"
"processed_data/series_164_nodule_5/slice_1.png","0","train","LIDC-IDRI-0185","164","5"
"processed_data/series_164_nodule_5/slice_2.png","0","train","LIDC-IDRI-0185","164","5"
"processed_data/series_165_nodule_0/slice_1.png","1","train","LIDC-IDRI-0186","165","0"
"processed_data/series_165_nodule_0/slice_2.png","1","train","LIDC-IDRI-0186","165","0"
"processed_data/series_165_nodule_2/slice_0.png","0","train","LIDC-IDRI-0186","165","2"
"processed_data/series_165_nodule_2/slice_1.png","0","train","LIDC-IDRI-0186","165","2"
"processed_data/series_166_nodule_0/slice_2.png","1","train","LIDC-IDRI-0187","166","0"
"processed_data/series_166_nodule_0/slice_3.png","1","train","LIDC-IDRI-0187","166","0"
"processed_data/series_166_nodule_0/slice_4.png","1","train","LIDC-IDRI-0187","166","0"
"processed_data/series_166_nodule_0/slice_5.png","1","train","LIDC-IDRI-0187","166","0"
"processed_data/series_167_nodule_3/slice_2.png","1","train","LIDC-IDRI-0188","167","3"
"processed_data/series_167_nodule_3/slice_3.png","1","train","LIDC-IDRI-0188","167","3"
"processed_data/series_167_nodule_3/slice_4.png","1","train","LIDC-IDRI-0188","167","3"
"processed_data/series_167_nodule_3/slice_5.png","1","train","LIDC-IDRI-0188","167","3"
"processed_data/series_167_nodule_3/slice_6.png","1","train","LIDC-IDRI-0188","167","3"
"processed_data/series_169_nodule_1/slice_2.png","1","val","LIDC-IDRI-0190","169","1"
"processed_data/series_169_nodule_1/slice_3.png","1","val","LIDC-IDRI-0190","169","1"
"processed_data/series_169_nodule_1/slice_4.png","1","val","LIDC-IDRI-0190","169","1"
"processed_data/series_169_nodule_1/slice_5.png","1","val","LIDC-IDRI-0190","169","1"
"processed_data/series_169_nodule_1/slice_6.png","1","val","LIDC-IDRI-0190","169","1"
"processed_data/series_169_nodule_1/slice_7.png","1","val","LIDC-IDRI-0190","169","1"
"processed_data/series_173_nodule_0/slice_1.png","1","test","LIDC-IDRI-0194","173","0"
"processed_data/series_173_nodule_0/slice_2.png","1","test","LIDC-IDRI-0194","173","0"
"processed_data/series_173_nodule_0/slice_3.png","1","test","LIDC-IDRI-0194","173","0"
"processed_data/series_173_nodule_1/slice_1.png","1","test","LIDC-IDRI-0194","173","1"
"processed_data/series_173_nodule_1/slice_2.png","1","test","LIDC-IDRI-0194","173","1"
"processed_data/series_173_nodule_1/slice_3.png","1","test","LIDC-IDRI-0194","173","1"
"processed_data/series_174_nodule_0/slice_1.png","1","val","LIDC-IDRI-0195","174","0"
"processed_data/series_174_nodule_0/slice_2.png","1","val","LIDC-IDRI-0195","174","0"
"processed_data/series_174_nodule_1/slice_1.png","1","val","LIDC-IDRI-0195","174","1"
"processed_data/series_174_nodule_1/slice_2.png","1","val","LIDC-IDRI-0195","174","1"
"processed_data/series_174_nodule_1/slice_3.png","1","val","LIDC-IDRI-0195","174","1"
"processed_data/series_174_nodule_1/slice_4.png","1","val","LIDC-IDRI-0195","174","1"
"processed_data/series_174_nodule_2/slice_1.png","1","val","LIDC-IDRI-0195","174","2"
"processed_data/series_174_nodule_2/slice_2.png","1","val","LIDC-IDRI-0195","174","2"
"processed_data/series_174_nodule_2/slice_3.png","1","val","LIDC-IDRI-0195","174","2"
"processed_data/series_174_nodule_2/slice_4.png","1","val","LIDC-IDRI-0195","174","2"
"processed_data/series_174_nodule_2/slice_5.png","1","val","LIDC-IDRI-0195","174","2"
"processed_data/series_174_nodule_3/slice_1.png","1","val","LIDC-IDRI-0195","174","3"
"processed_data/series_174_nodule_3/slice_2.png","1","val","LIDC-IDRI-0195","174","3"
"processed_data/series_174_nodule_4/slice_1.png","1","val","LIDC-IDRI-0195","174","4"
"processed_data/series_174_nodule_4/slice_2.png","1","val","LIDC-IDRI-0195","174","4"
"processed_data/series_174_nodule_4/slice_3.png","1","val","LIDC-IDRI-0195","174","4"
"processed_data/series_174_nodule_4/slice_4.png","1","val","LIDC-IDRI-0195","174","4"
"processed_data/series_175_nodule_0/slice_1.png","1","train","LIDC-IDRI-0196","175","0"
"processed_data/series_175_nodule_0/slice_2.png","1","train","LIDC-IDRI-0196","175","0"
"processed_data/series_175_nodule_0/slice_3.png","1","train","LIDC-IDRI-0196","175","0"
"processed_data/series_178_nodule_1/slice_0.png","0","train","LIDC-IDRI-0199","178","1"
"processed_data/series_178_nodule_1/slice_1.png","0","train","LIDC-IDRI-0199","178","1"
"processed_data/series_178_nodule_1/slice_2.png","0","train","LIDC-IDRI-0199","178","1"
"processed_data/series_182_nodule_0/slice_0.png","0","val","LIDC-IDRI-0203","182","0"
"processed_data/series_182_nodule_0/slice_1.png","0","val","LIDC-IDRI-0203","182","0"
"processed_data/series_182_nodule_0/slice_2.png","0","val","LIDC-IDRI-0203","182","0"
"processed_data/series_182_nodule_1/slice_2.png","1","val","LIDC-IDRI-0203","182","1"
"processed_data/series_182_nodule_1/slice_3.png","1","val","LIDC-IDRI-0203","182","1"
"processed_data/series_182_nodule_1/slice_4.png","1","val","LIDC-IDRI-0203","182","1"
"processed_data/series_182_nodule_1/slice_5.png","1","val","LIDC-IDRI-0203","182","1"
"processed_data/series_182_nodule_1/slice_6.png","1","val","LIDC-IDRI-0203","182","1"
"processed_data/series_182_nodule_1/slice_7.png","1","val","LIDC-IDRI-0203","182","1"
"processed_data/series_185_nodule_0/slice_2.png","1","train","LIDC-IDRI-0206","185","0"
"processed_data/series_185_nodule_0/slice_3.png","1","train","LIDC-IDRI-0206","185","0"
"processed_data/series_185_nodule_0/slice_4.png","1","train","LIDC-IDRI-0206","185","0"
"processed_data/series_185_nodule_0/slice_5.png","1","train","LIDC-IDRI-0206","185","0"
"processed_data/series_185_nodule_1/slice_1.png","0","train","LIDC-IDRI-0206","185","1"
"processed_data/series_185_nodule_1/slice_2.png","0","train","LIDC-IDRI-0206","185","1"
"processed_data/series_191_nodule_0/slice_0.png","0","train","LIDC-IDRI-0212","191","0"
"processed_data/series_191_nodule_0/slice_1.png","0","train","LIDC-IDRI-0212","191","0"
"processed_data/series_192_nodule_0/slice_1.png","0","train","LIDC-IDRI-0213","192","0"
"processed_data/series_192_nodule_0/slice_2.png","0","train","LIDC-IDRI-0213","192","0"
"processed_data/series_194_nodule_0/slice_1.png","0","train","LIDC-IDRI-0215","194","0"
"processed_data/series_194_nodule_0/slice_2.png","0","train","LIDC-IDRI-0215","194","0"
"processed_data/series_196_nodule_2/slice_1.png","1","val","LIDC-IDRI-0217","196","2"
"processed_data/series_196_nodule_2/slice_2.png","1","val","LIDC-IDRI-0217","196","2"
"processed_data/series_196_nodule_2/slice_3.png","1","val","LIDC-IDRI-0217","196","2"
"processed_data/series_198_nodule_2/slice_1.png","1","test","LIDC-IDRI-0220","198","2"
"processed_data/series_198_nodule_2/slice_2.png","1","test","LIDC-IDRI-0220","198","2"
"processed_data/series_198_nodule_2/slice_3.png","1","test","LIDC-IDRI-0220","198","2"
"processed_data/series_198_nodule_2/slice_4.png","1","test","LIDC-IDRI-0220","198","2"
"processed_data/series_198_nodule_2/slice_5.png","1","test","LIDC-IDRI-0220","198","2"
"processed_data/series_198_nodule_3/slice_2.png","1","test","LIDC-IDRI-0220","198","3"
"processed_data/series_198_nodule_3/slice_3.png","1","test","LIDC-IDRI-0220","198","3"
"processed_data/series_198_nodule_3/slice_4.png","1","test","LIDC-IDRI-0220","198","3"
"processed_data/series_198_nodule_3/slice_5.png","1","test","LIDC-IDRI-0220","198","3"
"processed_data/series_198_nodule_3/slice_6.png","1","test","LIDC-IDRI-0220","198","3"
"processed_data/series_198_nodule_3/slice_7.png","1","test","LIDC-IDRI-0220","198","3"
"processed_data/series_199_nodule_0/slice_2.png","1","val","LIDC-IDRI-0221","199","0"
"processed_data/series_199_nodule_0/slice_3.png","1","val","LIDC-IDRI-0221","199","0"
"processed_data/series_199_nodule_0/slice_4.png","1","val","LIDC-IDRI-0221","199","0"
"processed_data/series_199_nodule_0/slice_5.png","1","val","LIDC-IDRI-0221","199","0"
"processed_data/series_200_nodule_0/slice_0.png","0","train","LIDC-IDRI-0222","200","0"
"processed_data/series_200_nodule_0/slice_1.png","0","train","LIDC-IDRI-0222","200","0"
"processed_data/series_200_nodule_0/slice_2.png","0","train","LIDC-IDRI-0222","200","0"
"processed_data/series_201_nodule_0/slice_12.png","1","train","LIDC-IDRI-0223","201","0"
"processed_data/series_201_nodule_0/slice_13.png","1","train","LIDC-IDRI-0223","201","0"
"processed_data/series_201_nodule_0/slice_14.png","1","train","LIDC-IDRI-0223","201","0"
"processed_data/series_201_nodule_0/slice_15.png","1","train","LIDC-IDRI-0223","201","0"
"processed_data/series_201_nodule_0/slice_2.png","1","train","LIDC-IDRI-0223","201","0"
"processed_data/series_201_nodule_0/slice_3.png","1","train","LIDC-IDRI-0223","201","0"
"processed_data/series_201_nodule_0/slice_4.png","1","train","LIDC-IDRI-0223","201","0"
"processed_data/series_201_nodule_0/slice_5.png","1","train","LIDC-IDRI-0223","201","0"
"processed_data/series_201_nodule_1/slice_11.png","1","train","LIDC-IDRI-0223","201","1"
"processed_data/series_201_nodule_1/slice_2.png","1","train","LIDC-IDRI-0223","201","1"
"processed_data/series_201_nodule_1/slice_3.png","1","train","LIDC-IDRI-0223","201","1"
"processed_data/series_201_nodule_1/slice_4.png","1","train","LIDC-IDRI-0223","201","1"
"processed_data/series_201_nodule_1/slice_5.png","1","train","LIDC-IDRI-0223","201","1"
"processed_data/series_201_nodule_1/slice_6.png","1","train","LIDC-IDRI-0223","201","1"
"processed_data/series_207_nodule_0/slice_1.png","1","test","LIDC-IDRI-0229","207","0"
"processed_data/series_207_nodule_0/slice_2.png","1","test","LIDC-IDRI-0229","207","0"
"processed_data/series_207_nodule_0/slice_3.png","1","test","LIDC-IDRI-0229","207","0"
"processed_data/series_207_nodule_0/slice_4.png","1","test","LIDC-IDRI-0229","207","0"
"processed_data/series_207_nodule_2/slice_1.png","1","test","LIDC-IDRI-0229","207","2"
"processed_data/series_207_nodule_2/slice_2.png","1","test","LIDC-IDRI-0229","207","2"
"processed_data/series_207_nodule_3/slice_2.png","1","test","LIDC-IDRI-0229","207","3"
"processed_data/series_207_nodule_3/slice_3.png","1","test","LIDC-IDRI-0229","207","3"
"processed_data/series_207_nodule_3/slice_4.png","1","test","LIDC-IDRI-0229","207","3"
"processed_data/series_207_nodule_3/slice_5.png","1","test","LIDC-IDRI-0229","207","3"
"processed_data/series_207_nodule_5/slice_0.png","1","test","LIDC-IDRI-0229","207","5"
"processed_data/series_207_nodule_5/slice_1.png","1","test","LIDC-IDRI-0229","207","5"
"processed_data/series_207_nodule_5/slice_2.png","1","test","LIDC-IDRI-0229","207","5"
"processed_data/series_207_nodule_6/slice_1.png","1","test","LIDC-IDRI-0229","207","6"
"processed_data/series_207_nodule_6/slice_2.png","1","test","LIDC-IDRI-0229","207","6"
"processed_data/series_213_nodule_0/slice_1.png","0","train","LIDC-IDRI-0235","213","0"
"processed_data/series_213_nodule_0/slice_2.png","0","train","LIDC-IDRI-0235","213","0"
"processed_data/series_217_nodule_1/slice_1.png","1","train","LIDC-IDRI-0240","217","1"
"processed_data/series_217_nodule_1/slice_2.png","1","train","LIDC-IDRI-0240","217","1"
"processed_data/series_217_nodule_1/slice_3.png","1","train","LIDC-IDRI-0240","217","1"
"processed_data/series_217_nodule_1/slice_4.png","1","train","LIDC-IDRI-0240","217","1"
"processed_data/series_219_nodule_0/slice_1.png","1","test","LIDC-IDRI-0242","219","0"
"processed_data/series_219_nodule_0/slice_2.png","1","test","LIDC-IDRI-0242","219","0"
"processed_data/series_219_nodule_0/slice_3.png","1","test","LIDC-IDRI-0242","219","0"
"processed_data/series_219_nodule_0/slice_4.png","1","test","LIDC-IDRI-0242","219","0"
"processed_data/series_219_nodule_0/slice_5.png","1","test","LIDC-IDRI-0242","219","0"
"processed_data/series_221_nodule_2/slice_0.png","0","test","LIDC-IDRI-0244","221","2"
"processed_data/series_221_nodule_2/slice_1.png","0","test","LIDC-IDRI-0244","221","2"
"processed_data/series_225_nodule_0/slice_0.png","0","val","LIDC-IDRI-0248","225","0"
"processed_data/series_225_nodule_0/slice_1.png","0","val","LIDC-IDRI-0248","225","0"
"processed_data/series_227_nodule_1/slice_1.png","1","train","LIDC-IDRI-0250","227","1"
"processed_data/series_227_nodule_1/slice_2.png","1","train","LIDC-IDRI-0250","227","1"
"processed_data/series_233_nodule_0/slice_0.png","0","train","LIDC-IDRI-0256","233","0"
"processed_data/series_233_nodule_0/slice_1.png","0","train","LIDC-IDRI-0256","233","0"
"processed_data/series_233_nodule_0/slice_2.png","0","train","LIDC-IDRI-0256","233","0"
"processed_data/series_237_nodule_1/slice_1.png","1","train","LIDC-IDRI-0260","237","1"
"processed_data/series_237_nodule_1/slice_2.png","1","train","LIDC-IDRI-0260","237","1"
"processed_data/series_237_nodule_1/slice_3.png","1","train","LIDC-IDRI-0260","237","1"
"processed_data/series_237_nodule_2/slice_1.png","1","train","LIDC-IDRI-0260","237","2"
"processed_data/series_237_nodule_2/slice_2.png","1","train","LIDC-IDRI-0260","237","2"
"processed_data/series_239_nodule_0/slice_0.png","0","train","LIDC-IDRI-0263","239","0"
"processed_data/series_239_nodule_0/slice_1.png","0","train","LIDC-IDRI-0263","239","0"
"processed_data/series_240_nodule_0/slice_11.png","1","train","LIDC-IDRI-0264","240","0"
"processed_data/series_240_nodule_0/slice_2.png","1","train","LIDC-IDRI-0264","240","0"
"processed_data/series_240_nodule_0/slice_3.png","1","train","LIDC-IDRI-0264","240","0"
"processed_data/series_240_nodule_0/slice_4.png","1","train","LIDC-IDRI-0264","240","0"
"processed_data/series_240_nodule_0/slice_5.png","1","train","LIDC-IDRI-0264","240","0"
"processed_data/series_240_nodule_0/slice_6.png","1","train","LIDC-IDRI-0264","240","0"
"processed_data/series_241_nodule_0/slice_2.png","1","train","LIDC-IDRI-0265","241","0"
"processed_data/series_241_nodule_0/slice_3.png","1","train","LIDC-IDRI-0265","241","0"
"processed_data/series_241_nodule_0/slice_4.png","1","train","LIDC-IDRI-0265","241","0"
"processed_data/series_241_nodule_0/slice_5.png","1","train","LIDC-IDRI-0265","241","0"
"processed_data/series_241_nodule_0/slice_6.png","1","train","LIDC-IDRI-0265","241","0"
"processed_data/series_243_nodule_0/slice_0.png","0","train","LIDC-IDRI-0267","243","0"
"processed_data/series_243_nodule_0/slice_1.png","0","train","LIDC-IDRI-0267","243","0"
"processed_data/series_243_nodule_0/slice_2.png","0","train","LIDC-IDRI-0267","243","0"
"processed_data/series_246_nodule_0/slice_0.png","0","val","LIDC-IDRI-0270","246","0"
"processed_data/series_246_nodule_0/slice_1.png","0","val","LIDC-IDRI-0270","246","0"
"processed_data/series_252_nodule_0/slice_0.png","1","val","LIDC-IDRI-0276","252","0"
"processed_data/series_252_nodule_0/slice_1.png","1","val","LIDC-IDRI-0276","252","0"
"processed_data/series_252_nodule_0/slice_2.png","1","val","LIDC-IDRI-0276","252","0"
"processed_data/series_257_nodule_0/slice_0.png","0","train","LIDC-IDRI-0281","257","0"
"processed_data/series_257_nodule_0/slice_1.png","0","train","LIDC-IDRI-0281","257","0"
"processed_data/series_257_nodule_0/slice_2.png","0","train","LIDC-IDRI-0281","257","0"
"processed_data/series_260_nodule_0/slice_0.png","0","train","LIDC-IDRI-0284","260","0"
"processed_data/series_260_nodule_0/slice_1.png","0","train","LIDC-IDRI-0284","260","0"
"processed_data/series_260_nodule_0/slice_2.png","0","train","LIDC-IDRI-0284","260","0"
"processed_data/series_262_nodule_1/slice_0.png","0","train","LIDC-IDRI-0286","262","1"
"processed_data/series_262_nodule_1/slice_1.png","0","train","LIDC-IDRI-0286","262","1"
"processed_data/series_262_nodule_1/slice_2.png","0","train","LIDC-IDRI-0286","262","1"
"processed_data/series_263_nodule_0/slice_0.png","0","train","LIDC-IDRI-0287","263","0"
"processed_data/series_263_nodule_0/slice_1.png","0","train","LIDC-IDRI-0287","263","0"
"processed_data/series_267_nodule_0/slice_1.png","0","train","LIDC-IDRI-0291","267","0"
"processed_data/series_267_nodule_0/slice_2.png","0","train","LIDC-IDRI-0291","267","0"
"processed_data/series_267_nodule_0/slice_3.png","0","train","LIDC-IDRI-0291","267","0"
"processed_data/series_272_nodule_0/slice_1.png","0","train","LIDC-IDRI-0297","272","0"
"processed_data/series_272_nodule_0/slice_2.png","0","train","LIDC-IDRI-0297","272","0"
"processed_data/series_272_nodule_0/slice_3.png","0","train","LIDC-IDRI-0297","272","0"
"processed_data/series_272_nodule_0/slice_4.png","0","train","LIDC-IDRI-0297","272","0"
"processed_data/series_272_nodule_0/slice_5.png","0","train","LIDC-IDRI-0297","272","0"
"processed_data/series_274_nodule_1/slice_1.png","1","train","LIDC-IDRI-0299","274","1"
"processed_data/series_274_nodule_1/slice_2.png","1","train","LIDC-IDRI-0299","274","1"
"processed_data/series_274_nodule_1/slice_3.png","1","train","LIDC-IDRI-0299","274","1"
"processed_data/series_274_nodule_1/slice_4.png","1","train","LIDC-IDRI-0299","274","1"
"processed_data/series_274_nodule_1/slice_5.png","1","train","LIDC-IDRI-0299","274","1"
"processed_data/series_275_nodule_0/slice_1.png","0","train","LIDC-IDRI-0300","275","0"
"processed_data/series_275_nodule_0/slice_2.png","0","train","LIDC-IDRI-0300","275","0"
"processed_data/series_275_nodule_1/slice_10.png","1","train","LIDC-IDRI-0300","275","1"
"processed_data/series_275_nodule_1/slice_2.png","1","train","LIDC-IDRI-0300","275","1"
"processed_data/series_275_nodule_1/slice_3.png","1","train","LIDC-IDRI-0300","275","1"
"processed_data/series_275_nodule_1/slice_4.png","1","train","LIDC-IDRI-0300","275","1"
"processed_data/series_275_nodule_1/slice_5.png","1","train","LIDC-IDRI-0300","275","1"
"processed_data/series_275_nodule_1/slice_6.png","1","train","LIDC-IDRI-0300","275","1"
"processed_data/series_275_nodule_1/slice_7.png","1","train","LIDC-IDRI-0300","275","1"
"processed_data/series_276_nodule_0/slice_2.png","0","train","LIDC-IDRI-0301","276","0"
"processed_data/series_276_nodule_0/slice_3.png","0","train","LIDC-IDRI-0301","276","0"
"processed_data/series_276_nodule_0/slice_4.png","0","train","LIDC-IDRI-0301","276","0"
"processed_data/series_276_nodule_0/slice_5.png","0","train","LIDC-IDRI-0301","276","0"
"processed_data/series_276_nodule_0/slice_6.png","0","train","LIDC-IDRI-0301","276","0"
"processed_data/series_276_nodule_0/slice_7.png","0","train","LIDC-IDRI-0301","276","0"
"processed_data/series_281_nodule_0/slice_1.png","1","train","LIDC-IDRI-0309","281","0"
"processed_data/series_281_nodule_0/slice_2.png","1","train","LIDC-IDRI-0309","281","0"
"processed_data/series_287_nodule_0/slice_1.png","1","test","LIDC-IDRI-0315","287","0"
"processed_data/series_287_nodule_0/slice_2.png","1","test","LIDC-IDRI-0315","287","0"
"processed_data/series_287_nodule_2/slice_0.png","0","test","LIDC-IDRI-0315","287","2"
"processed_data/series_287_nodule_2/slice_1.png","0","test","LIDC-IDRI-0315","287","2"
"processed_data/series_287_nodule_2/slice_2.png","0","test","LIDC-IDRI-0315","287","2"
"processed_data/series_289_nodule_0/slice_0.png","0","val","LIDC-IDRI-0317","289","0"
"processed_data/series_289_nodule_0/slice_1.png","0","val","LIDC-IDRI-0317","289","0"
"processed_data/series_294_nodule_0/slice_0.png","0","train","LIDC-IDRI-0323","294","0"
"processed_data/series_294_nodule_0/slice_1.png","0","train","LIDC-IDRI-0323","294","0"
"processed_data/series_296_nodule_0/slice_14.png","1","test","LIDC-IDRI-0325","296","0"
"processed_data/series_296_nodule_0/slice_15.png","1","test","LIDC-IDRI-0325","296","0"
"processed_data/series_296_nodule_0/slice_16.png","1","test","LIDC-IDRI-0325","296","0"
"processed_data/series_296_nodule_0/slice_17.png","1","test","LIDC-IDRI-0325","296","0"
"processed_data/series_296_nodule_0/slice_18.png","1","test","LIDC-IDRI-0325","296","0"
"processed_data/series_296_nodule_0/slice_19.png","1","test","LIDC-IDRI-0325","296","0"
"processed_data/series_296_nodule_0/slice_2.png","1","test","LIDC-IDRI-0325","296","0"
"processed_data/series_296_nodule_0/slice_20.png","1","test","LIDC-IDRI-0325","296","0"
"processed_data/series_296_nodule_0/slice_21.png","1","test","LIDC-IDRI-0325","296","0"
"processed_data/series_296_nodule_0/slice_22.png","1","test","LIDC-IDRI-0325","296","0"
"processed_data/series_296_nodule_0/slice_23.png","1","test","LIDC-IDRI-0325","296","0"
"processed_data/series_296_nodule_0/slice_24.png","1","test","LIDC-IDRI-0325","296","0"
"processed_data/series_296_nodule_0/slice_25.png","1","test","LIDC-IDRI-0325","296","0"
"processed_data/series_296_nodule_0/slice_26.png","1","test","LIDC-IDRI-0325","296","0"
"processed_data/series_296_nodule_0/slice_3.png","1","test","LIDC-IDRI-0325","296","0"
"processed_data/series_302_nodule_0/slice_11.png","1","train","LIDC-IDRI-0332","302","0"
"processed_data/series_302_nodule_0/slice_12.png","1","train","LIDC-IDRI-0332","302","0"
"processed_data/series_302_nodule_0/slice_2.png","1","train","LIDC-IDRI-0332","302","0"
"processed_data/series_302_nodule_0/slice_3.png","1","train","LIDC-IDRI-0332","302","0"
"processed_data/series_302_nodule_0/slice_4.png","1","train","LIDC-IDRI-0332","302","0"
"processed_data/series_302_nodule_0/slice_5.png","1","train","LIDC-IDRI-0332","302","0"
"processed_data/series_302_nodule_0/slice_6.png","1","train","LIDC-IDRI-0332","302","0"
"processed_data/series_303_nodule_0/slice_2.png","1","train","LIDC-IDRI-0332","303","0"
"processed_data/series_303_nodule_0/slice_3.png","1","train","LIDC-IDRI-0332","303","0"
"processed_data/series_303_nodule_0/slice_4.png","1","train","LIDC-IDRI-0332","303","0"
"processed_data/series_303_nodule_0/slice_5.png","1","train","LIDC-IDRI-0332","303","0"
"processed_data/series_303_nodule_0/slice_6.png","1","train","LIDC-IDRI-0332","303","0"
"processed_data/series_303_nodule_0/slice_7.png","1","train","LIDC-IDRI-0332","303","0"
"processed_data/series_304_nodule_3/slice_0.png","0","train","LIDC-IDRI-0334","304","3"
"processed_data/series_304_nodule_4/slice_0.png","1","train","LIDC-IDRI-0334","304","4"
"processed_data/series_304_nodule_4/slice_1.png","1","train","LIDC-IDRI-0334","304","4"
"processed_data/series_304_nodule_4/slice_2.png","1","train","LIDC-IDRI-0334","304","4"
"processed_data/series_305_nodule_2/slice_1.png","0","train","LIDC-IDRI-0335","305","2"
"processed_data/series_305_nodule_2/slice_2.png","0","train","LIDC-IDRI-0335","305","2"
"processed_data/series_305_nodule_2/slice_3.png","0","train","LIDC-IDRI-0335","305","2"
"processed_data/series_307_nodule_0/slice_11.png","1","train","LIDC-IDRI-0337","307","0"
"processed_data/series_307_nodule_0/slice_2.png","1","train","LIDC-IDRI-0337","307","0"
"processed_data/series_307_nodule_0/slice_3.png","1","train","LIDC-IDRI-0337","307","0"
"processed_data/series_307_nodule_0/slice_4.png","1","train","LIDC-IDRI-0337","307","0"
"processed_data/series_307_nodule_0/slice_5.png","1","train","LIDC-IDRI-0337","307","0"
"processed_data/series_307_nodule_0/slice_6.png","1","train","LIDC-IDRI-0337","307","0"
"processed_data/series_307_nodule_1/slice_1.png","1","train","LIDC-IDRI-0337","307","1"
"processed_data/series_307_nodule_1/slice_2.png","1","train","LIDC-IDRI-0337","307","1"
"processed_data/series_307_nodule_1/slice_3.png","1","train","LIDC-IDRI-0337","307","1"
"processed_data/series_315_nodule_0/slice_0.png","0","test","LIDC-IDRI-0346","315","0"
"processed_data/series_315_nodule_0/slice_1.png","0","test","LIDC-IDRI-0346","315","0"
"processed_data/series_315_nodule_0/slice_2.png","0","test","LIDC-IDRI-0346","315","0"
"processed_data/series_315_nodule_1/slice_0.png","0","test","LIDC-IDRI-0346","315","1"
"processed_data/series_315_nodule_1/slice_1.png","0","test","LIDC-IDRI-0346","315","1"
"processed_data/series_315_nodule_1/slice_2.png","0","test","LIDC-IDRI-0346","315","1"
"processed_data/series_315_nodule_3/slice_0.png","0","test","LIDC-IDRI-0346","315","3"
"processed_data/series_315_nodule_3/slice_1.png","0","test","LIDC-IDRI-0346","315","3"
"processed_data/series_316_nodule_2/slice_1.png","1","train","LIDC-IDRI-0347","316","2"
"processed_data/series_316_nodule_2/slice_2.png","1","train","LIDC-IDRI-0347","316","2"
"processed_data/series_320_nodule_0/slice_0.png","0","train","LIDC-IDRI-0351","320","0"
"processed_data/series_320_nodule_0/slice_1.png","0","train","LIDC-IDRI-0351","320","0"
"processed_data/series_320_nodule_0/slice_2.png","0","train","LIDC-IDRI-0351","320","0"
"processed_data/series_322_nodule_0/slice_1.png","1","train","LIDC-IDRI-0353","322","0"
"processed_data/series_322_nodule_0/slice_2.png","1","train","LIDC-IDRI-0353","322","0"
"processed_data/series_322_nodule_0/slice_3.png","1","train","LIDC-IDRI-0353","322","0"
"processed_data/series_322_nodule_1/slice_0.png","0","train","LIDC-IDRI-0353","322","1"
"processed_data/series_322_nodule_1/slice_1.png","0","train","LIDC-IDRI-0353","322","1"
"processed_data/series_322_nodule_1/slice_2.png","0","train","LIDC-IDRI-0353","322","1"
"processed_data/series_323_nodule_0/slice_0.png","0","train","LIDC-IDRI-0354","323","0"
"processed_data/series_323_nodule_0/slice_1.png","0","train","LIDC-IDRI-0354","323","0"
"processed_data/series_323_nodule_0/slice_2.png","0","train","LIDC-IDRI-0354","323","0"
"processed_data/series_329_nodule_0/slice_1.png","0","test","LIDC-IDRI-0359","329","0"
"processed_data/series_329_nodule_0/slice_2.png","0","test","LIDC-IDRI-0359","329","0"
"processed_data/series_332_nodule_0/slice_1.png","1","val","LIDC-IDRI-0362","332","0"
"processed_data/series_332_nodule_0/slice_2.png","1","val","LIDC-IDRI-0362","332","0"
"processed_data/series_332_nodule_0/slice_3.png","1","val","LIDC-IDRI-0362","332","0"
"processed_data/series_332_nodule_0/slice_4.png","1","val","LIDC-IDRI-0362","332","0"
"processed_data/series_334_nodule_0/slice_0.png","1","train","LIDC-IDRI-0365","334","0"
"processed_data/series_334_nodule_0/slice_1.png","1","train","LIDC-IDRI-0365","334","0"
"processed_data/series_334_nodule_0/slice_2.png","1","train","LIDC-IDRI-0365","334","0"
"processed_data/series_338_nodule_2/slice_2.png","1","train","LIDC-IDRI-0368","338","2"
"processed_data/series_338_nodule_2/slice_3.png","1","train","LIDC-IDRI-0368","338","2"
"processed_data/series_338_nodule_2/slice_4.png","1","train","LIDC-IDRI-0368","338","2"
"processed_data/series_338_nodule_2/slice_5.png","1","train","LIDC-IDRI-0368","338","2"
"processed_data/series_338_nodule_4/slice_0.png","0","train","LIDC-IDRI-0368","338","4"
"processed_data/series_338_nodule_4/slice_1.png","0","train","LIDC-IDRI-0368","338","4"
"processed_data/series_338_nodule_4/slice_2.png","0","train","LIDC-IDRI-0368","338","4"
"processed_data/series_343_nodule_0/slice_2.png","0","train","LIDC-IDRI-0375","343","0"
"processed_data/series_343_nodule_0/slice_3.png","0","train","LIDC-IDRI-0375","343","0"
"processed_data/series_343_nodule_0/slice_4.png","0","train","LIDC-IDRI-0375","343","0"
"processed_data/series_343_nodule_0/slice_5.png","0","train","LIDC-IDRI-0375","343","0"
"processed_data/series_345_nodule_0/slice_10.png","1","train","LIDC-IDRI-0377","345","0"
"processed_data/series_345_nodule_0/slice_2.png","1","train","LIDC-IDRI-0377","345","0"
"processed_data/series_345_nodule_0/slice_3.png","1","train","LIDC-IDRI-0377","345","0"
"processed_data/series_345_nodule_0/slice_4.png","1","train","LIDC-IDRI-0377","345","0"
"processed_data/series_345_nodule_0/slice_5.png","1","train","LIDC-IDRI-0377","345","0"
"processed_data/series_345_nodule_0/slice_6.png","1","train","LIDC-IDRI-0377","345","0"
"processed_data/series_345_nodule_0/slice_7.png","1","train","LIDC-IDRI-0377","345","0"
"processed_data/series_347_nodule_1/slice_0.png","0","train","LIDC-IDRI-0379","347","1"
"processed_data/series_347_nodule_1/slice_1.png","0","train","LIDC-IDRI-0379","347","1"
"processed_data/series_347_nodule_4/slice_0.png","0","train","LIDC-IDRI-0379","347","4"
"processed_data/series_347_nodule_4/slice_1.png","0","train","LIDC-IDRI-0379","347","4"
"processed_data/series_347_nodule_4/slice_2.png","0","train","LIDC-IDRI-0379","347","4"
"processed_data/series_348_nodule_1/slice_0.png","0","train","LIDC-IDRI-0380","348","1"
"processed_data/series_348_nodule_1/slice_1.png","0","train","LIDC-IDRI-0380","348","1"
"processed_data/series_354_nodule_1/slice_2.png","0","train","LIDC-IDRI-0386","354","1"
"processed_data/series_354_nodule_1/slice_3.png","0","train","LIDC-IDRI-0386","354","1"
"processed_data/series_354_nodule_1/slice_4.png","0","train","LIDC-IDRI-0386","354","1"
"processed_data/series_354_nodule_1/slice_5.png","0","train","LIDC-IDRI-0386","354","1"
"processed_data/series_354_nodule_1/slice_6.png","0","train","LIDC-IDRI-0386","354","1"
"processed_data/series_354_nodule_1/slice_7.png","0","train","LIDC-IDRI-0386","354","1"
"processed_data/series_355_nodule_0/slice_1.png","1","train","LIDC-IDRI-0387","355","0"
"processed_data/series_355_nodule_0/slice_2.png","1","train","LIDC-IDRI-0387","355","0"
"processed_data/series_356_nodule_0/slice_1.png","0","train","LIDC-IDRI-0388","356","0"
"processed_data/series_356_nodule_0/slice_2.png","0","train","LIDC-IDRI-0388","356","0"
"processed_data/series_356_nodule_0/slice_3.png","0","train","LIDC-IDRI-0388","356","0"
"processed_data/series_358_nodule_0/slice_0.png","0","train","LIDC-IDRI-0390","358","0"
"processed_data/series_358_nodule_0/slice_1.png","0","train","LIDC-IDRI-0390","358","0"
"processed_data/series_358_nodule_0/slice_2.png","0","train","LIDC-IDRI-0390","358","0"
"processed_data/series_358_nodule_1/slice_0.png","0","train","LIDC-IDRI-0390","358","1"
"processed_data/series_358_nodule_1/slice_1.png","0","train","LIDC-IDRI-0390","358","1"
"processed_data/series_358_nodule_1/slice_2.png","0","train","LIDC-IDRI-0390","358","1"
"processed_data/series_358_nodule_2/slice_1.png","0","train","LIDC-IDRI-0390","358","2"
"processed_data/series_358_nodule_2/slice_2.png","0","train","LIDC-IDRI-0390","358","2"
"processed_data/series_358_nodule_3/slice_0.png","0","train","LIDC-IDRI-0390","358","3"
"processed_data/series_358_nodule_3/slice_1.png","0","train","LIDC-IDRI-0390","358","3"
"processed_data/series_358_nodule_3/slice_2.png","0","train","LIDC-IDRI-0390","358","3"
"processed_data/series_358_nodule_4/slice_0.png","0","train","LIDC-IDRI-0390","358","4"
"processed_data/series_358_nodule_4/slice_1.png","0","train","LIDC-IDRI-0390","358","4"
"processed_data/series_358_nodule_4/slice_2.png","0","train","LIDC-IDRI-0390","358","4"
"processed_data/series_358_nodule_5/slice_0.png","0","train","LIDC-IDRI-0390","358","5"
"processed_data/series_358_nodule_5/slice_1.png","0","train","LIDC-IDRI-0390","358","5"
"processed_data/series_358_nodule_5/slice_2.png","0","train","LIDC-IDRI-0390","358","5"
"processed_data/series_358_nodule_6/slice_0.png","0","train","LIDC-IDRI-0390","358","6"
"processed_data/series_358_nodule_6/slice_1.png","0","train","LIDC-IDRI-0390","358","6"
"processed_data/series_358_nodule_6/slice_2.png","0","train","LIDC-IDRI-0390","358","6"
"processed_data/series_358_nodule_7/slice_0.png","0","train","LIDC-IDRI-0390","358","7"
"processed_data/series_358_nodule_7/slice_1.png","0","train","LIDC-IDRI-0390","358","7"
"processed_data/series_358_nodule_8/slice_0.png","0","train","LIDC-IDRI-0390","358","8"
"processed_data/series_358_nodule_8/slice_1.png","0","train","LIDC-IDRI-0390","358","8"
"processed_data/series_362_nodule_0/slice_1.png","1","train","LIDC-IDRI-0394","362","0"
"processed_data/series_362_nodule_0/slice_2.png","1","train","LIDC-IDRI-0394","362","0"
"processed_data/series_362_nodule_0/slice_3.png","1","train","LIDC-IDRI-0394","362","0"
"processed_data/series_367_nodule_0/slice_1.png","0","val","LIDC-IDRI-0399","367","0"
"processed_data/series_367_nodule_0/slice_2.png","0","val","LIDC-IDRI-0399","367","0"
"processed_data/series_367_nodule_0/slice_3.png","0","val","LIDC-IDRI-0399","367","0"
"processed_data/series_370_nodule_0/slice_11.png","0","train","LIDC-IDRI-0403","370","0"
"processed_data/series_370_nodule_0/slice_12.png","0","train","LIDC-IDRI-0403","370","0"
"processed_data/series_370_nodule_0/slice_13.png","0","train","LIDC-IDRI-0403","370","0"
"processed_data/series_370_nodule_0/slice_14.png","0","train","LIDC-IDRI-0403","370","0"
"processed_data/series_370_nodule_0/slice_2.png","0","train","LIDC-IDRI-0403","370","0"
"processed_data/series_370_nodule_0/slice_3.png","0","train","LIDC-IDRI-0403","370","0"
"processed_data/series_370_nodule_0/slice_4.png","0","train","LIDC-IDRI-0403","370","0"
"processed_data/series_370_nodule_0/slice_5.png","0","train","LIDC-IDRI-0403","370","0"
"processed_data/series_370_nodule_0/slice_6.png","0","train","LIDC-IDRI-0403","370","0"
"processed_data/series_371_nodule_0/slice_11.png","1","train","LIDC-IDRI-0404","371","0"
"processed_data/series_371_nodule_0/slice_12.png","1","train","LIDC-IDRI-0404","371","0"
"processed_data/series_371_nodule_0/slice_13.png","1","train","LIDC-IDRI-0404","371","0"
"processed_data/series_371_nodule_0/slice_14.png","1","train","LIDC-IDRI-0404","371","0"
"processed_data/series_371_nodule_0/slice_2.png","1","train","LIDC-IDRI-0404","371","0"
"processed_data/series_371_nodule_0/slice_3.png","1","train","LIDC-IDRI-0404","371","0"
"processed_data/series_371_nodule_0/slice_4.png","1","train","LIDC-IDRI-0404","371","0"
"processed_data/series_371_nodule_0/slice_5.png","1","train","LIDC-IDRI-0404","371","0"
"processed_data/series_371_nodule_0/slice_6.png","1","train","LIDC-IDRI-0404","371","0"
"processed_data/series_374_nodule_0/slice_2.png","1","train","LIDC-IDRI-0407","374","0"
"processed_data/series_374_nodule_0/slice_3.png","1","train","LIDC-IDRI-0407","374","0"
"processed_data/series_374_nodule_0/slice_4.png","1","train","LIDC-IDRI-0407","374","0"
"processed_data/series_374_nodule_0/slice_5.png","1","train","LIDC-IDRI-0407","374","0"
"processed_data/series_374_nodule_1/slice_1.png","0","train","LIDC-IDRI-0407","374","1"
"processed_data/series_374_nodule_1/slice_2.png","0","train","LIDC-IDRI-0407","374","1"
"processed_data/series_375_nodule_0/slice_2.png","0","train","LIDC-IDRI-0409","375","0"
"processed_data/series_375_nodule_0/slice_3.png","0","train","LIDC-IDRI-0409","375","0"
"processed_data/series_375_nodule_0/slice_4.png","0","train","LIDC-IDRI-0409","375","0"
"processed_data/series_375_nodule_0/slice_5.png","0","train","LIDC-IDRI-0409","375","0"
"processed_data/series_375_nodule_0/slice_6.png","0","train","LIDC-IDRI-0409","375","0"
"processed_data/series_378_nodule_0/slice_1.png","0","train","LIDC-IDRI-0412","378","0"
"processed_data/series_378_nodule_0/slice_2.png","0","train","LIDC-IDRI-0412","378","0"
"processed_data/series_379_nodule_1/slice_0.png","0","train","LIDC-IDRI-0413","379","1"
"processed_data/series_379_nodule_1/slice_1.png","0","train","LIDC-IDRI-0413","379","1"
"processed_data/series_384_nodule_0/slice_1.png","0","train","LIDC-IDRI-0419","384","0"
"processed_data/series_384_nodule_0/slice_2.png","0","train","LIDC-IDRI-0419","384","0"
"processed_data/series_385_nodule_0/slice_0.png","1","val","LIDC-IDRI-0420","385","0"
"processed_data/series_385_nodule_0/slice_1.png","1","val","LIDC-IDRI-0420","385","0"
"processed_data/series_385_nodule_0/slice_2.png","1","val","LIDC-IDRI-0420","385","0"
"processed_data/series_386_nodule_0/slice_0.png","0","train","LIDC-IDRI-0421","386","0"
"processed_data/series_386_nodule_0/slice_1.png","0","train","LIDC-IDRI-0421","386","0"
"processed_data/series_386_nodule_0/slice_2.png","0","train","LIDC-IDRI-0421","386","0"
"processed_data/series_386_nodule_1/slice_2.png","1","train","LIDC-IDRI-0421","386","1"
"processed_data/series_386_nodule_1/slice_3.png","1","train","LIDC-IDRI-0421","386","1"
"processed_data/series_386_nodule_1/slice_4.png","1","train","LIDC-IDRI-0421","386","1"
"processed_data/series_386_nodule_1/slice_5.png","1","train","LIDC-IDRI-0421","386","1"
"processed_data/series_386_nodule_1/slice_6.png","1","train","LIDC-IDRI-0421","386","1"
"processed_data/series_387_nodule_0/slice_11.png","1","val","LIDC-IDRI-0423","387","0"
"processed_data/series_387_nodule_0/slice_12.png","1","val","LIDC-IDRI-0423","387","0"
"processed_data/series_387_nodule_0/slice_13.png","1","val","LIDC-IDRI-0423","387","0"
"processed_data/series_387_nodule_0/slice_2.png","1","val","LIDC-IDRI-0423","387","0"
"processed_data/series_387_nodule_0/slice_3.png","1","val","LIDC-IDRI-0423","387","0"
"processed_data/series_387_nodule_0/slice_4.png","1","val","LIDC-IDRI-0423","387","0"
"processed_data/series_387_nodule_0/slice_5.png","1","val","LIDC-IDRI-0423","387","0"
"processed_data/series_387_nodule_0/slice_6.png","1","val","LIDC-IDRI-0423","387","0"
"processed_data/series_390_nodule_0/slice_1.png","0","train","LIDC-IDRI-0426","390","0"
"processed_data/series_390_nodule_0/slice_2.png","0","train","LIDC-IDRI-0426","390","0"
"processed_data/series_391_nodule_0/slice_10.png","0","train","LIDC-IDRI-0427","391","0"
"processed_data/series_391_nodule_0/slice_2.png","0","train","LIDC-IDRI-0427","391","0"
"processed_data/series_391_nodule_0/slice_3.png","0","train","LIDC-IDRI-0427","391","0"
"processed_data/series_391_nodule_0/slice_4.png","0","train","LIDC-IDRI-0427","391","0"
"processed_data/series_391_nodule_0/slice_5.png","0","train","LIDC-IDRI-0427","391","0"
"processed_data/series_391_nodule_0/slice_6.png","0","train","LIDC-IDRI-0427","391","0"
"processed_data/series_391_nodule_0/slice_7.png","0","train","LIDC-IDRI-0427","391","0"
"processed_data/series_391_nodule_1/slice_1.png","0","train","LIDC-IDRI-0427","391","1"
"processed_data/series_391_nodule_1/slice_2.png","0","train","LIDC-IDRI-0427","391","1"
"processed_data/series_391_nodule_1/slice_3.png","0","train","LIDC-IDRI-0427","391","1"
"processed_data/series_391_nodule_1/slice_4.png","0","train","LIDC-IDRI-0427","391","1"
"processed_data/series_391_nodule_1/slice_5.png","0","train","LIDC-IDRI-0427","391","1"
"processed_data/series_391_nodule_2/slice_1.png","0","train","LIDC-IDRI-0427","391","2"
"processed_data/series_391_nodule_2/slice_2.png","0","train","LIDC-IDRI-0427","391","2"
"processed_data/series_391_nodule_2/slice_3.png","0","train","LIDC-IDRI-0427","391","2"
"processed_data/series_391_nodule_2/slice_4.png","0","train","LIDC-IDRI-0427","391","2"
"processed_data/series_391_nodule_3/slice_1.png","0","train","LIDC-IDRI-0427","391","3"
"processed_data/series_391_nodule_3/slice_2.png","0","train","LIDC-IDRI-0427","391","3"
"processed_data/series_391_nodule_3/slice_3.png","0","train","LIDC-IDRI-0427","391","3"
"processed_data/series_391_nodule_3/slice_4.png","0","train","LIDC-IDRI-0427","391","3"
"processed_data/series_391_nodule_3/slice_5.png","0","train","LIDC-IDRI-0427","391","3"
"processed_data/series_397_nodule_0/slice_1.png","0","train","LIDC-IDRI-0433","397","0"
"processed_data/series_397_nodule_0/slice_2.png","0","train","LIDC-IDRI-0433","397","0"
"processed_data/series_397_nodule_0/slice_3.png","0","train","LIDC-IDRI-0433","397","0"
"processed_data/series_399_nodule_0/slice_2.png","0","test","LIDC-IDRI-0437","399","0"
"processed_data/series_399_nodule_0/slice_3.png","0","test","LIDC-IDRI-0437","399","0"
"processed_data/series_399_nodule_0/slice_4.png","0","test","LIDC-IDRI-0437","399","0"
"processed_data/series_399_nodule_0/slice_5.png","0","test","LIDC-IDRI-0437","399","0"
"processed_data/series_399_nodule_0/slice_6.png","0","test","LIDC-IDRI-0437","399","0"
"processed_data/series_399_nodule_1/slice_10.png","0","test","LIDC-IDRI-0437","399","1"
"processed_data/series_399_nodule_1/slice_2.png","0","test","LIDC-IDRI-0437","399","1"
"processed_data/series_399_nodule_1/slice_3.png","0","test","LIDC-IDRI-0437","399","1"
"processed_data/series_399_nodule_1/slice_4.png","0","test","LIDC-IDRI-0437","399","1"
"processed_data/series_399_nodule_1/slice_5.png","0","test","LIDC-IDRI-0437","399","1"
"processed_data/series_399_nodule_1/slice_6.png","0","test","LIDC-IDRI-0437","399","1"
"processed_data/series_399_nodule_1/slice_7.png","0","test","LIDC-IDRI-0437","399","1"
"processed_data/series_399_nodule_2/slice_10.png","0","test","LIDC-IDRI-0437","399","2"
"processed_data/series_399_nodule_2/slice_2.png","0","test","LIDC-IDRI-0437","399","2"
"processed_data/series_399_nodule_2/slice_3.png","0","test","LIDC-IDRI-0437","399","2"
"processed_data/series_399_nodule_2/slice_4.png","0","test","LIDC-IDRI-0437","399","2"
"processed_data/series_399_nodule_2/slice_5.png","0","test","LIDC-IDRI-0437","399","2"
"processed_data/series_399_nodule_2/slice_6.png","0","test","LIDC-IDRI-0437","399","2"
"processed_data/series_399_nodule_2/slice_7.png","0","test","LIDC-IDRI-0437","399","2"
"processed_data/series_401_nodule_1/slice_0.png","0","train","LIDC-IDRI-0439","401","1"
"processed_data/series_401_nodule_1/slice_1.png","0","train","LIDC-IDRI-0439","401","1"
"processed_data/series_401_nodule_1/slice_2.png","0","train","LIDC-IDRI-0439","401","1"
"processed_data/series_404_nodule_1/slice_0.png","0","test","LIDC-IDRI-0442","404","1"
"processed_data/series_404_nodule_1/slice_1.png","0","test","LIDC-IDRI-0442","404","1"
"processed_data/series_404_nodule_2/slice_0.png","0","test","LIDC-IDRI-0442","404","2"
"processed_data/series_404_nodule_2/slice_1.png","0","test","LIDC-IDRI-0442","404","2"
"processed_data/series_405_nodule_1/slice_0.png","0","test","LIDC-IDRI-0442","405","1"
"processed_data/series_406_nodule_0/slice_2.png","0","train","LIDC-IDRI-0443","406","0"
"processed_data/series_406_nodule_0/slice_3.png","0","train","LIDC-IDRI-0443","406","0"
"processed_data/series_406_nodule_0/slice_4.png","0","train","LIDC-IDRI-0443","406","0"
"processed_data/series_406_nodule_0/slice_5.png","0","train","LIDC-IDRI-0443","406","0"
"processed_data/series_406_nodule_0/slice_6.png","0","train","LIDC-IDRI-0443","406","0"
"processed_data/series_408_nodule_0/slice_1.png","1","train","LIDC-IDRI-0445","408","0"
"processed_data/series_408_nodule_0/slice_2.png","1","train","LIDC-IDRI-0445","408","0"
"processed_data/series_412_nodule_5/slice_1.png","1","train","LIDC-IDRI-0450","412","5"
"processed_data/series_412_nodule_5/slice_2.png","1","train","LIDC-IDRI-0450","412","5"
"processed_data/series_412_nodule_5/slice_3.png","1","train","LIDC-IDRI-0450","412","5"
"processed_data/series_412_nodule_5/slice_4.png","1","train","LIDC-IDRI-0450","412","5"
"processed_data/series_412_nodule_5/slice_5.png","1","train","LIDC-IDRI-0450","412","5"
"processed_data/series_416_nodule_0/slice_12.png","1","train","LIDC-IDRI-0454","416","0"
"processed_data/series_416_nodule_0/slice_13.png","1","train","LIDC-IDRI-0454","416","0"
"processed_data/series_416_nodule_0/slice_14.png","1","train","LIDC-IDRI-0454","416","0"
"processed_data/series_416_nodule_0/slice_15.png","1","train","LIDC-IDRI-0454","416","0"
"processed_data/series_416_nodule_0/slice_16.png","1","train","LIDC-IDRI-0454","416","0"
"processed_data/series_416_nodule_0/slice_17.png","1","train","LIDC-IDRI-0454","416","0"
"processed_data/series_416_nodule_0/slice_2.png","1","train","LIDC-IDRI-0454","416","0"
"processed_data/series_416_nodule_0/slice_3.png","1","train","LIDC-IDRI-0454","416","0"
"processed_data/series_416_nodule_0/slice_4.png","1","train","LIDC-IDRI-0454","416","0"
"processed_data/series_416_nodule_0/slice_5.png","1","train","LIDC-IDRI-0454","416","0"
"processed_data/series_416_nodule_2/slice_1.png","1","train","LIDC-IDRI-0454","416","2"
"processed_data/series_416_nodule_2/slice_2.png","1","train","LIDC-IDRI-0454","416","2"
"processed_data/series_416_nodule_2/slice_3.png","1","train","LIDC-IDRI-0454","416","2"
"processed_data/series_417_nodule_0/slice_1.png","0","val","LIDC-IDRI-0456","417","0"
"processed_data/series_417_nodule_0/slice_2.png","0","val","LIDC-IDRI-0456","417","0"
"processed_data/series_417_nodule_1/slice_11.png","0","val","LIDC-IDRI-0456","417","1"
"processed_data/series_417_nodule_1/slice_2.png","0","val","LIDC-IDRI-0456","417","1"
"processed_data/series_417_nodule_1/slice_3.png","0","val","LIDC-IDRI-0456","417","1"
"processed_data/series_417_nodule_1/slice_4.png","0","val","LIDC-IDRI-0456","417","1"
"processed_data/series_417_nodule_1/slice_5.png","0","val","LIDC-IDRI-0456","417","1"
"processed_data/series_417_nodule_1/slice_6.png","0","val","LIDC-IDRI-0456","417","1"
"processed_data/series_417_nodule_2/slice_1.png","0","val","LIDC-IDRI-0456","417","2"
"processed_data/series_417_nodule_2/slice_2.png","0","val","LIDC-IDRI-0456","417","2"
"processed_data/series_417_nodule_2/slice_3.png","0","val","LIDC-IDRI-0456","417","2"
"processed_data/series_423_nodule_0/slice_2.png","0","train","LIDC-IDRI-0463","423","0"
"processed_data/series_423_nodule_0/slice_3.png","0","train","LIDC-IDRI-0463","423","0"
"processed_data/series_423_nodule_0/slice_4.png","0","train","LIDC-IDRI-0463","423","0"
"processed_data/series_423_nodule_0/slice_5.png","0","train","LIDC-IDRI-0463","423","0"
"processed_data/series_425_nodule_0/slice_1.png","0","train","LIDC-IDRI-0466","425","0"
"processed_data/series_425_nodule_0/slice_2.png","0","train","LIDC-IDRI-0466","425","0"
"processed_data/series_429_nodule_0/slice_12.png","1","train","LIDC-IDRI-0470","429","0"
"processed_data/series_429_nodule_0/slice_13.png","1","train","LIDC-IDRI-0470","429","0"
"processed_data/series_429_nodule_0/slice_14.png","1","train","LIDC-IDRI-0470","429","0"
"processed_data/series_429_nodule_0/slice_15.png","1","train","LIDC-IDRI-0470","429","0"
"processed_data/series_429_nodule_0/slice_16.png","1","train","LIDC-IDRI-0470","429","0"
"processed_data/series_429_nodule_0/slice_17.png","1","train","LIDC-IDRI-0470","429","0"
"processed_data/series_429_nodule_0/slice_2.png","1","train","LIDC-IDRI-0470","429","0"
"processed_data/series_429_nodule_0/slice_3.png","1","train","LIDC-IDRI-0470","429","0"
"processed_data/series_429_nodule_0/slice_4.png","1","train","LIDC-IDRI-0470","429","0"
"processed_data/series_429_nodule_0/slice_5.png","1","train","LIDC-IDRI-0470","429","0"
"processed_data/series_432_nodule_0/slice_1.png","0","train","LIDC-IDRI-0473","432","0"
"processed_data/series_432_nodule_0/slice_2.png","0","train","LIDC-IDRI-0473","432","0"
"processed_data/series_432_nodule_0/slice_3.png","0","train","LIDC-IDRI-0473","432","0"
"processed_data/series_432_nodule_1/slice_1.png","0","train","LIDC-IDRI-0473","432","1"
"processed_data/series_432_nodule_1/slice_2.png","0","train","LIDC-IDRI-0473","432","1"
"processed_data/series_432_nodule_1/slice_3.png","0","train","LIDC-IDRI-0473","432","1"
"processed_data/series_432_nodule_2/slice_0.png","0","train","LIDC-IDRI-0473","432","2"
"processed_data/series_432_nodule_2/slice_1.png","0","train","LIDC-IDRI-0473","432","2"
"processed_data/series_433_nodule_0/slice_1.png","0","train","LIDC-IDRI-0474","433","0"
"processed_data/series_433_nodule_0/slice_2.png","0","train","LIDC-IDRI-0474","433","0"
"processed_data/series_436_nodule_0/slice_1.png","0","train","LIDC-IDRI-0478","436","0"
"processed_data/series_436_nodule_0/slice_2.png","0","train","LIDC-IDRI-0478","436","0"
"processed_data/series_436_nodule_0/slice_3.png","0","train","LIDC-IDRI-0478","436","0"
"processed_data/series_439_nodule_0/slice_1.png","0","train","LIDC-IDRI-0481","439","0"
"processed_data/series_439_nodule_0/slice_2.png","0","train","LIDC-IDRI-0481","439","0"
"processed_data/series_439_nodule_3/slice_0.png","0","train","LIDC-IDRI-0481","439","3"
"processed_data/series_439_nodule_3/slice_1.png","0","train","LIDC-IDRI-0481","439","3"
"processed_data/series_439_nodule_3/slice_2.png","0","train","LIDC-IDRI-0481","439","3"
"processed_data/series_441_nodule_0/slice_1.png","1","train","LIDC-IDRI-0484","441","0"
"processed_data/series_441_nodule_0/slice_2.png","1","train","LIDC-IDRI-0484","441","0"
"processed_data/series_441_nodule_0/slice_3.png","1","train","LIDC-IDRI-0484","441","0"
"processed_data/series_441_nodule_0/slice_4.png","1","train","LIDC-IDRI-0484","441","0"
"processed_data/series_442_nodule_0/slice_1.png","1","train","LIDC-IDRI-0484","442","0"
"processed_data/series_442_nodule_0/slice_2.png","1","train","LIDC-IDRI-0484","442","0"
"processed_data/series_442_nodule_0/slice_3.png","1","train","LIDC-IDRI-0484","442","0"
"processed_data/series_442_nodule_0/slice_4.png","1","train","LIDC-IDRI-0484","442","0"
"processed_data/series_443_nodule_0/slice_0.png","0","val","LIDC-IDRI-0485","443","0"
"processed_data/series_443_nodule_0/slice_1.png","0","val","LIDC-IDRI-0485","443","0"
"processed_data/series_443_nodule_0/slice_2.png","0","val","LIDC-IDRI-0485","443","0"
"processed_data/series_443_nodule_3/slice_0.png","0","val","LIDC-IDRI-0485","443","3"
"processed_data/series_443_nodule_3/slice_1.png","0","val","LIDC-IDRI-0485","443","3"
"processed_data/series_446_nodule_0/slice_1.png","0","train","LIDC-IDRI-0488","446","0"
"processed_data/series_446_nodule_0/slice_2.png","0","train","LIDC-IDRI-0488","446","0"
"processed_data/series_446_nodule_0/slice_3.png","0","train","LIDC-IDRI-0488","446","0"
"processed_data/series_446_nodule_0/slice_4.png","0","train","LIDC-IDRI-0488","446","0"
"processed_data/series_446_nodule_0/slice_5.png","0","train","LIDC-IDRI-0488","446","0"
"processed_data/series_447_nodule_0/slice_2.png","1","test","LIDC-IDRI-0489","447","0"
"processed_data/series_447_nodule_0/slice_3.png","1","test","LIDC-IDRI-0489","447","0"
"processed_data/series_447_nodule_0/slice_4.png","1","test","LIDC-IDRI-0489","447","0"
"processed_data/series_447_nodule_0/slice_5.png","1","test","LIDC-IDRI-0489","447","0"
"processed_data/series_447_nodule_0/slice_6.png","1","test","LIDC-IDRI-0489","447","0"
"processed_data/series_447_nodule_1/slice_1.png","1","test","LIDC-IDRI-0489","447","1"
"processed_data/series_447_nodule_1/slice_2.png","1","test","LIDC-IDRI-0489","447","1"
"processed_data/series_447_nodule_1/slice_3.png","1","test","LIDC-IDRI-0489","447","1"
"processed_data/series_447_nodule_2/slice_1.png","1","test","LIDC-IDRI-0489","447","2"
"processed_data/series_447_nodule_2/slice_2.png","1","test","LIDC-IDRI-0489","447","2"
"processed_data/series_447_nodule_2/slice_3.png","1","test","LIDC-IDRI-0489","447","2"
"processed_data/series_447_nodule_2/slice_4.png","1","test","LIDC-IDRI-0489","447","2"
"processed_data/series_447_nodule_7/slice_2.png","1","test","LIDC-IDRI-0489","447","7"
"processed_data/series_447_nodule_7/slice_3.png","1","test","LIDC-IDRI-0489","447","7"
"processed_data/series_447_nodule_7/slice_4.png","1","test","LIDC-IDRI-0489","447","7"
"processed_data/series_447_nodule_7/slice_5.png","1","test","LIDC-IDRI-0489","447","7"
"processed_data/series_448_nodule_0/slice_15.png","1","train","LIDC-IDRI-0490","448","0"
"processed_data/series_448_nodule_0/slice_16.png","1","train","LIDC-IDRI-0490","448","0"
"processed_data/series_448_nodule_0/slice_17.png","1","train","LIDC-IDRI-0490","448","0"
"processed_data/series_448_nodule_0/slice_18.png","1","train","LIDC-IDRI-0490","448","0"
"processed_data/series_448_nodule_0/slice_19.png","1","train","LIDC-IDRI-0490","448","0"
"processed_data/series_448_nodule_0/slice_2.png","1","train","LIDC-IDRI-0490","448","0"
"processed_data/series_448_nodule_0/slice_20.png","1","train","LIDC-IDRI-0490","448","0"
"processed_data/series_448_nodule_0/slice_21.png","1","train","LIDC-IDRI-0490","448","0"
"processed_data/series_448_nodule_0/slice_22.png","1","train","LIDC-IDRI-0490","448","0"
"processed_data/series_448_nodule_0/slice_23.png","1","train","LIDC-IDRI-0490","448","0"
"processed_data/series_448_nodule_0/slice_24.png","1","train","LIDC-IDRI-0490","448","0"
"processed_data/series_448_nodule_0/slice_25.png","1","train","LIDC-IDRI-0490","448","0"
"processed_data/series_448_nodule_0/slice_26.png","1","train","LIDC-IDRI-0490","448","0"
"processed_data/series_448_nodule_0/slice_27.png","1","train","LIDC-IDRI-0490","448","0"
"processed_data/series_448_nodule_0/slice_28.png","1","train","LIDC-IDRI-0490","448","0"
"processed_data/series_448_nodule_0/slice_29.png","1","train","LIDC-IDRI-0490","448","0"
"processed_data/series_448_nodule_0/slice_3.png","1","train","LIDC-IDRI-0490","448","0"
"processed_data/series_449_nodule_0/slice_1.png","0","val","LIDC-IDRI-0491","449","0"
"processed_data/series_449_nodule_0/slice_2.png","0","val","LIDC-IDRI-0491","449","0"
"processed_data/series_449_nodule_0/slice_3.png","0","val","LIDC-IDRI-0491","449","0"
"processed_data/series_449_nodule_1/slice_1.png","0","val","LIDC-IDRI-0491","449","1"
"processed_data/series_449_nodule_1/slice_2.png","0","val","LIDC-IDRI-0491","449","1"
"processed_data/series_449_nodule_1/slice_3.png","0","val","LIDC-IDRI-0491","449","1"
"processed_data/series_449_nodule_2/slice_1.png","0","val","LIDC-IDRI-0491","449","2"
"processed_data/series_449_nodule_2/slice_2.png","0","val","LIDC-IDRI-0491","449","2"
"processed_data/series_449_nodule_2/slice_3.png","0","val","LIDC-IDRI-0491","449","2"
"processed_data/series_449_nodule_2/slice_4.png","0","val","LIDC-IDRI-0491","449","2"
"processed_data/series_449_nodule_3/slice_1.png","0","val","LIDC-IDRI-0491","449","3"
"processed_data/series_449_nodule_3/slice_2.png","0","val","LIDC-IDRI-0491","449","3"
"processed_data/series_449_nodule_3/slice_3.png","0","val","LIDC-IDRI-0491","449","3"
"processed_data/series_449_nodule_3/slice_4.png","0","val","LIDC-IDRI-0491","449","3"
"processed_data/series_449_nodule_5/slice_2.png","0","val","LIDC-IDRI-0491","449","5"
"processed_data/series_449_nodule_5/slice_3.png","0","val","LIDC-IDRI-0491","449","5"
"processed_data/series_449_nodule_5/slice_4.png","0","val","LIDC-IDRI-0491","449","5"
"processed_data/series_449_nodule_5/slice_5.png","0","val","LIDC-IDRI-0491","449","5"
"processed_data/series_449_nodule_5/slice_6.png","0","val","LIDC-IDRI-0491","449","5"
"processed_data/series_450_nodule_0/slice_1.png","0","train","LIDC-IDRI-0492","450","0"
"processed_data/series_450_nodule_0/slice_2.png","0","train","LIDC-IDRI-0492","450","0"
"processed_data/series_450_nodule_1/slice_0.png","0","train","LIDC-IDRI-0492","450","1"
"processed_data/series_450_nodule_1/slice_1.png","0","train","LIDC-IDRI-0492","450","1"
"processed_data/series_450_nodule_1/slice_2.png","0","train","LIDC-IDRI-0492","450","1"
"processed_data/series_450_nodule_3/slice_0.png","0","train","LIDC-IDRI-0492","450","3"
"processed_data/series_450_nodule_3/slice_1.png","0","train","LIDC-IDRI-0492","450","3"
"processed_data/series_450_nodule_3/slice_2.png","0","train","LIDC-IDRI-0492","450","3"
"processed_data/series_451_nodule_0/slice_0.png","0","train","LIDC-IDRI-0493","451","0"
"processed_data/series_451_nodule_0/slice_1.png","0","train","LIDC-IDRI-0493","451","0"
"processed_data/series_451_nodule_0/slice_2.png","0","train","LIDC-IDRI-0493","451","0"
"processed_data/series_455_nodule_2/slice_0.png","0","train","LIDC-IDRI-0499","455","2"
"processed_data/series_455_nodule_2/slice_1.png","0","train","LIDC-IDRI-0499","455","2"
"processed_data/series_462_nodule_0/slice_2.png","1","train","LIDC-IDRI-0507","462","0"
"processed_data/series_462_nodule_0/slice_3.png","1","train","LIDC-IDRI-0507","462","0"
"processed_data/series_462_nodule_0/slice_4.png","1","train","LIDC-IDRI-0507","462","0"
"processed_data/series_462_nodule_0/slice_5.png","1","train","LIDC-IDRI-0507","462","0"
"processed_data/series_462_nodule_0/slice_6.png","1","train","LIDC-IDRI-0507","462","0"
"processed_data/series_462_nodule_0/slice_7.png","1","train","LIDC-IDRI-0507","462","0"
"processed_data/series_463_nodule_0/slice_12.png","1","test","LIDC-IDRI-0508","463","0"
"processed_data/series_463_nodule_0/slice_13.png","1","test","LIDC-IDRI-0508","463","0"
"processed_data/series_463_nodule_0/slice_14.png","1","test","LIDC-IDRI-0508","463","0"
"processed_data/series_463_nodule_0/slice_15.png","1","test","LIDC-IDRI-0508","463","0"
"processed_data/series_463_nodule_0/slice_16.png","1","test","LIDC-IDRI-0508","463","0"
"processed_data/series_463_nodule_0/slice_2.png","1","test","LIDC-IDRI-0508","463","0"
"processed_data/series_463_nodule_0/slice_3.png","1","test","LIDC-IDRI-0508","463","0"
"processed_data/series_463_nodule_0/slice_4.png","1","test","LIDC-IDRI-0508","463","0"
"processed_data/series_463_nodule_0/slice_5.png","1","test","LIDC-IDRI-0508","463","0"
"processed_data/series_470_nodule_0/slice_11.png","1","test","LIDC-IDRI-0515","470","0"
"processed_data/series_470_nodule_0/slice_12.png","1","test","LIDC-IDRI-0515","470","0"
"processed_data/series_470_nodule_0/slice_13.png","1","test","LIDC-IDRI-0515","470","0"
"processed_data/series_470_nodule_0/slice_2.png","1","test","LIDC-IDRI-0515","470","0"
"processed_data/series_470_nodule_0/slice_3.png","1","test","LIDC-IDRI-0515","470","0"
"processed_data/series_470_nodule_0/slice_4.png","1","test","LIDC-IDRI-0515","470","0"
"processed_data/series_470_nodule_0/slice_5.png","1","test","LIDC-IDRI-0515","470","0"
"processed_data/series_470_nodule_0/slice_6.png","1","test","LIDC-IDRI-0515","470","0"
"processed_data/series_473_nodule_1/slice_0.png","0","val","LIDC-IDRI-0518","473","1"
"processed_data/series_473_nodule_1/slice_1.png","0","val","LIDC-IDRI-0518","473","1"
"processed_data/series_479_nodule_0/slice_1.png","1","train","LIDC-IDRI-0526","479","0"
"processed_data/series_479_nodule_0/slice_2.png","1","train","LIDC-IDRI-0526","479","0"
"processed_data/series_479_nodule_0/slice_3.png","1","train","LIDC-IDRI-0526","479","0"
"processed_data/series_479_nodule_0/slice_4.png","1","train","LIDC-IDRI-0526","479","0"
"processed_data/series_479_nodule_0/slice_5.png","1","train","LIDC-IDRI-0526","479","0"
"processed_data/series_479_nodule_2/slice_1.png","1","train","LIDC-IDRI-0526","479","2"
"processed_data/series_479_nodule_2/slice_2.png","1","train","LIDC-IDRI-0526","479","2"
"processed_data/series_479_nodule_2/slice_3.png","1","train","LIDC-IDRI-0526","479","2"
"processed_data/series_479_nodule_2/slice_4.png","1","train","LIDC-IDRI-0526","479","2"
"processed_data/series_482_nodule_0/slice_1.png","0","val","LIDC-IDRI-0529","482","0"
"processed_data/series_482_nodule_0/slice_2.png","0","val","LIDC-IDRI-0529","482","0"
"processed_data/series_482_nodule_0/slice_3.png","0","val","LIDC-IDRI-0529","482","0"
"processed_data/series_482_nodule_0/slice_4.png","0","val","LIDC-IDRI-0529","482","0"
"processed_data/series_483_nodule_1/slice_1.png","0","val","LIDC-IDRI-0530","483","1"
"processed_data/series_483_nodule_1/slice_2.png","0","val","LIDC-IDRI-0530","483","1"
"processed_data/series_483_nodule_1/slice_3.png","0","val","LIDC-IDRI-0530","483","1"
"processed_data/series_483_nodule_1/slice_4.png","0","val","LIDC-IDRI-0530","483","1"
"processed_data/series_483_nodule_1/slice_5.png","0","val","LIDC-IDRI-0530","483","1"
"processed_data/series_487_nodule_0/slice_0.png","0","train","LIDC-IDRI-0534","487","0"
"processed_data/series_487_nodule_0/slice_1.png","0","train","LIDC-IDRI-0534","487","0"
"processed_data/series_487_nodule_0/slice_2.png","0","train","LIDC-IDRI-0534","487","0"
"processed_data/series_493_nodule_0/slice_0.png","0","train","LIDC-IDRI-0541","493","0"
"processed_data/series_493_nodule_0/slice_1.png","0","train","LIDC-IDRI-0541","493","0"
"processed_data/series_494_nodule_0/slice_1.png","0","train","LIDC-IDRI-0542","494","0"
"processed_data/series_494_nodule_0/slice_2.png","0","train","LIDC-IDRI-0542","494","0"
"processed_data/series_494_nodule_0/slice_3.png","0","train","LIDC-IDRI-0542","494","0"
"processed_data/series_494_nodule_0/slice_4.png","0","train","LIDC-IDRI-0542","494","0"
"processed_data/series_494_nodule_0/slice_5.png","0","train","LIDC-IDRI-0542","494","0"
"processed_data/series_495_nodule_0/slice_13.png","1","train","LIDC-IDRI-0543","495","0"
"processed_data/series_495_nodule_0/slice_14.png","1","train","LIDC-IDRI-0543","495","0"
"processed_data/series_495_nodule_0/slice_15.png","1","train","LIDC-IDRI-0543","495","0"
"processed_data/series_495_nodule_0/slice_16.png","1","train","LIDC-IDRI-0543","495","0"
"processed_data/series_495_nodule_0/slice_17.png","1","train","LIDC-IDRI-0543","495","0"
"processed_data/series_495_nodule_0/slice_18.png","1","train","LIDC-IDRI-0543","495","0"
"processed_data/series_495_nodule_0/slice_19.png","1","train","LIDC-IDRI-0543","495","0"
"processed_data/series_495_nodule_0/slice_2.png","1","train","LIDC-IDRI-0543","495","0"
"processed_data/series_495_nodule_0/slice_20.png","1","train","LIDC-IDRI-0543","495","0"
"processed_data/series_495_nodule_0/slice_21.png","1","train","LIDC-IDRI-0543","495","0"
"processed_data/series_495_nodule_0/slice_22.png","1","train","LIDC-IDRI-0543","495","0"
"processed_data/series_495_nodule_0/slice_3.png","1","train","LIDC-IDRI-0543","495","0"
"processed_data/series_495_nodule_0/slice_4.png","1","train","LIDC-IDRI-0543","495","0"
"processed_data/series_498_nodule_0/slice_12.png","1","train","LIDC-IDRI-0546","498","0"
"processed_data/series_498_nodule_0/slice_13.png","1","train","LIDC-IDRI-0546","498","0"
"processed_data/series_498_nodule_0/slice_14.png","1","train","LIDC-IDRI-0546","498","0"
"processed_data/series_498_nodule_0/slice_15.png","1","train","LIDC-IDRI-0546","498","0"
"processed_data/series_498_nodule_0/slice_16.png","1","train","LIDC-IDRI-0546","498","0"
"processed_data/series_498_nodule_0/slice_17.png","1","train","LIDC-IDRI-0546","498","0"
"processed_data/series_498_nodule_0/slice_2.png","1","train","LIDC-IDRI-0546","498","0"
"processed_data/series_498_nodule_0/slice_3.png","1","train","LIDC-IDRI-0546","498","0"
"processed_data/series_498_nodule_0/slice_4.png","1","train","LIDC-IDRI-0546","498","0"
"processed_data/series_498_nodule_0/slice_5.png","1","train","LIDC-IDRI-0546","498","0"
"processed_data/series_499_nodule_1/slice_1.png","0","test","LIDC-IDRI-0547","499","1"
"processed_data/series_499_nodule_1/slice_2.png","0","test","LIDC-IDRI-0547","499","1"
"processed_data/series_499_nodule_1/slice_3.png","0","test","LIDC-IDRI-0547","499","1"
"processed_data/series_499_nodule_1/slice_4.png","0","test","LIDC-IDRI-0547","499","1"
"processed_data/series_503_nodule_0/slice_0.png","1","val","LIDC-IDRI-0552","503","0"
"processed_data/series_503_nodule_0/slice_1.png","1","val","LIDC-IDRI-0552","503","0"
"processed_data/series_503_nodule_0/slice_2.png","1","val","LIDC-IDRI-0552","503","0"
"processed_data/series_510_nodule_0/slice_0.png","0","train","LIDC-IDRI-0559","510","0"
"processed_data/series_510_nodule_0/slice_1.png","0","train","LIDC-IDRI-0559","510","0"
"processed_data/series_510_nodule_1/slice_0.png","0","train","LIDC-IDRI-0559","510","1"
"processed_data/series_510_nodule_1/slice_1.png","0","train","LIDC-IDRI-0559","510","1"
"processed_data/series_516_nodule_2/slice_2.png","1","test","LIDC-IDRI-0565","516","2"
"processed_data/series_516_nodule_2/slice_3.png","1","test","LIDC-IDRI-0565","516","2"
"processed_data/series_516_nodule_2/slice_4.png","1","test","LIDC-IDRI-0565","516","2"
"processed_data/series_516_nodule_2/slice_5.png","1","test","LIDC-IDRI-0565","516","2"
"processed_data/series_516_nodule_2/slice_6.png","1","test","LIDC-IDRI-0565","516","2"
"processed_data/series_516_nodule_3/slice_0.png","0","test","LIDC-IDRI-0565","516","3"
"processed_data/series_516_nodule_3/slice_1.png","0","test","LIDC-IDRI-0565","516","3"
"processed_data/series_516_nodule_4/slice_1.png","0","test","LIDC-IDRI-0565","516","4"
"processed_data/series_516_nodule_4/slice_2.png","0","test","LIDC-IDRI-0565","516","4"
"processed_data/series_516_nodule_5/slice_0.png","0","test","LIDC-IDRI-0565","516","5"
"processed_data/series_516_nodule_5/slice_1.png","0","test","LIDC-IDRI-0565","516","5"
"processed_data/series_516_nodule_5/slice_2.png","0","test","LIDC-IDRI-0565","516","5"
"processed_data/series_517_nodule_0/slice_0.png","0","train","LIDC-IDRI-0567","517","0"
"processed_data/series_517_nodule_0/slice_1.png","0","train","LIDC-IDRI-0567","517","0"
"processed_data/series_517_nodule_0/slice_2.png","0","train","LIDC-IDRI-0567","517","0"
"processed_data/series_518_nodule_0/slice_1.png","0","val","LIDC-IDRI-0568","518","0"
"processed_data/series_518_nodule_0/slice_2.png","0","val","LIDC-IDRI-0568","518","0"
"processed_data/series_518_nodule_2/slice_1.png","0","val","LIDC-IDRI-0568","518","2"
"processed_data/series_518_nodule_2/slice_2.png","0","val","LIDC-IDRI-0568","518","2"
"processed_data/series_518_nodule_2/slice_3.png","0","val","LIDC-IDRI-0568","518","2"
"processed_data/series_519_nodule_1/slice_0.png","0","val","LIDC-IDRI-0569","519","1"
"processed_data/series_519_nodule_1/slice_1.png","0","val","LIDC-IDRI-0569","519","1"
"processed_data/series_519_nodule_1/slice_2.png","0","val","LIDC-IDRI-0569","519","1"
"processed_data/series_519_nodule_3/slice_0.png","0","val","LIDC-IDRI-0569","519","3"
"processed_data/series_519_nodule_3/slice_1.png","0","val","LIDC-IDRI-0569","519","3"
"processed_data/series_522_nodule_0/slice_11.png","0","test","LIDC-IDRI-0572","522","0"
"processed_data/series_522_nodule_0/slice_2.png","0","test","LIDC-IDRI-0572","522","0"
"processed_data/series_522_nodule_0/slice_3.png","0","test","LIDC-IDRI-0572","522","0"
"processed_data/series_522_nodule_0/slice_4.png","0","test","LIDC-IDRI-0572","522","0"
"processed_data/series_522_nodule_0/slice_5.png","0","test","LIDC-IDRI-0572","522","0"
"processed_data/series_522_nodule_0/slice_6.png","0","test","LIDC-IDRI-0572","522","0"
"processed_data/series_526_nodule_2/slice_11.png","1","train","LIDC-IDRI-0576","526","2"
"processed_data/series_526_nodule_2/slice_2.png","1","train","LIDC-IDRI-0576","526","2"
"processed_data/series_526_nodule_2/slice_3.png","1","train","LIDC-IDRI-0576","526","2"
"processed_data/series_526_nodule_2/slice_4.png","1","train","LIDC-IDRI-0576","526","2"
"processed_data/series_526_nodule_2/slice_5.png","1","train","LIDC-IDRI-0576","526","2"
"processed_data/series_526_nodule_2/slice_6.png","1","train","LIDC-IDRI-0576","526","2"
"processed_data/series_526_nodule_3/slice_0.png","0","train","LIDC-IDRI-0576","526","3"
"processed_data/series_526_nodule_3/slice_1.png","0","train","LIDC-IDRI-0576","526","3"
"processed_data/series_526_nodule_3/slice_2.png","0","train","LIDC-IDRI-0576","526","3"
"processed_data/series_527_nodule_0/slice_0.png","0","train","LIDC-IDRI-0577","527","0"
"processed_data/series_527_nodule_0/slice_1.png","0","train","LIDC-IDRI-0577","527","0"
"processed_data/series_527_nodule_0/slice_2.png","0","train","LIDC-IDRI-0577","527","0"
"processed_data/series_532_nodule_0/slice_1.png","0","val","LIDC-IDRI-0582","532","0"
"processed_data/series_532_nodule_0/slice_2.png","0","val","LIDC-IDRI-0582","532","0"
"processed_data/series_532_nodule_0/slice_3.png","0","val","LIDC-IDRI-0582","532","0"
"processed_data/series_532_nodule_0/slice_4.png","0","val","LIDC-IDRI-0582","532","0"
"processed_data/series_532_nodule_5/slice_0.png","0","val","LIDC-IDRI-0582","532","5"
"processed_data/series_532_nodule_5/slice_1.png","0","val","LIDC-IDRI-0582","532","5"
"processed_data/series_533_nodule_0/slice_1.png","0","train","LIDC-IDRI-0583","533","0"
"processed_data/series_533_nodule_0/slice_2.png","0","train","LIDC-IDRI-0583","533","0"
"processed_data/series_533_nodule_0/slice_3.png","0","train","LIDC-IDRI-0583","533","0"
"processed_data/series_533_nodule_0/slice_4.png","0","train","LIDC-IDRI-0583","533","0"
"processed_data/series_533_nodule_4/slice_0.png","0","train","LIDC-IDRI-0583","533","4"
"processed_data/series_533_nodule_4/slice_1.png","0","train","LIDC-IDRI-0583","533","4"
"processed_data/series_533_nodule_4/slice_2.png","0","train","LIDC-IDRI-0583","533","4"
"processed_data/series_539_nodule_0/slice_2.png","1","train","LIDC-IDRI-0590","539","0"
"processed_data/series_539_nodule_0/slice_3.png","1","train","LIDC-IDRI-0590","539","0"
"processed_data/series_539_nodule_0/slice_4.png","1","train","LIDC-IDRI-0590","539","0"
"processed_data/series_539_nodule_0/slice_5.png","1","train","LIDC-IDRI-0590","539","0"
"processed_data/series_539_nodule_0/slice_6.png","1","train","LIDC-IDRI-0590","539","0"
"processed_data/series_539_nodule_0/slice_7.png","1","train","LIDC-IDRI-0590","539","0"
